Feature_Groups,RMSE,R2_Score,MSE
RGB,4.660426760129439,0.09786914877111741,21.71957758653058
LAB,4.102971004888957,0.3007780450593498,16.834371066959495
HSV,4.450615901359334,0.1772679969177956,19.80798190143256
GLCM,4.924087389994045,-0.007093201982005803,24.246636624298365
LBP,4.357196711733587,0.21144408281715743,18.985163184741985
Yellow,7.47279925317615,-1.3194488086505376,55.84272867827002
Cyan,5.051051586262745,-0.059697155265546975,25.513122127087392
Magenta,5.359847334620457,-0.19322680279417348,28.72796345043802
Brightness,5.332708186207534,-0.18117378242398585,28.437776599244845
Chroma,6.591290603703951,-0.8045091141390317,43.445111822475994
RGB + LAB,4.021265131246264,0.328349137639772,16.170573255777036
RGB + HSV,4.402889928473743,0.1948184457818416,19.385439722255526
RGB + GLCM,4.554590343367297,0.1383779539727561,20.744293195894635
RGB + LBP,4.421482214093168,0.18800393382357872,19.549504969542227
RGB + Yellow,4.660426760129445,0.09786914877111508,21.719577586530637
RGB + Cyan,4.660426760129474,0.09786914877110375,21.719577586530907
RGB + Magenta,4.66042676012937,0.09786914877114394,21.71957758652994
RGB + Brightness,4.660426760129455,0.09786914877111141,21.719577586530725
RGB + Chroma,4.508166364438888,0.15585310116058193,20.323563969458142
LAB + HSV,4.000949472303282,0.3351184312192165,16.007596679923914
LAB + GLCM,3.9985651904911874,0.3359106395137279,15.988523582607826
LAB + LBP,3.742080199262456,0.41837328993651046,14.003164217712143
LAB + Yellow,4.10331142358134,0.3006620129948946,16.837164638893128
LAB + Cyan,4.001786551751083,0.3348401888060284,16.014295605775825
LAB + Magenta,4.084720535249488,0.3069846439296444,16.684941851088865
LAB + Brightness,4.051283630342674,0.3182840441872028,16.412899053482512
LAB + Chroma,4.168765521235247,0.2781730429440743,17.378605971039775
HSV + GLCM,4.451072534836823,0.17709916354430777,19.8120467103787
HSV + LBP,4.127686054343227,0.29232887306252353,17.037792163219564
HSV + Yellow,4.507415216691851,0.15613438013968728,20.316791935665243
HSV + Cyan,4.39796670822191,0.19661811369042836,19.342111166628264
HSV + Magenta,4.262690226016665,0.2452802641665921,18.17052796297801
HSV + Brightness,4.499479792653371,0.15910306022829102,20.24531840449603
HSV + Chroma,4.519519482066578,0.15159604150860928,20.426056348779344
GLCM + LBP,4.44492985327232,0.1793688771107793,19.757401400511483
GLCM + Yellow,4.910273494712487,-0.001450586433753509,24.11078579287598
GLCM + Cyan,4.915814631640641,-0.0037120921905253734,24.165233492652217
GLCM + Magenta,4.715126072300482,0.07656829989228808,22.232413877687765
GLCM + Brightness,4.7230248386784055,0.07347184793168304,22.306963626773182
GLCM + Chroma,4.951534542332175,-0.01835168582255986,24.517694323908703
LBP + Yellow,4.1362404085409405,0.28939263115421865,17.108484717246927
LBP + Cyan,4.383550426969754,0.20187636041708135,19.215514345786712
LBP + Magenta,4.305434935184863,0.23006826373715705,18.536769981110282
LBP + Brightness,4.353855899772472,0.21265284490226244,18.95606119598356
LBP + Chroma,4.349295433364122,0.21430140186101543,18.916370766682004
Yellow + Cyan,5.374681353574406,-0.19984073853507867,28.88719965246041
Yellow + Magenta,5.074788123214301,-0.06968028158844031,25.75347449551693
Yellow + Brightness,5.158155773682069,-0.10511396623012126,26.606570985569668
Yellow + Chroma,5.694922121362286,-0.34708108921662384,32.43213796838152
Cyan + Magenta,5.222517490306684,-0.1328644974476938,27.274688936559222
Cyan + Brightness,5.273536016685066,-0.15510640886727223,27.810182119274586
Cyan + Chroma,5.17443400730755,-0.112100063454172,26.77476729598087
Magenta + Brightness,5.448513589128832,-0.23303168676626274,29.686300330921547
Magenta + Chroma,5.177785321515248,-0.11354107271842473,26.809460835698765
Brightness + Chroma,5.249826039595291,-0.14474297196791697,27.560673446012782
RGB + LAB + HSV,3.915816194131312,0.36311245373079004,15.33361646622103
RGB + LAB + GLCM,3.9725669256774823,0.3445182485132532,15.781287978986644
RGB + LAB + LBP,3.6411019633882686,0.44933960466286293,13.257623507789903
RGB + LAB + Yellow,4.021265131246445,0.3283491376397115,16.170573255778493
RGB + LAB + Cyan,4.021265131246652,0.32834913763964246,16.170573255780155
RGB + LAB + Magenta,4.0212651312454275,0.3283491376400517,16.170573255770304
RGB + LAB + Brightness,4.021265131246139,0.328349137639814,16.170573255776027
RGB + LAB + Chroma,4.024488432801429,0.3272719637331417,16.196507145752506
RGB + HSV + GLCM,4.200061044388843,0.2672946449414071,17.640512776592693
RGB + HSV + LBP,3.8500092513873634,0.38433891022737976,14.822571235768287
RGB + HSV + Yellow,4.402889928473817,0.1948184457818145,19.385439722256177
RGB + HSV + Cyan,4.402889928473822,0.1948184457818125,19.385439722256223
RGB + HSV + Magenta,4.402889928473694,0.19481844578185947,19.385439722255093
RGB + HSV + Brightness,4.402889928473744,0.19481844578184127,19.38543972225553
RGB + HSV + Chroma,4.411174429731135,0.1917855272410498,19.458459849513808
RGB + GLCM + LBP,4.163887311891426,0.2798613906119103,17.337957546130408
RGB + GLCM + Yellow,4.554590343367345,0.1383779539727379,20.744293195895075
RGB + GLCM + Cyan,4.554590343367311,0.1383779539727512,20.744293195894755
RGB + GLCM + Magenta,4.55459034336736,0.13837795397273256,20.744293195895203
RGB + GLCM + Brightness,4.554590343367325,0.13837795397274555,20.74429319589489
RGB + GLCM + Chroma,4.395103040934939,0.19766399219451236,19.31693074043555
RGB + LBP + Yellow,4.421482214096444,0.1880039338223758,19.54950496957119
RGB + LBP + Cyan,4.421482214130485,0.18800393380987257,19.549504969872217
RGB + LBP + Magenta,4.421482214093864,0.18800393382332325,19.549504969548376
RGB + LBP + Brightness,4.421482214072293,0.18800393383124603,19.54950496935763
RGB + LBP + Chroma,4.2528701430485345,0.24875359818365617,18.086904453633665
RGB + Yellow + Cyan,4.660426760129401,0.09786914877113195,21.719577586530228
RGB + Yellow + Magenta,4.660426760129423,0.09786914877112374,21.719577586530427
RGB + Yellow + Brightness,4.66042676012947,0.09786914877110564,21.719577586530864
RGB + Yellow + Chroma,4.508166364438939,0.15585310116056283,20.3235639694586
RGB + Cyan + Magenta,4.660426760129374,0.09786914877114283,21.71957758652997
RGB + Cyan + Brightness,4.660426760129445,0.09786914877111508,21.719577586530637
RGB + Cyan + Chroma,4.508166364438896,0.15585310116057904,20.32356396945821
RGB + Magenta + Brightness,4.660426760129464,0.09786914877110775,21.719577586530814
RGB + Magenta + Chroma,4.508166364438859,0.15585310116059292,20.323563969457876
RGB + Brightness + Chroma,4.508166364438879,0.15585310116058515,20.323563969458064
LAB + HSV + GLCM,3.94257659089866,0.3543778251752785,15.5439101751021
LAB + HSV + LBP,3.46633932231566,0.5009313286538313,12.015508297431788
LAB + HSV + Yellow,4.0051084722325445,0.33373541968363385,16.04089387434891
LAB + HSV + Cyan,3.971209236603196,0.344966214955738,15.77050280088254
LAB + HSV + Magenta,3.9587942798303595,0.3490553998910808,15.672052150017574
LAB + HSV + Brightness,3.9539496733496073,0.3506476224729471,15.633718019381465
LAB + HSV + Chroma,3.9877858571178573,0.3394863179896357,15.902436042229205
LAB + GLCM + LBP,3.502784898611396,0.49038160246161155,12.269502045940047
LAB + GLCM + Yellow,3.994074135904923,0.33740156764699225,15.95262820310466
LAB + GLCM + Cyan,3.932758500590239,0.35758937175178385,15.466589423964784
LAB + GLCM + Magenta,4.029665637866348,0.3255400212667846,16.2382051530008
LAB + GLCM + Brightness,4.005261653756976,0.33368445408482195,16.042120915056064
LAB + GLCM + Chroma,4.023175609124332,0.32771079180261575,16.185941981852938
LAB + LBP + Yellow,3.67195222511034,0.4399688233071386,13.483233143492775
LAB + LBP + Cyan,3.568320673499822,0.47113367733019096,12.732912428926225
LAB + LBP + Magenta,3.7901834651542554,0.40332392278552787,14.365490699528719
LAB + LBP + Brightness,3.762856605122011,0.4118968607600201,14.159089830710345
LAB + LBP + Chroma,3.8156866684201507,0.3952671373357427,14.55946475155927
LAB + Yellow + Cyan,3.9795446240535237,0.34221355692643807,15.836775414833303
LAB + Yellow + Magenta,4.129250841509717,0.29179222149574713,17.050712512108703
LAB + Yellow + Brightness,4.062156066522238,0.31462008995398183,16.50111190878342
LAB + Yellow + Chroma,4.181087528123846,0.27389959478326553,17.481492917832767
LAB + Cyan + Magenta,4.015528775290982,0.33026399789317973,16.1244713451899
LAB + Cyan + Brightness,4.001847169339714,0.3348200374617891,16.014780766752285
LAB + Cyan + Chroma,3.9679336727559797,0.3460463494839767,15.744497631390757
LAB + Magenta + Brightness,4.018754178972372,0.3291876581896085,16.150385151007907
LAB + Magenta + Chroma,4.168653070816807,0.27821198427967664,17.377668424830393
LAB + Brightness + Chroma,4.119736665842217,0.295052014116458,16.972230195884748
HSV + GLCM + LBP,4.044596599465951,0.32053266157015625,16.358761652411538
HSV + GLCM + Yellow,4.458272160577906,0.17443492048325493,19.876190657783987
HSV + GLCM + Cyan,4.44497778084857,0.17935118006085615,19.75782747223748
HSV + GLCM + Magenta,4.3815873064360416,0.20259106056355447,19.198307323921444
HSV + GLCM + Brightness,4.449006198647957,0.1778630221766322,19.793656155607945
HSV + GLCM + Chroma,4.514921752321737,0.1533213346571105,20.384518429587978
HSV + LBP + Yellow,4.198365334932826,0.2678861623383577,17.62627148556562
HSV + LBP + Cyan,4.078670282826704,0.30903610010358507,16.635551276013665
HSV + LBP + Magenta,3.965330167419462,0.34690423341033827,15.723843336646858
HSV + LBP + Brightness,4.2047318512536265,0.2656640838057466,17.679769940946752
HSV + LBP + Chroma,4.231690388443005,0.2562175432927407,17.907203543640914
HSV + Yellow + Cyan,4.5152882661880644,0.15318386513546345,20.387828126775617
HSV + Yellow + Magenta,4.276791288941667,0.24027874987742304,18.290943729167328
HSV + Yellow + Brightness,4.501624167496325,0.15830135513661603,20.264620145386978
HSV + Yellow + Chroma,4.473036713967214,0.16895778373537196,20.00805744449861
HSV + Cyan + Magenta,4.193620678025161,0.26953998037999816,17.58645439116021
HSV + Cyan + Brightness,4.452825276082314,0.17645095293611446,19.827652939317538
HSV + Cyan + Chroma,4.636964333682252,0.10692964918593229,21.501438231841295
HSV + Magenta + Brightness,4.260314338805903,0.24612134299552735,18.150278265435173
HSV + Magenta + Chroma,4.310960722957151,0.22809066582549897,18.584382354879242
HSV + Brightness + Chroma,4.528495265806627,0.1482228279243356,20.50726937243303
GLCM + LBP + Yellow,4.429796416965545,0.18494729031842227,19.623096295760785
GLCM + LBP + Cyan,4.43639021191322,0.18251905670465152,19.681558112359422
GLCM + LBP + Magenta,4.337792458006595,0.21845192238210398,18.816443408738895
GLCM + LBP + Brightness,4.369397218132776,0.20702185832842812,19.09163204982644
GLCM + LBP + Chroma,4.481071174506769,0.1659696694377676,20.079998870995478
GLCM + Yellow + Cyan,4.854276452979788,0.021260372713346798,23.56399988195404
GLCM + Yellow + Magenta,4.598750170915213,0.12158894163907308,21.148503134492703
GLCM + Yellow + Brightness,4.656459599389809,0.09940436218448212,21.682616000749498
GLCM + Yellow + Chroma,4.9323407654479725,-0.010472055179501671,24.32798542649989
GLCM + Cyan + Magenta,4.705478558706872,0.08034325974486678,22.141528466450104
GLCM + Cyan + Brightness,4.745559667271579,0.06460932281229714,22.520336555634742
GLCM + Cyan + Chroma,4.804825460435925,0.04109983612103285,23.086347705253296
GLCM + Magenta + Brightness,4.781993048794077,0.05019152262003779,22.867457518714875
GLCM + Magenta + Chroma,4.6742196458170655,0.0925213978763807,21.84832929734221
GLCM + Brightness + Chroma,4.738649351695448,0.06733150481338113,22.454797678323693
LBP + Yellow + Cyan,4.3866545699496475,0.20074560253844675,19.242738316060127
LBP + Yellow + Magenta,4.33360071589837,0.21996166040915255,18.780095164834865
LBP + Yellow + Brightness,4.360355287702714,0.21030040411409623,19.012698234997018
LBP + Yellow + Chroma,4.3607975984099845,0.2101401830863543,19.016555694298287
LBP + Cyan + Magenta,4.307755442664729,0.22923809728382338,18.556756953807596
LBP + Cyan + Brightness,4.350752626571797,0.21377483084516746,18.929048417621388
LBP + Cyan + Chroma,4.405337570253142,0.193922968564047,19.40699910788386
LBP + Magenta + Brightness,4.247534343824696,0.25063749551935655,18.04154800197029
LBP + Magenta + Chroma,4.312614625055812,0.22749826545541696,18.598644904245287
LBP + Brightness + Chroma,4.353124894143386,0.21291721143080966,18.94969634401087
Yellow + Cyan + Magenta,4.92895090308888,-0.009083593080363439,24.294557005060682
Yellow + Cyan + Brightness,4.92895090308889,-0.00908359308036788,24.29455700506079
Yellow + Cyan + Chroma,4.799631204656709,0.04317195321545941,23.03645970071441
Yellow + Magenta + Brightness,4.928950903088878,-0.00908359308036255,24.29455700506066
Yellow + Magenta + Chroma,4.847007868852208,0.02418922328542661,23.49348528071522
Yellow + Brightness + Chroma,4.802414200383893,0.04206202611520915,23.063182152048867
Cyan + Magenta + Brightness,4.928950903088868,-0.009083593080358554,24.294557005060565
Cyan + Magenta + Chroma,5.5088536671055035,-0.260493565539188,30.347468725581756
Cyan + Brightness + Chroma,5.341952981144767,-0.18527270336191992,28.536461652761464
Magenta + Brightness + Chroma,5.297569058441565,-0.16565871279379873,28.064237928957446
RGB + LAB + HSV + GLCM,3.760317530105711,0.41269026552983656,14.139987927220316
RGB + LAB + HSV + LBP,3.200662365664152,0.5745016432866533,10.244239578978847
RGB + LAB + HSV + Yellow,3.9158161941297354,0.36311245373130285,15.333616466208685
RGB + LAB + HSV + Cyan,3.9158161941309992,0.3631124537308916,15.333616466218585
RGB + LAB + HSV + Magenta,3.9158161941313447,0.36311245373077927,15.33361646622129
RGB + LAB + HSV + Brightness,3.9158161941326135,0.3631124537303666,15.333616466231225
RGB + LAB + HSV + Chroma,3.9037787952482086,0.3670220784521755,15.239488882229555
RGB + LAB + GLCM + LBP,3.3983150363795143,0.520326821835382,11.548545086483099
RGB + LAB + GLCM + Yellow,3.9725669256763982,0.344518248513611,15.78128797897803
RGB + LAB + GLCM + Cyan,3.972566925676138,0.34451824851369683,15.781287978975964
RGB + LAB + GLCM + Magenta,3.9725669256764906,0.3445182485135805,15.781287978978764
RGB + LAB + GLCM + Brightness,3.972566925675861,0.3445182485137883,15.781287978973761
RGB + LAB + GLCM + Chroma,3.9824491026899533,0.3412530330209882,15.859900855516015
RGB + LAB + LBP + Yellow,3.6411019627528303,0.4493396048550633,13.257623503162513
RGB + LAB + LBP + Cyan,3.641101963108462,0.4493396047474957,13.257623505752296
RGB + LAB + LBP + Magenta,3.6411019625118666,0.44933960492794744,13.257623501407766
RGB + LAB + LBP + Brightness,3.6411019626923107,0.44933960487336866,13.257623502721797
RGB + LAB + LBP + Chroma,3.6476202446677597,0.44736626131331203,13.305133449310086
RGB + LAB + Yellow + Cyan,4.021265131246429,0.32834913763971696,16.170573255778365
RGB + LAB + Yellow + Magenta,4.021265131246265,0.3283491376397718,16.170573255777043
RGB + LAB + Yellow + Brightness,4.021265131246366,0.32834913763973816,16.170573255777853
RGB + LAB + Yellow + Chroma,4.024488432801811,0.32727196373301404,16.19650714575558
RGB + LAB + Cyan + Magenta,4.021265131244552,0.32834913764034435,16.17057325576326
RGB + LAB + Cyan + Brightness,4.021265131246824,0.3283491376395853,16.170573255781534
RGB + LAB + Cyan + Chroma,4.02448843280305,0.3272719637325997,16.19650714576555
RGB + LAB + Magenta + Brightness,4.021265131246075,0.3283491376398354,16.170573255775512
RGB + LAB + Magenta + Chroma,4.024488432801415,0.3272719637331465,16.19650714575239
RGB + LAB + Brightness + Chroma,4.024488432801058,0.3272719637332657,16.196507145749518
RGB + HSV + GLCM + LBP,3.731781457389294,0.421570324918604,13.926192845714562
RGB + HSV + GLCM + Yellow,4.200061044388785,0.26729464494142696,17.640512776592214
RGB + HSV + GLCM + Cyan,4.200061044388749,0.2672946449414395,17.640512776591912
RGB + HSV + GLCM + Magenta,4.200061044388666,0.2672946449414688,17.64051277659121
RGB + HSV + GLCM + Brightness,4.2000610443887405,0.2672946449414424,17.64051277659184
RGB + HSV + GLCM + Chroma,4.166396453332599,0.27899322396040704,17.358859406342457
RGB + HSV + LBP + Yellow,3.850009251365738,0.3843389102342961,14.82257123560177
RGB + HSV + LBP + Cyan,3.8500092513513025,0.38433891023891287,14.822571235490617
RGB + HSV + LBP + Magenta,3.8500092514076605,0.3843389102208882,14.822571235924576
RGB + HSV + LBP + Brightness,3.850009251342309,0.384338910241789,14.82257123542137
RGB + HSV + LBP + Chroma,3.859449422409076,0.3813160232649415,14.895349844133749
RGB + HSV + Yellow + Cyan,4.402889928473744,0.1948184457818415,19.38543972225553
RGB + HSV + Yellow + Magenta,4.402889928473739,0.19481844578184315,19.385439722255487
RGB + HSV + Yellow + Brightness,4.4028899284738365,0.19481844578180751,19.385439722256347
RGB + HSV + Yellow + Chroma,4.41117442973117,0.19178552724103726,19.45845984951411
RGB + HSV + Cyan + Magenta,4.402889928473825,0.19481844578181173,19.385439722256244
RGB + HSV + Cyan + Brightness,4.402889928473715,0.19481844578185192,19.385439722255278
RGB + HSV + Cyan + Chroma,4.411174429731122,0.1917855272410547,19.458459849513687
RGB + HSV + Magenta + Brightness,4.402889928473762,0.19481844578183483,19.385439722255686
RGB + HSV + Magenta + Chroma,4.411174429731142,0.19178552724104725,19.45845984951387
RGB + HSV + Brightness + Chroma,4.411174429731119,0.19178552724105558,19.458459849513666
RGB + GLCM + LBP + Yellow,4.163887311961832,0.2798613905875572,17.33795754671673
RGB + GLCM + LBP + Cyan,4.16388731189465,0.2798613906107952,17.337957546157252
RGB + GLCM + LBP + Magenta,4.163887311937624,0.27986139059593074,17.33795754651513
RGB + GLCM + LBP + Brightness,4.163887311983873,0.2798613905799332,17.337957546900284
RGB + GLCM + LBP + Chroma,4.02117693527185,0.3283785991404369,16.169863944762305
RGB + GLCM + Yellow + Cyan,4.554590343367317,0.13837795397274866,20.744293195894816
RGB + GLCM + Yellow + Magenta,4.5545903433673285,0.13837795397274433,20.744293195894922
RGB + GLCM + Yellow + Brightness,4.5545903433672805,0.1383779539727623,20.744293195894485
RGB + GLCM + Yellow + Chroma,4.395103040934889,0.19766399219453068,19.316930740435108
RGB + GLCM + Cyan + Magenta,4.554590343367349,0.13837795397273667,20.744293195895104
RGB + GLCM + Cyan + Brightness,4.554590343367292,0.1383779539727582,20.744293195894585
RGB + GLCM + Cyan + Chroma,4.395103040934952,0.1976639921945078,19.316930740435662
RGB + GLCM + Magenta + Brightness,4.554590343367324,0.1383779539727461,20.744293195894876
RGB + GLCM + Magenta + Chroma,4.395103040934885,0.19766399219453223,19.316930740435073
RGB + GLCM + Brightness + Chroma,4.3951030409349015,0.19766399219452613,19.31693074043522
RGB + LBP + Yellow + Cyan,4.421482214106846,0.18800393381855485,19.549504969663182
RGB + LBP + Yellow + Magenta,4.42148221409776,0.18800393382189218,19.549504969582834
RGB + LBP + Yellow + Brightness,4.421482214137789,0.18800393380718972,19.549504969936805
RGB + LBP + Yellow + Chroma,4.252870143037973,0.24875359818738751,18.08690445354383
RGB + LBP + Cyan + Magenta,4.4214822140996395,0.18800393382120195,19.54950496959945
RGB + LBP + Cyan + Brightness,4.4214822140789485,0.18800393382880165,19.549504969416482
RGB + LBP + Cyan + Chroma,4.252870143034384,0.2487535981886555,18.086904453513302
RGB + LBP + Magenta + Brightness,4.421482214099221,0.1880039338213555,19.549504969595752
RGB + LBP + Magenta + Chroma,4.252870143085051,0.24875359817075537,18.086904453944264
RGB + LBP + Brightness + Chroma,4.2528701430388125,0.24875359818709086,18.08690445355097
RGB + Yellow + Cyan + Magenta,4.660426760129382,0.09786914877113939,21.71957758653005
RGB + Yellow + Cyan + Brightness,4.660426760129411,0.09786914877112796,21.719577586530324
RGB + Yellow + Cyan + Chroma,4.508166364438908,0.15585310116057471,20.323563969458316
RGB + Yellow + Magenta + Brightness,4.660426760129449,0.0978691487711133,21.719577586530676
RGB + Yellow + Magenta + Chroma,4.5081663644389405,0.15585310116056228,20.323563969458615
RGB + Yellow + Brightness + Chroma,4.508166364438931,0.15585310116056583,20.32356396945853
RGB + Cyan + Magenta + Brightness,4.660426760129432,0.0978691487711204,21.71957758653051
RGB + Cyan + Magenta + Chroma,4.508166364438886,0.1558531011605826,20.323563969458124
RGB + Cyan + Brightness + Chroma,4.508166364438918,0.1558531011605705,20.323563969458416
RGB + Magenta + Brightness + Chroma,4.508166364438851,0.1558531011605958,20.323563969457805
LAB + HSV + GLCM + LBP,3.3848721393598686,0.5241142537412911,11.457359399814655
LAB + HSV + GLCM + Yellow,3.935184162621776,0.3567966703298182,15.485674393749248
LAB + HSV + GLCM + Cyan,3.9216376815527734,0.36121737559110256,15.37924210537461
LAB + HSV + GLCM + Magenta,3.8753274694130004,0.376214932690765,15.018162995186971
LAB + HSV + GLCM + Brightness,3.876137831706222,0.3759540284173417,15.024444490384212
LAB + HSV + GLCM + Chroma,3.9158521748911563,0.36310074950260596,15.333898255599799
LAB + HSV + LBP + Yellow,3.45550636398159,0.5040458201278284,11.940524231517267
LAB + HSV + LBP + Cyan,3.4512872305206694,0.5052561894328258,11.911383547555033
LAB + HSV + LBP + Magenta,3.4474334586410222,0.5063604529543899,11.884797451757601
LAB + HSV + LBP + Brightness,3.4408562562468155,0.5082422412873344,11.83949177615285
LAB + HSV + LBP + Chroma,3.465251615276159,0.5012444863035834,12.00796875717403
LAB + HSV + Yellow + Cyan,3.985486095125427,0.34024793674450937,15.884099414438122
LAB + HSV + Yellow + Magenta,4.032111871466506,0.3247209024627762,16.257926144021127
LAB + HSV + Yellow + Brightness,4.0187777550273545,0.3291797875141014,16.1505746443027
LAB + HSV + Yellow + Chroma,4.000304541297956,0.33533276443248317,16.002436423129044
LAB + HSV + Cyan + Magenta,3.9556368844361316,0.35009332695860507,15.647063161511586
LAB + HSV + Cyan + Brightness,3.957671056542625,0.3494247307313454,15.663160191795217
LAB + HSV + Cyan + Chroma,3.961246011795521,0.3482488735780942,15.691469965965922
LAB + HSV + Magenta + Brightness,3.9547374085756255,0.350388859090344,15.639947970787455
LAB + HSV + Magenta + Chroma,3.9667703431421955,0.3464297491015308,15.735266955232452
LAB + HSV + Brightness + Chroma,3.9611695974197985,0.34827401853245465,15.690864579522929
LAB + GLCM + LBP + Yellow,3.4803585039412823,0.496886322089121,12.112895315956402
LAB + GLCM + LBP + Cyan,3.3902534817879784,0.5225999041635396,11.49381867077551
LAB + GLCM + LBP + Magenta,3.5359697575573317,0.48067976567680726,12.503082126360056
LAB + GLCM + LBP + Brightness,3.5073764741756674,0.48904467479123404,12.301689731600938
LAB + GLCM + LBP + Chroma,3.5499551427440275,0.47656363515262057,12.602181515494769
LAB + GLCM + Yellow + Cyan,3.93032042601318,0.3583856370355567,15.447418651136424
LAB + GLCM + Yellow + Magenta,4.038997405114043,0.32241261978329927,16.313500038517972
LAB + GLCM + Yellow + Brightness,3.9976236319374903,0.3362233543849341,15.980994702625091
LAB + GLCM + Yellow + Chroma,4.023260145586354,0.3276825387240848,16.186622199063528
LAB + GLCM + Cyan + Magenta,3.986322170774057,0.339971102010336,15.890764449204791
LAB + GLCM + Cyan + Brightness,3.9715815173345237,0.3448433970067636,15.773459748833199
LAB + GLCM + Cyan + Chroma,3.9007151298375384,0.368015204198173,15.215578524143483
LAB + GLCM + Magenta + Brightness,3.9913597996604935,0.3383018532962372,15.930953050345854
LAB + GLCM + Magenta + Chroma,4.065837256277166,0.3133773229804683,16.531032594531435
LAB + GLCM + Brightness + Chroma,4.028077712407851,0.3260714703994012,16.22541005719686
LAB + LBP + Yellow + Cyan,3.5692717683214252,0.4708517132907769,12.739700956136355
LAB + LBP + Yellow + Magenta,3.746695777980469,0.41693761816318975,14.037729252736671
LAB + LBP + Yellow + Brightness,3.677344251050071,0.43832287610184606,13.522860740731009
LAB + LBP + Yellow + Chroma,3.739721104118966,0.41910640102337227,13.985513936592781
LAB + LBP + Cyan + Magenta,3.6450252259649227,0.44815229969670456,13.286208897920638
LAB + LBP + Cyan + Brightness,3.623325381414311,0.4547033457382341,13.128486819601164
LAB + LBP + Cyan + Chroma,3.557857894170238,0.4742305398568418,12.658352795109481
LAB + LBP + Magenta + Brightness,3.687661337497829,0.43516679386593626,13.598846140076278
LAB + LBP + Magenta + Chroma,3.87516040399556,0.3762687142961524,15.01686815669503
LAB + LBP + Brightness + Chroma,3.833721275143126,0.3895371632317798,14.697418815485037
LAB + Yellow + Cyan + Magenta,4.116223418980664,0.2962538386372586,16.94329523496487
LAB + Yellow + Cyan + Brightness,4.116223418979961,0.2962538386374993,16.943295234959077
LAB + Yellow + Cyan + Chroma,3.9729896910269655,0.3443787267771131,15.784647085006544
LAB + Yellow + Magenta + Brightness,4.116223418980602,0.29625383863728005,16.943295234964356
LAB + Yellow + Magenta + Chroma,4.116226958998997,0.29625262817070697,16.94332437799013
LAB + Yellow + Brightness + Chroma,4.034776081041089,0.3238282291117375,16.27941802414129
LAB + Cyan + Magenta + Brightness,4.116223418980226,0.2962538386374084,16.943295234961266
LAB + Cyan + Magenta + Chroma,4.0194787907280265,0.328945731309347,16.15620974911244
LAB + Cyan + Brightness + Chroma,4.006876783484301,0.33314695959576235,16.055061558025496
LAB + Magenta + Brightness + Chroma,4.103081961138086,0.30074022656422905,16.83528157981676
HSV + GLCM + LBP + Yellow,3.9819658425298843,0.3414128978886847,15.85605197107473
HSV + GLCM + LBP + Cyan,4.012985053789981,0.33111224596521904,16.104049041941778
HSV + GLCM + LBP + Magenta,4.004109537699569,0.3340677311315231,16.032893189896658
HSV + GLCM + LBP + Brightness,4.016368838524127,0.329983746163503,16.13121864706765
HSV + GLCM + LBP + Chroma,4.0532355887839,0.3176269676133423,16.428718738184365
HSV + GLCM + Yellow + Cyan,4.408837235942095,0.19264174068682083,19.437845773029533
HSV + GLCM + Yellow + Magenta,4.313658950298249,0.22712408839107434,18.60765353948819
HSV + GLCM + Yellow + Brightness,4.452774256888548,0.17646982480513895,19.827198582809363
HSV + GLCM + Yellow + Chroma,4.442008346843643,0.18044727037594455,19.731438153428595
HSV + GLCM + Cyan + Magenta,4.351271190121738,0.21358740027993772,18.93356096998344
HSV + GLCM + Cyan + Brightness,4.445309983220849,0.17922851052879996,19.760780846922945
HSV + GLCM + Cyan + Chroma,4.562953344154699,0.13521088040884233,20.82054322093255
HSV + GLCM + Magenta + Brightness,4.169282762133135,0.2779939100167036,17.382918750620508
HSV + GLCM + Magenta + Chroma,4.3461872564381085,0.21542398260276974,18.88934366802501
HSV + GLCM + Brightness + Chroma,4.515843811645235,0.15297547365744424,20.392845331174566
HSV + LBP + Yellow + Cyan,4.197571610000351,0.2681629567715029,17.619607421080932
HSV + LBP + Yellow + Magenta,3.9323977424255863,0.3577072250344324,15.463752004633847
HSV + LBP + Yellow + Brightness,4.211019252709385,0.2634663138377338,17.73268314668911
HSV + LBP + Yellow + Chroma,4.106577674190146,0.29954821878780435,16.863980194156948
HSV + LBP + Cyan + Magenta,3.883566117030883,0.3735598754792123,15.08208578535033
HSV + LBP + Cyan + Brightness,4.159107450119887,0.2815137827474621,17.29817478164275
HSV + LBP + Cyan + Chroma,4.340157834127403,0.21759934162399663,18.83697002513747
HSV + LBP + Magenta + Brightness,3.8160912714335655,0.39513888272147735,14.562552591911448
HSV + LBP + Magenta + Chroma,3.9706055810951635,0.3451653405497991,15.765708680624062
HSV + LBP + Brightness + Chroma,4.2537585084379295,0.24843971556642863,18.09446144810808
HSV + Yellow + Cyan + Magenta,4.186404557753331,0.2720516773983551,17.525983121177866
HSV + Yellow + Cyan + Brightness,4.186404557753299,0.27205167739836644,17.525983121177596
HSV + Yellow + Cyan + Chroma,4.612638571829635,0.11627526017806578,21.27643459433053
HSV + Yellow + Magenta + Brightness,4.1864045577533435,0.272051677398351,17.525983121177966
HSV + Yellow + Magenta + Chroma,4.320349155629529,0.22472486846526563,18.665416826548785
HSV + Yellow + Brightness + Chroma,4.472320660221796,0.16922383264105478,20.001652087846725
HSV + Cyan + Magenta + Brightness,4.186404557753389,0.27205167739833525,17.525983121178346
HSV + Cyan + Magenta + Chroma,4.385040984669526,0.2013334892367491,19.22858443723149
HSV + Cyan + Brightness + Chroma,4.580307786020024,0.12862020482314407,20.97921941467565
HSV + Magenta + Brightness + Chroma,4.277621675179277,0.23998370470345354,18.298047195963562
GLCM + LBP + Yellow + Cyan,4.429366749798786,0.18510539438087237,19.619289804223055
GLCM + LBP + Yellow + Magenta,4.1953585819725525,0.26893442613784413,17.601033631330747
GLCM + LBP + Yellow + Brightness,4.278742944255091,0.23958521483094752,18.307641183012727
GLCM + LBP + Yellow + Chroma,4.469072385785584,0.17043019023058115,19.972607989391246
GLCM + LBP + Cyan + Magenta,4.3873367374520225,0.20049699952614597,19.248723647796155
GLCM + LBP + Cyan + Brightness,4.425607120922492,0.18648816588509542,19.58599838875987
GLCM + LBP + Cyan + Chroma,4.454594051168081,0.17579655387046567,19.84340816070205
GLCM + LBP + Magenta + Brightness,4.402582387164959,0.194930925514323,19.382731675775112
GLCM + LBP + Magenta + Chroma,4.357694410050505,0.21126392782615178,18.989500571385417
GLCM + LBP + Brightness + Chroma,4.419962970805308,0.18856184973262136,19.536072663290085
GLCM + Yellow + Cyan + Magenta,4.679256660281057,0.09056451691073608,21.89544289278463
GLCM + Yellow + Cyan + Brightness,4.679256660280911,0.09056451691079248,21.895442892783272
GLCM + Yellow + Cyan + Chroma,4.799833754399883,0.04309119310857945,23.038404069876474
GLCM + Yellow + Magenta + Brightness,4.679256660280824,0.09056451691082645,21.895442892782455
GLCM + Yellow + Magenta + Chroma,4.648208011182587,0.10259337724717787,21.605837715221977
GLCM + Yellow + Brightness + Chroma,4.6662350530323575,0.09561909498905197,21.773749570147885
GLCM + Cyan + Magenta + Brightness,4.679256660280917,0.0905645169107907,21.895442892783315
GLCM + Cyan + Magenta + Chroma,4.729661196929307,0.07086627510469301,22.36969503773876
GLCM + Cyan + Brightness + Chroma,4.710945583161762,0.07820502595049195,22.19300828751132
GLCM + Magenta + Brightness + Chroma,4.728620116380089,0.07127526701690046,22.359848205034446
LBP + Yellow + Cyan + Magenta,4.255421187622167,0.24785207155406408,18.10860948406365
LBP + Yellow + Cyan + Brightness,4.255421187622653,0.24785207155389222,18.108609484067788
LBP + Yellow + Cyan + Chroma,4.3512734413039755,0.21358658655978247,18.93358056099734
LBP + Yellow + Magenta + Brightness,4.255421187622015,0.2478520715541176,18.10860948406236
LBP + Yellow + Magenta + Chroma,4.261913582095733,0.2455552525269431,18.163907381252088
LBP + Yellow + Brightness + Chroma,4.267632030973899,0.24352933249128017,18.21268315179441
LBP + Cyan + Magenta + Brightness,4.255421187621959,0.24785207155413735,18.108609484061883
LBP + Cyan + Magenta + Chroma,4.3377562790214,0.21846495919688347,18.816129536189585
LBP + Cyan + Brightness + Chroma,4.328357824185906,0.22184793601820063,18.734681454191346
LBP + Magenta + Brightness + Chroma,4.350941885098628,0.21370642748305813,18.930695287505603
Yellow + Cyan + Magenta + Brightness,4.928950903088885,-0.009083593080365437,24.29455700506073
Yellow + Cyan + Magenta + Chroma,4.9776962766664266,-0.029141160456595205,24.777460222738803
Yellow + Cyan + Brightness + Chroma,4.977696276666387,-0.029141160456578552,24.777460222738405
Yellow + Magenta + Brightness + Chroma,4.9776962766664665,-0.02914116045661186,24.777460222739204
Cyan + Magenta + Brightness + Chroma,4.977696276666381,-0.029141160456576776,24.77746022273836
RGB + LAB + HSV + GLCM + LBP,3.1324605261842575,0.5924420450348855,9.812308948102554
RGB + LAB + HSV + GLCM + Yellow,3.760317530104459,0.4126902655302277,14.139987927210901
RGB + LAB + HSV + GLCM + Cyan,3.7603175301044645,0.41269026553022603,14.139987927210939
RGB + LAB + HSV + GLCM + Magenta,3.7603175301055263,0.4126902655298943,14.139987927218927
RGB + LAB + HSV + GLCM + Brightness,3.7603175301056475,0.41269026552985644,14.139987927219838
RGB + LAB + HSV + GLCM + Chroma,3.757083728553016,0.41369998157618615,14.115678143357831
RGB + LAB + HSV + LBP + Yellow,3.2006623658246265,0.5745016432439862,10.244239580006095
RGB + LAB + HSV + LBP + Cyan,3.2006623661283227,0.574501643163239,10.244239581950154
RGB + LAB + HSV + LBP + Magenta,3.200662365846974,0.5745016432380444,10.244239580149149
RGB + LAB + HSV + LBP + Brightness,3.2006623659695688,0.5745016432054487,10.244239580933918
RGB + LAB + HSV + LBP + Chroma,3.1968341159169524,0.5755188951142054,10.219748364690522
RGB + LAB + HSV + Yellow + Cyan,3.915816194131382,0.36311245373076717,15.333616466221581
RGB + LAB + HSV + Yellow + Magenta,3.9158161941311227,0.36311245373085166,15.33361646621955
RGB + LAB + HSV + Yellow + Brightness,3.915816194130423,0.36311245373107925,15.333616466214067
RGB + LAB + HSV + Yellow + Chroma,3.903778795248748,0.3670220784520004,15.239488882233768
RGB + LAB + HSV + Cyan + Magenta,3.915816194130657,0.3631124537310032,15.3336164662159
RGB + LAB + HSV + Cyan + Brightness,3.9158161941320184,0.3631124537305602,15.333616466226564
RGB + LAB + HSV + Cyan + Chroma,3.903778795247261,0.3670220784524828,15.239488882222156
RGB + LAB + HSV + Magenta + Brightness,3.9158161941305867,0.36311245373102585,15.333616466215354
RGB + LAB + HSV + Magenta + Chroma,3.903778795246691,0.36702207845266754,15.239488882217707
RGB + LAB + HSV + Brightness + Chroma,3.903778795249196,0.3670220784518553,15.239488882237264
RGB + LAB + GLCM + LBP + Yellow,3.3983150368714483,0.5203268216965087,11.548545089826593
RGB + LAB + GLCM + LBP + Cyan,3.398315037555714,0.5203268215033401,11.548545094477292
RGB + LAB + GLCM + LBP + Magenta,3.398315037071986,0.5203268216398966,11.548545091189576
RGB + LAB + GLCM + LBP + Brightness,3.398315037204542,0.5203268216024761,11.548545092090507
RGB + LAB + GLCM + LBP + Chroma,3.4009581773503132,0.5195803713927852,11.566516524085964
RGB + LAB + GLCM + Yellow + Cyan,3.9725669256759972,0.34451824851374335,15.781287978974843
RGB + LAB + GLCM + Yellow + Magenta,3.9725669256752956,0.3445182485139747,15.78128797896927
RGB + LAB + GLCM + Yellow + Brightness,3.972566925676415,0.34451824851360535,15.781287978978165
RGB + LAB + GLCM + Yellow + Chroma,3.9824491026885696,0.34125303302144594,15.859900855504993
RGB + LAB + GLCM + Cyan + Magenta,3.972566925675957,0.3445182485137567,15.781287978974522
RGB + LAB + GLCM + Cyan + Brightness,3.9725669256758587,0.344518248513789,15.781287978973744
RGB + LAB + GLCM + Cyan + Chroma,3.9824491026884234,0.34125303302149435,15.859900855503827
RGB + LAB + GLCM + Magenta + Brightness,3.972566925676983,0.34451824851341784,15.781287978982679
RGB + LAB + GLCM + Magenta + Chroma,3.98244910268891,0.34125303302133325,15.859900855507707
RGB + LAB + GLCM + Brightness + Chroma,3.9824491026883706,0.3412530330215118,15.859900855503406
RGB + LAB + LBP + Yellow + Cyan,3.641101963086208,0.44933960475422696,13.257623505590237
RGB + LAB + LBP + Yellow + Magenta,3.6411019628487518,0.4493396048260502,13.257623503861032
RGB + LAB + LBP + Yellow + Brightness,3.641101962902271,0.449339604809862,13.257623504250773
RGB + LAB + LBP + Yellow + Chroma,3.647620245131423,0.4473662611728171,13.305133452692623
RGB + LAB + LBP + Cyan + Magenta,3.641101962427541,0.44933960495345326,13.25762350079369
RGB + LAB + LBP + Cyan + Brightness,3.6411019627025807,0.44933960487026237,13.257623502796585
RGB + LAB + LBP + Cyan + Chroma,3.6476202452751885,0.4473662611292546,13.305133453741425
RGB + LAB + LBP + Magenta + Brightness,3.6411019630306627,0.44933960477102763,13.257623505185746
RGB + LAB + LBP + Magenta + Chroma,3.647620244808951,0.44736626127052936,13.305133450340113
RGB + LAB + LBP + Brightness + Chroma,3.6476202443083343,0.4473662614222216,13.305133446687993
RGB + LAB + Yellow + Cyan + Magenta,4.0212651312467855,0.32834913763959794,16.17057325578123
RGB + LAB + Yellow + Cyan + Brightness,4.021265131246484,0.3283491376396984,16.17057325577881
RGB + LAB + Yellow + Cyan + Chroma,4.024488432802317,0.32727196373284484,16.19650714575965
RGB + LAB + Yellow + Magenta + Brightness,4.0212651312460785,0.3283491376398341,16.170573255775544
RGB + LAB + Yellow + Magenta + Chroma,4.0244884328019666,0.32727196373296197,16.19650714575683
RGB + LAB + Yellow + Brightness + Chroma,4.024488432801438,0.3272719637331387,16.196507145752577
RGB + LAB + Cyan + Magenta + Brightness,4.021265131246244,0.3283491376397789,16.170573255776873
RGB + LAB + Cyan + Magenta + Chroma,4.02448843280096,0.32727196373329825,16.196507145748733
RGB + LAB + Cyan + Brightness + Chroma,4.024488432800448,0.3272719637334699,16.196507145744604
RGB + LAB + Magenta + Brightness + Chroma,4.024488432801779,0.3272719637330247,16.19650714575532
RGB + HSV + GLCM + LBP + Yellow,3.7317814573832946,0.42157032492046387,13.926192845669785
RGB + HSV + GLCM + LBP + Cyan,3.7317814573262926,0.4215703249381345,13.92619284524435
RGB + HSV + GLCM + LBP + Magenta,3.731781457354022,0.4215703249295384,13.926192845451308
RGB + HSV + GLCM + LBP + Brightness,3.7317814574080312,0.42157032491279545,13.926192845854409
RGB + HSV + GLCM + LBP + Chroma,3.7270717213545796,0.42302943072625654,13.891063616120988
RGB + HSV + GLCM + Yellow + Cyan,4.200061044388525,0.267294644941518,17.640512776590022
RGB + HSV + GLCM + Yellow + Magenta,4.200061044388714,0.26729464494145183,17.640512776591613
RGB + HSV + GLCM + Yellow + Brightness,4.2000610443887805,0.26729464494142874,17.64051277659217
RGB + HSV + GLCM + Yellow + Chroma,4.166396453332923,0.2789932239602948,17.358859406345157
RGB + HSV + GLCM + Cyan + Magenta,4.20006104438862,0.2672946449414848,17.64051277659082
RGB + HSV + GLCM + Cyan + Brightness,4.200061044388652,0.2672946449414736,17.64051277659109
RGB + HSV + GLCM + Cyan + Chroma,4.166396453332732,0.2789932239603611,17.358859406343566
RGB + HSV + GLCM + Magenta + Brightness,4.20006104438852,0.26729464494151944,17.64051277658999
RGB + HSV + GLCM + Magenta + Chroma,4.166396453332823,0.27899322396032966,17.358859406344322
RGB + HSV + GLCM + Brightness + Chroma,4.166396453332648,0.2789932239603903,17.358859406342862
RGB + HSV + LBP + Yellow + Cyan,3.850009251405414,0.3843389102216067,14.822571235907276
RGB + HSV + LBP + Yellow + Magenta,3.850009251388332,0.3843389102270699,14.822571235775746
RGB + HSV + LBP + Yellow + Brightness,3.8500092513823887,0.3843389102289707,14.822571235729981
RGB + HSV + LBP + Yellow + Chroma,3.859449422486646,0.3813160232400721,14.895349844732502
RGB + HSV + LBP + Cyan + Magenta,3.850009251375085,0.3843389102313065,14.822571235673745
RGB + HSV + LBP + Cyan + Brightness,3.850009251353103,0.384338910238337,14.82257123550448
RGB + HSV + LBP + Cyan + Chroma,3.859449422439948,0.38131602325504366,14.89534984437205
RGB + HSV + LBP + Magenta + Brightness,3.8500092513658526,0.38433891023425926,14.822571235602654
RGB + HSV + LBP + Magenta + Chroma,3.8594494224175926,0.38131602326221103,14.895349844199488
RGB + HSV + LBP + Brightness + Chroma,3.8594494224695057,0.38131602324556724,14.8953498446002
RGB + HSV + Yellow + Cyan + Magenta,4.402889928473697,0.19481844578185847,19.385439722255118
RGB + HSV + Yellow + Cyan + Brightness,4.40288992847379,0.19481844578182428,19.385439722255942
RGB + HSV + Yellow + Cyan + Chroma,4.411174429731185,0.1917855272410316,19.458459849514245
RGB + HSV + Yellow + Magenta + Brightness,4.4028899284737415,0.19481844578184226,19.38543972225551
RGB + HSV + Yellow + Magenta + Chroma,4.411174429731132,0.1917855272410507,19.458459849513783
RGB + HSV + Yellow + Brightness + Chroma,4.411174429731161,0.19178552724104048,19.458459849514032
RGB + HSV + Cyan + Magenta + Brightness,4.402889928473779,0.1948184457818285,19.38543972225584
RGB + HSV + Cyan + Magenta + Chroma,4.411174429731084,0.19178552724106845,19.458459849513357
RGB + HSV + Cyan + Brightness + Chroma,4.411174429731118,0.19178552724105624,19.458459849513652
RGB + HSV + Magenta + Brightness + Chroma,4.4111744297311315,0.19178552724105102,19.458459849513776
RGB + GLCM + LBP + Yellow + Cyan,4.1638873119516635,0.2798613905910744,17.33795754663205
RGB + GLCM + LBP + Yellow + Magenta,4.1638873120016,0.27986139057380177,17.337957547047903
RGB + GLCM + LBP + Yellow + Brightness,4.163887311950103,0.2798613905916141,17.337957546619055
RGB + GLCM + LBP + Yellow + Chroma,4.021176935303828,0.328378599129755,16.169863945019483
RGB + GLCM + LBP + Cyan + Magenta,4.163887311949233,0.2798613905919153,17.337957546611804
RGB + GLCM + LBP + Cyan + Brightness,4.163887311969713,0.2798613905848313,17.33795754678236
RGB + GLCM + LBP + Cyan + Chroma,4.0211769353154,0.3283785991258892,16.169863945112553
RGB + GLCM + LBP + Magenta + Brightness,4.163887311934586,0.27986139059698156,17.33795754648983
RGB + GLCM + LBP + Magenta + Chroma,4.021176935281133,0.3283785991373357,16.16986394483697
RGB + GLCM + LBP + Brightness + Chroma,4.021176935304385,0.3283785991295689,16.169863945023963
RGB + GLCM + Yellow + Cyan + Magenta,4.554590343367319,0.138377953972748,20.744293195894834
RGB + GLCM + Yellow + Cyan + Brightness,4.554590343367307,0.13837795397275232,20.744293195894727
RGB + GLCM + Yellow + Cyan + Chroma,4.395103040934918,0.19766399219452002,19.316930740435367
RGB + GLCM + Yellow + Magenta + Brightness,4.554590343367305,0.13837795397275332,20.744293195894706
RGB + GLCM + Yellow + Magenta + Chroma,4.395103040934934,0.19766399219451425,19.316930740435506
RGB + GLCM + Yellow + Brightness + Chroma,4.395103040934983,0.19766399219449637,19.316930740435936
RGB + GLCM + Cyan + Magenta + Brightness,4.554590343367324,0.1383779539727461,20.744293195894876
RGB + GLCM + Cyan + Magenta + Chroma,4.395103040934931,0.19766399219451536,19.316930740435478
RGB + GLCM + Cyan + Brightness + Chroma,4.395103040934982,0.1976639921944966,19.31693074043593
RGB + GLCM + Magenta + Brightness + Chroma,4.395103040934976,0.19766399219449893,19.316930740435875
RGB + LBP + Yellow + Cyan + Magenta,4.421482214102087,0.1880039338203029,19.549504969621097
RGB + LBP + Yellow + Cyan + Brightness,4.421482214110132,0.18800393381734792,19.54950496969224
RGB + LBP + Yellow + Cyan + Chroma,4.2528701430493285,0.24875359818337572,18.086904453640418
RGB + LBP + Yellow + Magenta + Brightness,4.421482214130748,0.18800393380977598,19.54950496987454
RGB + LBP + Yellow + Magenta + Chroma,4.25287014301993,0.24875359819376208,18.086904453390357
RGB + LBP + Yellow + Brightness + Chroma,4.252870143044211,0.24875359818518405,18.086904453596883
RGB + LBP + Cyan + Magenta + Brightness,4.4214822141468035,0.18800393380387903,19.549504970016518
RGB + LBP + Cyan + Magenta + Chroma,4.252870143012195,0.2487535981964949,18.086904453324564
RGB + LBP + Cyan + Brightness + Chroma,4.252870143073521,0.2487535981748289,18.08690445384619
RGB + LBP + Magenta + Brightness + Chroma,4.252870143048344,0.24875359818372345,18.086904453632048
RGB + Yellow + Cyan + Magenta + Brightness,4.6604267601294085,0.09786914877112918,21.719577586530296
RGB + Yellow + Cyan + Magenta + Chroma,4.508166364438893,0.15585310116057993,20.32356396945819
RGB + Yellow + Cyan + Brightness + Chroma,4.508166364438934,0.15585310116056483,20.323563969458554
RGB + Yellow + Magenta + Brightness + Chroma,4.508166364438881,0.1558531011605846,20.32356396945808
RGB + Cyan + Magenta + Brightness + Chroma,4.508166364438983,0.1558531011605464,20.323563969459
LAB + HSV + GLCM + LBP + Yellow,3.3668811708417707,0.5291595801718797,11.335888818568852
LAB + HSV + GLCM + LBP + Cyan,3.3476264985542854,0.5345295082140686,11.206603173822824
LAB + HSV + GLCM + LBP + Magenta,3.348954116710005,0.534160237858297,11.215493675828892
LAB + HSV + GLCM + LBP + Brightness,3.334204670110095,0.5382545001936353,11.116920782183968
LAB + HSV + GLCM + LBP + Chroma,3.389750177576639,0.522741639667788,11.490406266380857
LAB + HSV + GLCM + Yellow + Cyan,3.9152509330974974,0.36329631411178254,15.329189869120825
LAB + HSV + GLCM + Yellow + Magenta,3.925176443464362,0.36006402094368484,15.407010112327539
LAB + HSV + GLCM + Yellow + Brightness,3.9292266932836335,0.3587426852708385,15.438822407212635
LAB + HSV + GLCM + Yellow + Chroma,3.915947832060803,0.3630696325344147,15.334647423421702
LAB + HSV + GLCM + Cyan + Magenta,3.8802962780263455,0.3746143166630167,15.05669920526511
LAB + HSV + GLCM + Cyan + Brightness,3.8826307128292803,0.37386161060476375,15.074821252205204
LAB + HSV + GLCM + Cyan + Chroma,3.8994830733422283,0.36841437100644114,15.20596823928255
LAB + HSV + GLCM + Magenta + Brightness,3.874861907233338,0.3763648004341408,15.014554800127982
LAB + HSV + GLCM + Magenta + Chroma,3.8801888191528446,0.374648954384301,15.055865272278746
LAB + HSV + GLCM + Brightness + Chroma,3.878434434912082,0.37521431759127344,15.0422536659118
LAB + HSV + LBP + Yellow + Cyan,3.4381342920021685,0.509019964907976,11.820767409841253
LAB + HSV + LBP + Yellow + Magenta,3.4888811696022777,0.49441926606214004,12.172291815605357
LAB + HSV + LBP + Yellow + Brightness,3.4668945008454464,0.5007714514036361,12.019357479992395
LAB + HSV + LBP + Yellow + Chroma,3.4568691502351174,0.5036545531211755,11.949944321847262
LAB + HSV + LBP + Cyan + Magenta,3.445017926067268,0.5070519729945794,11.868148510924822
LAB + HSV + LBP + Cyan + Brightness,3.440956298253174,0.5082136454121526,11.840180246488186
LAB + HSV + LBP + Cyan + Chroma,3.450360411212078,0.5055218738092323,11.90498696725958
LAB + HSV + LBP + Magenta + Brightness,3.449756017851737,0.5056950923054871,11.900816582704273
LAB + HSV + LBP + Magenta + Chroma,3.4457388581354267,0.5068456348951682,11.873116278464435
LAB + HSV + LBP + Brightness + Chroma,3.439735290501764,0.508562599807991,11.831778868723257
LAB + HSV + Yellow + Cyan + Magenta,4.032107047662112,0.32472251819787123,16.257887243806476
LAB + HSV + Yellow + Cyan + Brightness,4.0321070476635095,0.32472251819740316,16.25788724381774
LAB + HSV + Yellow + Cyan + Chroma,3.9800083097810344,0.3420602610177528,15.840466145926085
LAB + HSV + Yellow + Magenta + Brightness,4.032107047664856,0.3247225181969522,16.257887243828602
LAB + HSV + Yellow + Magenta + Chroma,4.033562127144475,0.32423505112871964,16.269623433534267
LAB + HSV + Yellow + Brightness + Chroma,4.015141194395447,0.3303932781781671,16.121358810931298
LAB + HSV + Cyan + Magenta + Brightness,4.0321070476614755,0.3247225181980845,16.257887243801342
LAB + HSV + Cyan + Magenta + Chroma,3.9563279012935113,0.3498662405466695,15.65253046255352
LAB + HSV + Cyan + Brightness + Chroma,3.9576860641603857,0.34941979671669976,15.663278982449325
LAB + HSV + Magenta + Brightness + Chroma,3.9621340129896967,0.34795663187065184,15.69850593688984
LAB + GLCM + LBP + Yellow + Cyan,3.3881043873126266,0.5232049637724274,11.47925133932707
LAB + GLCM + LBP + Yellow + Magenta,3.5545565411892324,0.47520581504805726,12.634872204511158
LAB + GLCM + LBP + Yellow + Brightness,3.4873654426018788,0.4948584646874893,12.161717730253798
LAB + GLCM + LBP + Yellow + Chroma,3.519372816121816,0.48554343822509394,12.385985018857202
LAB + GLCM + LBP + Cyan + Magenta,3.445905860957651,0.5067978308276164,11.874267202582292
LAB + GLCM + LBP + Cyan + Brightness,3.428827525295844,0.5116744581293915,11.75685819822642
LAB + GLCM + LBP + Cyan + Chroma,3.3584253133850592,0.531521623688828,11.279020585585533
LAB + GLCM + LBP + Magenta + Brightness,3.4510593668881704,0.5053215160155131,11.909810753786578
LAB + GLCM + LBP + Magenta + Chroma,3.59278045684482,0.4638583829076032,12.908071411086073
LAB + GLCM + LBP + Brightness + Chroma,3.5512028261983284,0.4761956318211513,12.611041512798996
LAB + GLCM + Yellow + Cyan + Magenta,4.044565528216145,0.32054310108756956,16.358510312034348
LAB + GLCM + Yellow + Cyan + Brightness,4.044565528216726,0.3205431010873746,16.35851031203904
LAB + GLCM + Yellow + Cyan + Chroma,3.907991085607061,0.36565533846174414,15.272394325184255
LAB + GLCM + Yellow + Magenta + Brightness,4.044565528216606,0.3205431010874148,16.35851031203807
LAB + GLCM + Yellow + Magenta + Chroma,4.020967243651044,0.3284486431650466,16.168177574514672
LAB + GLCM + Yellow + Brightness + Chroma,3.9698933818946385,0.3454002321225145,15.76005346361085
LAB + GLCM + Cyan + Magenta + Brightness,4.0445655282159745,0.32054310108762707,16.358510312032962
LAB + GLCM + Cyan + Magenta + Chroma,3.968196908717661,0.3459595789669385,15.7465867063564
LAB + GLCM + Cyan + Brightness + Chroma,3.954354107830869,0.35051477610671355,15.63691641011887
LAB + GLCM + Magenta + Brightness + Chroma,4.02069413887298,0.32853986383148936,16.16598135836754
LAB + LBP + Yellow + Cyan + Magenta,3.740104723139524,0.41898721926794513,13.988383340050575
LAB + LBP + Yellow + Cyan + Brightness,3.7401047234988862,0.41898721915629367,13.988383342738679
LAB + LBP + Yellow + Cyan + Chroma,3.5590711140123283,0.4738719068158237,12.666987194596956
LAB + LBP + Yellow + Magenta + Brightness,3.740104722543816,0.41898721945302764,13.988383335594554
LAB + LBP + Yellow + Magenta + Chroma,3.7332307941980707,0.42112094050277515,13.937012162748758
LAB + LBP + Yellow + Brightness + Chroma,3.6510451354339915,0.44632799601655837,13.330130580976212
LAB + LBP + Cyan + Magenta + Brightness,3.7401047223680055,0.4189872195076507,13.988383334279455
LAB + LBP + Cyan + Magenta + Chroma,3.647943701688873,0.44726824607243165,13.307493250691518
LAB + LBP + Cyan + Brightness + Chroma,3.6270631648617746,0.4535777211328812,13.155587201897111
LAB + LBP + Magenta + Brightness + Chroma,3.7880033438266962,0.40401014398540924,14.34896933284223
LAB + Yellow + Cyan + Magenta + Brightness,4.1162234189803275,0.29625383863737376,16.9432952349621
LAB + Yellow + Cyan + Magenta + Chroma,4.09277226691083,0.30424983100391834,16.750784828794416
LAB + Yellow + Cyan + Brightness + Chroma,4.092772266910529,0.3042498310040207,16.75078482879195
LAB + Yellow + Magenta + Brightness + Chroma,4.09277226691091,0.30424983100389114,16.75078482879507
LAB + Cyan + Magenta + Brightness + Chroma,4.092772266910603,0.3042498310039955,16.750784828792558
HSV + GLCM + LBP + Yellow + Cyan,3.9298396223623264,0.3585426072698369,15.443639457488871
HSV + GLCM + LBP + Yellow + Magenta,3.857368787007001,0.3819829105138768,14.879293958975863
HSV + GLCM + LBP + Yellow + Brightness,3.97921607218204,0.3423221663609327,15.83416054911186
HSV + GLCM + LBP + Yellow + Chroma,3.9188655764588534,0.3621201345167947,15.357507406354182
HSV + GLCM + LBP + Cyan + Magenta,3.931636281812659,0.35795594519444673,15.45776385246567
HSV + GLCM + LBP + Cyan + Brightness,3.9940289518579766,0.3374165592111493,15.952267268279728
HSV + GLCM + LBP + Cyan + Chroma,4.069720143035414,0.31206524333307006,16.56262204262819
HSV + GLCM + LBP + Magenta + Brightness,3.60755793660111,0.45943890017897204,13.014474265933659
HSV + GLCM + LBP + Magenta + Chroma,3.8728132373659148,0.3770240677461849,14.998682371516656
HSV + GLCM + LBP + Brightness + Chroma,4.046394295700667,0.31992852353082146,16.373306796278897
HSV + GLCM + Yellow + Cyan + Magenta,4.13884902292865,0.288496027010105,17.130071234597438
HSV + GLCM + Yellow + Cyan + Brightness,4.138849022928636,0.28849602701010957,17.130071234597327
HSV + GLCM + Yellow + Cyan + Chroma,4.502884145928777,0.15783011608303088,20.27596563165674
HSV + GLCM + Yellow + Magenta + Brightness,4.138849022928658,0.28849602701010213,17.130071234597505
HSV + GLCM + Yellow + Magenta + Chroma,4.355974621995183,0.21188636303208164,18.97451490746608
HSV + GLCM + Yellow + Brightness + Chroma,4.4410694378424616,0.1807936921075104,19.723097751738358
HSV + GLCM + Cyan + Magenta + Brightness,4.138849022928698,0.2884960270100886,17.130071234597832
HSV + GLCM + Cyan + Magenta + Chroma,4.283134680122472,0.23802342212905414,18.34524268806783
HSV + GLCM + Cyan + Brightness + Chroma,4.531620967899995,0.1470465782573177,20.535588596710888
HSV + GLCM + Magenta + Brightness + Chroma,4.2365810694976345,0.2544973301039192,17.948619158425718
HSV + LBP + Yellow + Cyan + Magenta,3.7167004724854675,0.42623601228046515,13.813862402173699
HSV + LBP + Yellow + Cyan + Brightness,3.7167004724743413,0.4262360122839004,13.813862402090992
HSV + LBP + Yellow + Cyan + Chroma,4.240929149011543,0.25296629918970603,17.985480046935773
HSV + LBP + Yellow + Magenta + Brightness,3.716700472490025,0.42623601227905805,13.813862402207576
HSV + LBP + Yellow + Magenta + Chroma,3.9661546889449006,0.3466326053340033,15.730383016639623
HSV + LBP + Yellow + Brightness + Chroma,4.115269631860664,0.29657993670828076,16.935444142914605
HSV + LBP + Cyan + Magenta + Brightness,3.716700472504406,0.42623601227461794,13.813862402314477
HSV + LBP + Cyan + Magenta + Chroma,3.973792601404151,0.3441137080602724,15.79102763897437
HSV + LBP + Cyan + Brightness + Chroma,4.308891213114563,0.22883160995719776,18.566543486455892
HSV + LBP + Magenta + Brightness + Chroma,3.821871389125277,0.39330516546143846,14.606700915014377
HSV + Yellow + Cyan + Magenta + Brightness,4.186404557753316,0.27205167739836045,17.525983121177738
HSV + Yellow + Cyan + Magenta + Chroma,4.379838831722634,0.20322734649437724,19.18298819186549
HSV + Yellow + Cyan + Brightness + Chroma,4.379838831722496,0.20322734649442786,19.182988191864272
HSV + Yellow + Magenta + Brightness + Chroma,4.379838831722591,0.20322734649439322,19.182988191865107
HSV + Cyan + Magenta + Brightness + Chroma,4.379838831722616,0.203227346494384,19.182988191865327
GLCM + LBP + Yellow + Cyan + Magenta,4.252415123337803,0.24891434310294158,18.083034381192064
GLCM + LBP + Yellow + Cyan + Brightness,4.2524151257988825,0.248914342233562,18.083034402123126
GLCM + LBP + Yellow + Cyan + Chroma,4.374229158097881,0.2052670435559244,19.133880727553695
GLCM + LBP + Yellow + Magenta + Brightness,4.252415124900736,0.24891434255083367,18.08303439448454
GLCM + LBP + Yellow + Magenta + Chroma,4.220604114057976,0.260109593234897,17.813499087603116
GLCM + LBP + Yellow + Brightness + Chroma,4.24156938940722,0.25274072727481567,17.99091088515634
GLCM + LBP + Cyan + Magenta + Brightness,4.252415126263262,0.24891434206951912,18.0830344060726
GLCM + LBP + Cyan + Magenta + Chroma,4.4356318282314575,0.18279852320227608,19.674829715619943
GLCM + LBP + Cyan + Brightness + Chroma,4.398803121434888,0.1963125074107236,19.34946890114531
GLCM + LBP + Magenta + Brightness + Chroma,4.326563289431356,0.2224930450882815,18.719149897455083
GLCM + Yellow + Cyan + Magenta + Brightness,4.67925666028094,0.09056451691078182,21.89544289278353
GLCM + Yellow + Cyan + Magenta + Chroma,4.893907169124631,0.0052141142957798925,23.950327380009462
GLCM + Yellow + Cyan + Brightness + Chroma,4.893907169124435,0.0052141142958598286,23.95032738000754
GLCM + Yellow + Magenta + Brightness + Chroma,4.893907169124715,0.005214114295745698,23.950327380010282
GLCM + Cyan + Magenta + Brightness + Chroma,4.893907169124464,0.005214114295847616,23.95032738000783
LBP + Yellow + Cyan + Magenta + Brightness,4.255421187621953,0.24785207155413957,18.10860948406183
LBP + Yellow + Cyan + Magenta + Chroma,4.558493506033905,0.1369005468859622,20.779863044553284
LBP + Yellow + Cyan + Brightness + Chroma,4.558493506034186,0.13690054688585618,20.77986304455584
LBP + Yellow + Magenta + Brightness + Chroma,4.558493506033737,0.13690054688602593,20.779863044551753
LBP + Cyan + Magenta + Brightness + Chroma,4.5584935060337965,0.1369005468860035,20.779863044552293
Yellow + Cyan + Magenta + Brightness + Chroma,4.977696276666396,-0.029141160456582993,24.777460222738508
RGB + LAB + HSV + GLCM + LBP + Yellow,3.132460528945981,0.5924420443162414,9.812308965404533
RGB + LAB + HSV + GLCM + LBP + Cyan,3.1324605244677985,0.5924420454815353,9.812308937349076
RGB + LAB + HSV + GLCM + LBP + Magenta,3.1324605272321038,0.5924420447622194,9.812308954667229
RGB + LAB + HSV + GLCM + LBP + Brightness,3.132460525235224,0.5924420452818392,9.812308942156934
RGB + LAB + HSV + GLCM + LBP + Chroma,3.1303437399337075,0.5929926802785834,9.79905193014215
RGB + LAB + HSV + GLCM + Yellow + Cyan,3.760317530102775,0.4126902655307537,14.139987927198236
RGB + LAB + HSV + GLCM + Yellow + Magenta,3.760317530105641,0.41269026552985855,14.139987927219789
RGB + LAB + HSV + GLCM + Yellow + Brightness,3.7603175301023914,0.4126902655308735,14.139987927195351
RGB + LAB + HSV + GLCM + Yellow + Chroma,3.757083728555124,0.41369998157552823,14.115678143373673
RGB + LAB + HSV + GLCM + Cyan + Magenta,3.760317530105478,0.4126902655299094,14.139987927218563
RGB + LAB + HSV + GLCM + Cyan + Brightness,3.7603175301053264,0.4126902655299568,14.139987927217422
RGB + LAB + HSV + GLCM + Cyan + Chroma,3.7570837285521725,0.41369998157644927,14.115678143351495
RGB + LAB + HSV + GLCM + Magenta + Brightness,3.760317530106235,0.4126902655296729,14.139987927224256
RGB + LAB + HSV + GLCM + Magenta + Chroma,3.7570837285544236,0.4136999815757467,14.11567814336841
RGB + LAB + HSV + GLCM + Brightness + Chroma,3.757083728553947,0.4136999815758955,14.115678143364828
RGB + LAB + HSV + LBP + Yellow + Cyan,3.200662365767677,0.5745016432591281,10.244239579641542
RGB + LAB + HSV + LBP + Yellow + Magenta,3.200662365968556,0.5745016432057181,10.244239580927434
RGB + LAB + HSV + LBP + Yellow + Brightness,3.2006623659613447,0.5745016432076353,10.244239580881274
RGB + LAB + HSV + LBP + Yellow + Chroma,3.196834115915587,0.575518895114568,10.219748364681791
RGB + LAB + HSV + LBP + Cyan + Magenta,3.2006623658655067,0.5745016432331169,10.244239580267783
RGB + LAB + HSV + LBP + Cyan + Brightness,3.200662365657638,0.5745016432883854,10.244239578937147
RGB + LAB + HSV + LBP + Cyan + Chroma,3.1968341163307574,0.5755188950043139,10.219748367336255
RGB + LAB + HSV + LBP + Magenta + Brightness,3.2006623660996936,0.574501643170851,10.24423958176689
RGB + LAB + HSV + LBP + Magenta + Chroma,3.1968341163332807,0.5755188950036437,10.219748367352388
RGB + LAB + HSV + LBP + Brightness + Chroma,3.1968341160123805,0.5755188950888631,10.219748365300658
RGB + LAB + HSV + Yellow + Cyan + Magenta,3.915816194132086,0.36311245373053813,15.333616466227095
RGB + LAB + HSV + Yellow + Cyan + Brightness,3.9158161941308776,0.36311245373093126,15.33361646621763
RGB + LAB + HSV + Yellow + Cyan + Chroma,3.9037787952477183,0.3670220784523345,15.239488882225729
RGB + LAB + HSV + Yellow + Magenta + Brightness,3.915816194130871,0.3631124537309335,15.333616466217578
RGB + LAB + HSV + Yellow + Magenta + Chroma,3.903778795247575,0.367022078452381,15.239488882224606
RGB + LAB + HSV + Yellow + Brightness + Chroma,3.9037787952488685,0.36702207845196144,15.239488882234708
RGB + LAB + HSV + Cyan + Magenta + Brightness,3.9158161941302,0.36311245373115175,15.333616466212323
RGB + LAB + HSV + Cyan + Magenta + Chroma,3.903778795249256,0.36702207845183576,15.239488882237735
RGB + LAB + HSV + Cyan + Brightness + Chroma,3.9037787952482486,0.3670220784521625,15.239488882229866
RGB + LAB + HSV + Magenta + Brightness + Chroma,3.903778795249243,0.3670220784518402,15.239488882237628
RGB + LAB + GLCM + LBP + Yellow + Cyan,3.3983150370318924,0.5203268216512152,11.548545090917072
RGB + LAB + GLCM + LBP + Yellow + Magenta,3.3983150372877278,0.5203268215789927,11.54854509265589
RGB + LAB + GLCM + LBP + Yellow + Brightness,3.398315036730558,0.520326821736282,11.548545088869014
RGB + LAB + GLCM + LBP + Yellow + Chroma,3.400958178103854,0.5195803711798948,11.566516529211485
RGB + LAB + GLCM + LBP + Cyan + Magenta,3.398315037094781,0.5203268216334616,11.548545091344504
RGB + LAB + GLCM + LBP + Cyan + Brightness,3.3983150374054585,0.5203268215457573,11.548545093456061
RGB + LAB + GLCM + LBP + Cyan + Chroma,3.4009581784876093,0.5195803710714761,11.566516531821756
RGB + LAB + GLCM + LBP + Magenta + Brightness,3.3983150369143136,0.5203268216844078,11.548545090117932
RGB + LAB + GLCM + LBP + Magenta + Chroma,3.4009581780250557,0.5195803712021568,11.566516528675507
RGB + LAB + GLCM + LBP + Brightness + Chroma,3.400958178158581,0.5195803711644332,11.566516529583735
RGB + LAB + GLCM + Yellow + Cyan + Magenta,3.972566925676976,0.3445182485134203,15.781287978982622
RGB + LAB + GLCM + Yellow + Cyan + Brightness,3.9725669256770884,0.3445182485133832,15.781287978983514
RGB + LAB + GLCM + Yellow + Cyan + Chroma,3.982449102688391,0.341253033021505,15.85990085550357
RGB + LAB + GLCM + Yellow + Magenta + Brightness,3.9725669256758698,0.3445182485137853,15.781287978973833
RGB + LAB + GLCM + Yellow + Magenta + Chroma,3.9824491026912736,0.3412530330205513,15.859900855526531
RGB + LAB + GLCM + Yellow + Brightness + Chroma,3.982449102689799,0.34125303302103926,15.859900855514782
RGB + LAB + GLCM + Cyan + Magenta + Brightness,3.972566925677543,0.3445182485132332,15.781287978987125
RGB + LAB + GLCM + Cyan + Magenta + Chroma,3.9824491026882214,0.3412530330215612,15.85990085550222
RGB + LAB + GLCM + Cyan + Brightness + Chroma,3.982449102687542,0.341253033021786,15.859900855496807
RGB + LAB + GLCM + Magenta + Brightness + Chroma,3.9824491026864557,0.34125303302214527,15.859900855488156
RGB + LAB + LBP + Yellow + Cyan + Magenta,3.641101963025609,0.4493396047725562,13.257623505148944
RGB + LAB + LBP + Yellow + Cyan + Brightness,3.641101963212265,0.4493396047160986,13.25762350650821
RGB + LAB + LBP + Yellow + Cyan + Chroma,3.647620244849825,0.44736626125814416,13.305133450638298
RGB + LAB + LBP + Yellow + Magenta + Brightness,3.6411019624844227,0.44933960493624836,13.257623501207913
RGB + LAB + LBP + Yellow + Magenta + Chroma,3.6476202446789707,0.44736626130991497,13.305133449391873
RGB + LAB + LBP + Yellow + Brightness + Chroma,3.647620244918521,0.4473662612373287,13.305133451139449
RGB + LAB + LBP + Cyan + Magenta + Brightness,3.641101962217056,0.44933960501711845,13.257623499260896
RGB + LAB + LBP + Cyan + Magenta + Chroma,3.6476202438554437,0.44736626155945225,13.305133443384046
RGB + LAB + LBP + Cyan + Brightness + Chroma,3.6476202444899206,0.4473662613671989,13.30513344801271
RGB + LAB + LBP + Magenta + Brightness + Chroma,3.6476202451205473,0.44736626117611256,13.30513345261328
RGB + LAB + Yellow + Cyan + Magenta + Brightness,4.02126513124699,0.3283491376395299,16.17057325578287
RGB + LAB + Yellow + Cyan + Magenta + Chroma,4.02448843280138,0.32727196373315814,16.196507145752108
RGB + LAB + Yellow + Cyan + Brightness + Chroma,4.024488432802062,0.3272719637329302,16.196507145757593
RGB + LAB + Yellow + Magenta + Brightness + Chroma,4.024488432801568,0.3272719637330954,16.196507145753618
RGB + LAB + Cyan + Magenta + Brightness + Chroma,4.024488432801627,0.32727196373307554,16.196507145754097
RGB + HSV + GLCM + LBP + Yellow + Cyan,3.7317814573810657,0.42157032492115476,13.926192845653151
RGB + HSV + GLCM + LBP + Yellow + Magenta,3.73178145738653,0.4215703249194609,13.926192845693935
RGB + HSV + GLCM + LBP + Yellow + Brightness,3.7317814573879216,0.42157032491902946,13.926192845704321
RGB + HSV + GLCM + LBP + Yellow + Chroma,3.727071721338615,0.42302943073119925,13.891063616001988
RGB + HSV + GLCM + LBP + Cyan + Magenta,3.7317814574543133,0.4215703248984479,13.92619284619984
RGB + HSV + GLCM + LBP + Cyan + Brightness,3.7317814574342587,0.42157032490466495,13.92619284605016
RGB + HSV + GLCM + LBP + Cyan + Chroma,3.727071721313743,0.4230294307389,13.891063615816588
RGB + HSV + GLCM + LBP + Magenta + Brightness,3.731781457400557,0.4215703249151125,13.926192845798624
RGB + HSV + GLCM + LBP + Magenta + Chroma,3.7270717213377633,0.42302943073146293,13.89106361599564
RGB + HSV + GLCM + LBP + Brightness + Chroma,3.7270717213768574,0.42302943071935906,13.89106361628705
RGB + HSV + GLCM + Yellow + Cyan + Magenta,4.2000610443886295,0.26729464494148136,17.640512776590906
RGB + HSV + GLCM + Yellow + Cyan + Brightness,4.200061044388625,0.2672946449414829,17.640512776590867
RGB + HSV + GLCM + Yellow + Cyan + Chroma,4.1663964533327125,0.27899322396036785,17.358859406343402
RGB + HSV + GLCM + Yellow + Magenta + Brightness,4.200061044388802,0.2672946449414212,17.640512776592352
RGB + HSV + GLCM + Yellow + Magenta + Chroma,4.16639645333278,0.2789932239603441,17.35885940634397
RGB + HSV + GLCM + Yellow + Brightness + Chroma,4.166396453332746,0.27899322396035586,17.35885940634369
RGB + HSV + GLCM + Cyan + Magenta + Brightness,4.200061044388515,0.26729464494152133,17.64051277658994
RGB + HSV + GLCM + Cyan + Magenta + Chroma,4.166396453332565,0.2789932239604187,17.358859406342177
RGB + HSV + GLCM + Cyan + Brightness + Chroma,4.166396453332755,0.278993223960353,17.358859406343758
RGB + HSV + GLCM + Magenta + Brightness + Chroma,4.166396453332746,0.2789932239603561,17.358859406343683
RGB + HSV + LBP + Yellow + Cyan + Magenta,3.850009251348699,0.3843389102397454,14.822571235470573
RGB + HSV + LBP + Yellow + Cyan + Brightness,3.85000925136285,0.3843389102352196,14.822571235579534
RGB + HSV + LBP + Yellow + Cyan + Chroma,3.8594494224228058,0.3813160232605396,14.89534984423973
RGB + HSV + LBP + Yellow + Magenta + Brightness,3.8500092514141504,0.3843389102188126,14.822571235974547
RGB + HSV + LBP + Yellow + Magenta + Chroma,3.8594494224992912,0.38131602323601776,14.895349844830113
RGB + HSV + LBP + Yellow + Brightness + Chroma,3.859449422515779,0.38131602323073166,14.89534984495738
RGB + HSV + LBP + Cyan + Magenta + Brightness,3.8500092514357727,0.38433891021189726,14.822571236141039
RGB + HSV + LBP + Cyan + Magenta + Chroma,3.8594494224435145,0.38131602325390024,14.895349844399579
RGB + HSV + LBP + Cyan + Brightness + Chroma,3.8594494223581397,0.3813160232812719,14.89534984374058
RGB + HSV + LBP + Magenta + Brightness + Chroma,3.859449422547226,0.3813160232206496,14.895349845200114
RGB + HSV + Yellow + Cyan + Magenta + Brightness,4.4028899284737735,0.1948184457818306,19.38543972225579
RGB + HSV + Yellow + Cyan + Magenta + Chroma,4.411174429731208,0.19178552724102327,19.458459849514444
RGB + HSV + Yellow + Cyan + Brightness + Chroma,4.4111744297311395,0.19178552724104825,19.458459849513844
RGB + HSV + Yellow + Magenta + Brightness + Chroma,4.411174429731038,0.19178552724108544,19.45845984951295
RGB + HSV + Cyan + Magenta + Brightness + Chroma,4.411174429731113,0.19178552724105802,19.458459849513606
RGB + GLCM + LBP + Yellow + Cyan + Magenta,4.163887311938237,0.2798613905957186,17.337957546520236
RGB + GLCM + LBP + Yellow + Cyan + Brightness,4.163887311936814,0.27986139059621096,17.337957546508385
RGB + GLCM + LBP + Yellow + Cyan + Chroma,4.021176935299543,0.32837859913118617,16.169863944985025
RGB + GLCM + LBP + Yellow + Magenta + Brightness,4.163887311950564,0.27986139059145476,17.337957546622892
RGB + GLCM + LBP + Yellow + Magenta + Chroma,4.021176935317921,0.32837859912504697,16.169863945132832
RGB + GLCM + LBP + Yellow + Brightness + Chroma,4.021176935291303,0.32837859913393863,16.169863944918756
RGB + GLCM + LBP + Cyan + Magenta + Brightness,4.163887311923297,0.27986139060088633,17.33795754639582
RGB + GLCM + LBP + Cyan + Magenta + Chroma,4.021176935271304,0.3283785991406194,16.16986394475791
RGB + GLCM + LBP + Cyan + Brightness + Chroma,4.021176935292342,0.3283785991335918,16.16986394492711
RGB + GLCM + LBP + Magenta + Brightness + Chroma,4.021176935314261,0.32837859912626965,16.169863945103394
RGB + GLCM + Yellow + Cyan + Magenta + Brightness,4.554590343367248,0.13837795397277475,20.744293195894187
RGB + GLCM + Yellow + Cyan + Magenta + Chroma,4.395103040934933,0.1976639921945147,19.316930740435495
RGB + GLCM + Yellow + Cyan + Brightness + Chroma,4.395103040934944,0.19766399219451058,19.316930740435595
RGB + GLCM + Yellow + Magenta + Brightness + Chroma,4.395103040934948,0.19766399219450925,19.316930740435623
RGB + GLCM + Cyan + Magenta + Brightness + Chroma,4.39510304093496,0.19766399219450492,19.31693074043573
RGB + LBP + Yellow + Cyan + Magenta + Brightness,4.421482214130407,0.18800393380990132,19.549504969871524
RGB + LBP + Yellow + Cyan + Magenta + Chroma,4.2528701430500355,0.24875359818312626,18.086904453646426
RGB + LBP + Yellow + Cyan + Brightness + Chroma,4.252870143061997,0.2487535981789002,18.08690445374817
RGB + LBP + Yellow + Magenta + Brightness + Chroma,4.252870143019702,0.2487535981938428,18.086904453388414
RGB + LBP + Cyan + Magenta + Brightness + Chroma,4.252870143033484,0.24875359818897347,18.086904453505646
RGB + Yellow + Cyan + Magenta + Brightness + Chroma,4.50816636443891,0.1558531011605736,20.32356396945834
LAB + HSV + GLCM + LBP + Yellow + Cyan,3.3238430238929553,0.5411199567091555,11.047932447481866
LAB + HSV + GLCM + LBP + Yellow + Magenta,3.400092347664599,0.5198249545989111,11.560627972647362
LAB + HSV + GLCM + LBP + Yellow + Brightness,3.368631665453731,0.5286698581802806,11.347679297497576
LAB + HSV + GLCM + LBP + Yellow + Chroma,3.377115646578947,0.5262927556015903,11.40491009036834
LAB + HSV + GLCM + LBP + Cyan + Magenta,3.3387149519056503,0.5370044204124329,11.147017530078347
LAB + HSV + GLCM + LBP + Cyan + Brightness,3.3316969050433762,0.5389488269568607,11.100204267075613
LAB + HSV + GLCM + LBP + Cyan + Chroma,3.351788542538969,0.5333713664848296,11.234486433895505
LAB + HSV + GLCM + LBP + Magenta + Brightness,3.3427368162425504,0.5358882862134464,11.173889422663382
LAB + HSV + GLCM + LBP + Magenta + Chroma,3.3504740582932344,0.5337372939319407,11.225676415295936
LAB + HSV + GLCM + LBP + Brightness + Chroma,3.335611042182513,0.5378648882797299,11.126301024729912
LAB + HSV + GLCM + Yellow + Cyan + Magenta,3.9246383497238426,0.3602394637278955,15.402786176123087
LAB + HSV + GLCM + Yellow + Cyan + Brightness,3.924638349724753,0.36023946372759863,15.402786176130233
LAB + HSV + GLCM + Yellow + Cyan + Chroma,3.899912538497407,0.3682752454086943,15.209317807929292
LAB + HSV + GLCM + Yellow + Magenta + Brightness,3.924638349724941,0.36023946372753746,15.402786176131706
LAB + HSV + GLCM + Yellow + Magenta + Chroma,3.923029247394579,0.36076396002134103,15.390158475913278
LAB + HSV + GLCM + Yellow + Brightness + Chroma,3.9228566765016466,0.36082019774018304,15.388804504373544
LAB + HSV + GLCM + Cyan + Magenta + Brightness,3.9246383497234767,0.36023946372801474,15.402786176120214
LAB + HSV + GLCM + Cyan + Magenta + Chroma,3.8801205192824852,0.37467096930235166,15.055335244156984
LAB + HSV + GLCM + Cyan + Brightness + Chroma,3.8813698851305602,0.37426820319692555,15.065032185198419
LAB + HSV + GLCM + Magenta + Brightness + Chroma,3.8788954392141677,0.37506578033462135,15.04582982835647
LAB + HSV + LBP + Yellow + Cyan + Magenta,3.492406413362865,0.4933970496685839,12.196902556098072
LAB + HSV + LBP + Yellow + Cyan + Brightness,3.492406413070888,0.49339704975329146,12.196902554058665
LAB + HSV + LBP + Yellow + Cyan + Chroma,3.4390153261844976,0.5087683018949334,11.826826413731867
LAB + HSV + LBP + Yellow + Magenta + Brightness,3.492406413242822,0.4933970497034105,12.196902555259594
LAB + HSV + LBP + Yellow + Magenta + Chroma,3.487671922564576,0.49476967412952766,12.163855439445287
LAB + HSV + LBP + Yellow + Brightness + Chroma,3.4664350615699875,0.5009037600185356,12.016172036081723
LAB + HSV + LBP + Cyan + Magenta + Brightness,3.492406413017744,0.49339704976870946,12.196902553687465
LAB + HSV + LBP + Cyan + Magenta + Chroma,3.4435399355567506,0.5074748539401612,11.85796728777419
LAB + HSV + LBP + Cyan + Brightness + Chroma,3.4398224353236997,0.5085376986085608,11.832378386556268
LAB + HSV + LBP + Magenta + Brightness + Chroma,3.4478132519950924,0.5062516814009239,11.887416220632973
LAB + HSV + Yellow + Cyan + Magenta + Brightness,4.032107047663359,0.32472251819745357,16.25788724381653
LAB + HSV + Yellow + Cyan + Magenta + Chroma,4.0339657865612315,0.3240997897762362,16.272879967146572
LAB + HSV + Yellow + Cyan + Brightness + Chroma,4.033965786561051,0.3240997897762965,16.27287996714512
LAB + HSV + Yellow + Magenta + Brightness + Chroma,4.033965786560967,0.3240997897763249,16.272879967144437
LAB + HSV + Cyan + Magenta + Brightness + Chroma,4.033965786556163,0.32409978977793474,16.272879967105677
LAB + GLCM + LBP + Yellow + Cyan + Magenta,3.558286574473127,0.47410383407129375,12.661403346075701
LAB + GLCM + LBP + Yellow + Cyan + Brightness,3.5582865753392805,0.4741038338152678,12.661403352239747
LAB + GLCM + LBP + Yellow + Cyan + Chroma,3.360775518936402,0.5308657176485719,11.294812088682244
LAB + GLCM + LBP + Yellow + Magenta + Brightness,3.558286575376185,0.47410383380435916,12.661403352502381
LAB + GLCM + LBP + Yellow + Magenta + Chroma,3.5392523694459683,0.4797150978870187,12.526307334628902
LAB + GLCM + LBP + Yellow + Brightness + Chroma,3.4581694782690127,0.5032810745431016,11.958936140431376
LAB + GLCM + LBP + Cyan + Magenta + Brightness,3.558286574718562,0.4741038339987458,12.661403347822356
LAB + GLCM + LBP + Cyan + Magenta + Chroma,3.423779601162208,0.5131112266803812,11.72226675733445
LAB + GLCM + LBP + Cyan + Brightness + Chroma,3.4070675440860363,0.5178528018278523,11.608109249964453
LAB + GLCM + LBP + Magenta + Brightness + Chroma,3.4958894865999324,0.4923860475806464,12.221243302519937
LAB + GLCM + Yellow + Cyan + Magenta + Brightness,4.044565528216041,0.32054310108760464,16.358510312033502
LAB + GLCM + Yellow + Cyan + Magenta + Chroma,4.020248460224791,0.3286887131842634,16.162397681939805
LAB + GLCM + Yellow + Cyan + Brightness + Chroma,4.020248460224813,0.32868871318425597,16.162397681939982
LAB + GLCM + Yellow + Magenta + Brightness + Chroma,4.020248460224816,0.32868871318425497,16.162397681940007
LAB + GLCM + Cyan + Magenta + Brightness + Chroma,4.0202484602247175,0.32868871318428794,16.162397681939215
LAB + LBP + Yellow + Cyan + Magenta + Brightness,3.7401047228069935,0.41898721937126016,13.988383337563178
LAB + LBP + Yellow + Cyan + Magenta + Chroma,3.7173943893142805,0.42602174607469745,13.819021045705293
LAB + LBP + Yellow + Cyan + Brightness + Chroma,3.717394388519762,0.4260217463200502,13.819021039798214
LAB + LBP + Yellow + Magenta + Brightness + Chroma,3.7173943887900616,0.42602174623657985,13.819021041807835
LAB + LBP + Cyan + Magenta + Brightness + Chroma,3.7173943884794087,0.42602174633251144,13.819021039498198
LAB + Yellow + Cyan + Magenta + Brightness + Chroma,4.092772266910898,0.30424983100389524,16.75078482879497
HSV + GLCM + LBP + Yellow + Cyan + Magenta,3.5431068539103516,0.47858123011660914,12.553606178226511
HSV + GLCM + LBP + Yellow + Cyan + Brightness,3.5431068539375756,0.47858123010859643,12.553606178419424
HSV + GLCM + LBP + Yellow + Cyan + Chroma,3.9239482455754304,0.36046443354379676,15.397369833954498
HSV + GLCM + LBP + Yellow + Magenta + Brightness,3.5431068539489385,0.478581230105252,12.553606178499944
HSV + GLCM + LBP + Yellow + Magenta + Chroma,3.868008350782138,0.3785689250102394,14.961488601720355
HSV + GLCM + LBP + Yellow + Brightness + Chroma,3.9190139870988108,0.3620718195390107,15.358670631076118
HSV + GLCM + LBP + Cyan + Magenta + Brightness,3.5431068539158384,0.4785812301149943,12.553606178265388
HSV + GLCM + LBP + Cyan + Magenta + Chroma,3.686053541300643,0.4356592136555797,13.586990709335012
HSV + GLCM + LBP + Cyan + Brightness + Chroma,4.050004885379858,0.31871432917645215,16.402539571600713
HSV + GLCM + LBP + Magenta + Brightness + Chroma,3.615872972064739,0.45694415731217275,13.074537350108288
HSV + GLCM + Yellow + Cyan + Magenta + Brightness,4.138849022928621,0.2884960270101147,17.130071234597203
HSV + GLCM + Yellow + Cyan + Magenta + Chroma,4.283048116098751,0.23805422157709866,18.34450116481706
HSV + GLCM + Yellow + Cyan + Brightness + Chroma,4.283048116098667,0.23805422157712874,18.344501164816336
HSV + GLCM + Yellow + Magenta + Brightness + Chroma,4.283048116098868,0.23805422157705702,18.344501164818062
HSV + GLCM + Cyan + Magenta + Brightness + Chroma,4.283048116098751,0.23805422157709877,18.344501164817057
HSV + LBP + Yellow + Cyan + Magenta + Brightness,3.7167004725104063,0.4262360122727654,13.813862402359078
HSV + LBP + Yellow + Cyan + Magenta + Chroma,3.9786858202316036,0.34249743290203827,15.829940856112026
HSV + LBP + Yellow + Cyan + Brightness + Chroma,3.9786858202590114,0.3424974328929795,15.829940856330122
HSV + LBP + Yellow + Magenta + Brightness + Chroma,3.9786858202832343,0.3424974328849736,15.829940856522873
HSV + LBP + Cyan + Magenta + Brightness + Chroma,3.9786858202631166,0.3424974328916227,15.82994085636279
HSV + Yellow + Cyan + Magenta + Brightness + Chroma,4.37983883172257,0.20322734649440066,19.18298819186493
GLCM + LBP + Yellow + Cyan + Magenta + Brightness,4.252415124991305,0.24891434251883982,18.083034395254817
GLCM + LBP + Yellow + Cyan + Magenta + Chroma,4.535399188553841,0.14562369241061246,20.56984579953484
GLCM + LBP + Yellow + Cyan + Brightness + Chroma,4.535399187943445,0.14562369264058483,20.569845793998056
GLCM + LBP + Yellow + Magenta + Brightness + Chroma,4.53539918864258,0.1456236923771792,20.56984580033977
GLCM + LBP + Cyan + Magenta + Brightness + Chroma,4.535399188427763,0.14562369245811346,20.56984579839121
GLCM + Yellow + Cyan + Magenta + Brightness + Chroma,4.89390716912479,0.0052141142957151665,23.95032738001102
LBP + Yellow + Cyan + Magenta + Brightness + Chroma,4.55849350603383,0.13690054688599052,20.779863044552602
RGB + LAB + HSV + GLCM + LBP + Yellow + Cyan,3.132460527194061,0.5924420447721186,9.812308954428895
RGB + LAB + HSV + GLCM + LBP + Yellow + Magenta,3.132460528600988,0.5924420444060139,9.812308963243181
RGB + LAB + HSV + GLCM + LBP + Yellow + Brightness,3.1324605272775274,0.5924420447503993,9.812308954951806
RGB + LAB + HSV + GLCM + LBP + Yellow + Chroma,3.1303437426731553,0.5929926795662175,9.799051947292979
RGB + LAB + HSV + GLCM + LBP + Cyan + Magenta,3.132460525716937,0.5924420451564898,9.812308945174829
RGB + LAB + HSV + GLCM + LBP + Cyan + Brightness,3.132460524672796,0.5924420454281919,9.812308938633366
RGB + LAB + HSV + GLCM + LBP + Cyan + Chroma,3.130343738356622,0.5929926806886888,9.799051920268512
RGB + LAB + HSV + GLCM + LBP + Magenta + Brightness,3.1324605265176357,0.5924420449481352,9.812308950191143
RGB + LAB + HSV + GLCM + LBP + Magenta + Chroma,3.130343740994304,0.592992680002786,9.799051936782213
RGB + LAB + HSV + GLCM + LBP + Brightness + Chroma,3.130343739122448,0.5929926804895435,9.79905192506311
RGB + LAB + HSV + GLCM + Yellow + Cyan + Magenta,3.7603175301033644,0.41269026553056964,14.139987927202668
RGB + LAB + HSV + GLCM + Yellow + Cyan + Brightness,3.7603175301046234,0.4126902655301764,14.139987927212134
RGB + LAB + HSV + GLCM + Yellow + Cyan + Chroma,3.7570837285529244,0.4136999815762147,14.115678143357144
RGB + LAB + HSV + GLCM + Yellow + Magenta + Brightness,3.760317530106544,0.41269026552957644,14.13998792722658
RGB + LAB + HSV + GLCM + Yellow + Magenta + Chroma,3.7570837285546306,0.4136999815756821,14.115678143369966
RGB + LAB + HSV + GLCM + Yellow + Brightness + Chroma,3.757083728554285,0.41369998157579,14.115678143367369
RGB + LAB + HSV + GLCM + Cyan + Magenta + Brightness,3.7603175301049645,0.4126902655300698,14.139987927214701
RGB + LAB + HSV + GLCM + Cyan + Magenta + Chroma,3.757083728552522,0.41369998157634025,14.11567814335412
RGB + LAB + HSV + GLCM + Cyan + Brightness + Chroma,3.757083728554181,0.41369998157582244,14.115678143366587
RGB + LAB + HSV + GLCM + Magenta + Brightness + Chroma,3.7570837285536434,0.4136999815759902,14.115678143362548
RGB + LAB + HSV + LBP + Yellow + Cyan + Magenta,3.200662366052606,0.5745016431833707,10.244239581465466
RGB + LAB + HSV + LBP + Yellow + Cyan + Brightness,3.2006623659385864,0.5745016432136864,10.24423958073559
RGB + LAB + HSV + LBP + Yellow + Cyan + Chroma,3.196834116435358,0.5755188949765357,10.219748368005037
RGB + LAB + HSV + LBP + Yellow + Magenta + Brightness,3.2006623660286286,0.5745016431897458,10.244239581311978
RGB + LAB + HSV + LBP + Yellow + Magenta + Chroma,3.1968341163104883,0.5755188950096966,10.21974836720666
RGB + LAB + HSV + LBP + Yellow + Brightness + Chroma,3.1968341161395353,0.5755188950550956,10.219748366113643
RGB + LAB + HSV + LBP + Cyan + Magenta + Brightness,3.2006623657143454,0.5745016432733079,10.244239579300151
RGB + LAB + HSV + LBP + Cyan + Magenta + Chroma,3.196834116116665,0.5755188950611689,10.219748365967419
RGB + LAB + HSV + LBP + Cyan + Brightness + Chroma,3.1968341158453106,0.5755188951332307,10.21974836423247
RGB + LAB + HSV + LBP + Magenta + Brightness + Chroma,3.196834116213974,0.5755188950353273,10.21974836658958
RGB + LAB + HSV + Yellow + Cyan + Magenta + Brightness,3.915816194130653,0.3631124537310044,15.33361646621587
RGB + LAB + HSV + Yellow + Cyan + Magenta + Chroma,3.9037787952493974,0.3670220784517899,15.239488882238838
RGB + LAB + HSV + Yellow + Cyan + Brightness + Chroma,3.9037787952490928,0.3670220784518887,15.239488882236458
RGB + LAB + HSV + Yellow + Magenta + Brightness + Chroma,3.903778795247408,0.3670220784524352,15.239488882223302
RGB + LAB + HSV + Cyan + Magenta + Brightness + Chroma,3.903778795249089,0.36702207845188994,15.23948888223643
RGB + LAB + GLCM + LBP + Yellow + Cyan + Magenta,3.3983150364113768,0.520326821826387,11.548545086699658
RGB + LAB + GLCM + LBP + Yellow + Cyan + Brightness,3.3983150367000574,0.5203268217448924,11.548545088661712
RGB + LAB + GLCM + LBP + Yellow + Cyan + Chroma,3.4009581782982643,0.5195803711249698,11.56651653053385
RGB + LAB + GLCM + LBP + Yellow + Magenta + Brightness,3.398315037167602,0.5203268216129042,11.548545091839442
RGB + LAB + GLCM + LBP + Yellow + Magenta + Chroma,3.400958178249674,0.5195803711386977,11.566516530203339
RGB + LAB + GLCM + LBP + Yellow + Brightness + Chroma,3.400958178522545,0.5195803710616063,11.566516532059385
RGB + LAB + GLCM + LBP + Cyan + Magenta + Brightness,3.398315036473234,0.5203268218089248,11.548545087120077
RGB + LAB + GLCM + LBP + Cyan + Magenta + Chroma,3.4009581783458693,0.5195803711115206,11.566516530857653
RGB + LAB + GLCM + LBP + Cyan + Brightness + Chroma,3.4009581781075244,0.5195803711788578,11.566516529236452
RGB + LAB + GLCM + LBP + Magenta + Brightness + Chroma,3.4009581776478814,0.5195803713087161,11.566516526109998
RGB + LAB + GLCM + Yellow + Cyan + Magenta + Brightness,3.9725669256758125,0.3445182485138042,15.781287978973378
RGB + LAB + GLCM + Yellow + Cyan + Magenta + Chroma,3.982449102687249,0.3412530330218828,15.859900855494475
RGB + LAB + GLCM + Yellow + Cyan + Brightness + Chroma,3.98244910268771,0.34125303302173027,15.859900855498147
RGB + LAB + GLCM + Yellow + Magenta + Brightness + Chroma,3.9824491026896696,0.341253033021082,15.859900855513754
RGB + LAB + GLCM + Cyan + Magenta + Brightness + Chroma,3.982449102688208,0.3412530330215655,15.859900855502113
RGB + LAB + LBP + Yellow + Cyan + Magenta + Brightness,3.641101962762314,0.4493396048521948,13.257623503231574
RGB + LAB + LBP + Yellow + Cyan + Magenta + Chroma,3.647620244658242,0.44736626131619595,13.305133449240651
RGB + LAB + LBP + Yellow + Cyan + Brightness + Chroma,3.647620244919176,0.4473662612371302,13.305133451144227
RGB + LAB + LBP + Yellow + Magenta + Brightness + Chroma,3.647620244367895,0.447366261404174,13.305133447122502
RGB + LAB + LBP + Cyan + Magenta + Brightness + Chroma,3.6476202446771993,0.44736626131045165,13.305133449378951
RGB + LAB + Yellow + Cyan + Magenta + Brightness + Chroma,4.024488432801364,0.32727196373316325,16.196507145751983
RGB + HSV + GLCM + LBP + Yellow + Cyan + Magenta,3.731781457388305,0.42157032491891067,13.926192845707181
RGB + HSV + GLCM + LBP + Yellow + Cyan + Brightness,3.731781457371924,0.4215703249239887,13.926192845584922
RGB + HSV + GLCM + LBP + Yellow + Cyan + Chroma,3.7270717213351663,0.4230294307322672,13.891063615976279
RGB + HSV + GLCM + LBP + Yellow + Magenta + Brightness,3.7317814573578865,0.42157032492834035,13.926192845480152
RGB + HSV + GLCM + LBP + Yellow + Magenta + Chroma,3.7270717213505846,0.42302943072749344,13.891063616091209
RGB + HSV + GLCM + LBP + Yellow + Brightness + Chroma,3.7270717213369786,0.42302943073170596,13.89106361598979
RGB + HSV + GLCM + LBP + Cyan + Magenta + Brightness,3.7317814573672283,0.42157032492544433,13.926192845549876
RGB + HSV + GLCM + LBP + Cyan + Magenta + Chroma,3.7270717213127074,0.4230294307392207,13.891063615808866
RGB + HSV + GLCM + LBP + Cyan + Brightness + Chroma,3.7270717214230986,0.4230294307050423,13.89106361663174
RGB + HSV + GLCM + LBP + Magenta + Brightness + Chroma,3.7270717213000335,0.4230294307431446,13.891063615714396
RGB + HSV + GLCM + Yellow + Cyan + Magenta + Brightness,4.200061044388632,0.2672946449414805,17.640512776590924
RGB + HSV + GLCM + Yellow + Cyan + Magenta + Chroma,4.166396453332686,0.27899322396037685,17.358859406343186
RGB + HSV + GLCM + Yellow + Cyan + Brightness + Chroma,4.166396453332617,0.2789932239604005,17.358859406342614
RGB + HSV + GLCM + Yellow + Magenta + Brightness + Chroma,4.166396453332752,0.27899322396035375,17.35885940634374
RGB + HSV + GLCM + Cyan + Magenta + Brightness + Chroma,4.166396453332686,0.27899322396037685,17.358859406343186
RGB + HSV + LBP + Yellow + Cyan + Magenta + Brightness,3.850009251393718,0.3843389102253474,14.822571235817216
RGB + HSV + LBP + Yellow + Cyan + Magenta + Chroma,3.859449422463265,0.3813160232475682,14.895349844552028
RGB + HSV + LBP + Yellow + Cyan + Brightness + Chroma,3.859449422470993,0.3813160232450904,14.895349844611681
RGB + HSV + LBP + Yellow + Magenta + Brightness + Chroma,3.8594494224336833,0.38131602325705216,14.895349844323691
RGB + HSV + LBP + Cyan + Magenta + Brightness + Chroma,3.8594494224802216,0.38131602324213176,14.895349844682915
RGB + HSV + Yellow + Cyan + Magenta + Brightness + Chroma,4.411174429731122,0.1917855272410548,19.458459849513684
RGB + GLCM + LBP + Yellow + Cyan + Magenta + Brightness,4.1638873119872,0.27986139057878223,17.337957546927992
RGB + GLCM + LBP + Yellow + Cyan + Magenta + Chroma,4.021176935312956,0.32837859912670564,16.169863945092896
RGB + GLCM + LBP + Yellow + Cyan + Brightness + Chroma,4.021176935304627,0.32837859912948786,16.169863945025913
RGB + GLCM + LBP + Yellow + Magenta + Brightness + Chroma,4.021176935310454,0.3283785991275415,16.169863945072773
RGB + GLCM + LBP + Cyan + Magenta + Brightness + Chroma,4.021176935265256,0.32837859914263956,16.169863944709274
RGB + GLCM + Yellow + Cyan + Magenta + Brightness + Chroma,4.395103040934947,0.1976639921945097,19.316930740435616
RGB + LBP + Yellow + Cyan + Magenta + Brightness + Chroma,4.252870143023054,0.2487535981926582,18.086904453416935
LAB + HSV + GLCM + LBP + Yellow + Cyan + Magenta,3.3998469292000584,0.5198942701099757,11.558959141991068
LAB + HSV + GLCM + LBP + Yellow + Cyan + Brightness,3.399846929348,0.5198942700681929,11.558959142997026
LAB + HSV + GLCM + LBP + Yellow + Cyan + Chroma,3.331452148261321,0.539016564965273,11.098573416154972
LAB + HSV + GLCM + LBP + Yellow + Magenta + Brightness,3.399846929034294,0.5198942701567921,11.55895914086392
LAB + HSV + GLCM + LBP + Yellow + Magenta + Chroma,3.4002605926163163,0.5197774329331212,11.561772097699462
LAB + HSV + GLCM + LBP + Yellow + Brightness + Chroma,3.3696145299359683,0.5283947783950773,11.354302080355597
LAB + HSV + GLCM + LBP + Cyan + Magenta + Brightness,3.3998469293361753,0.5198942700715325,11.55895914291662
LAB + HSV + GLCM + LBP + Cyan + Magenta + Chroma,3.3388779126931127,0.5369592222049386,11.148105715869917
LAB + HSV + GLCM + LBP + Cyan + Brightness + Chroma,3.333155685370001,0.5385449969311623,11.10992682291436
LAB + HSV + GLCM + LBP + Magenta + Brightness + Chroma,3.3438647956939,0.5355750118924862,11.181431771881007
LAB + HSV + GLCM + Yellow + Cyan + Magenta + Brightness,3.924638349723659,0.36023946372795523,15.402786176121648
LAB + HSV + GLCM + Yellow + Cyan + Magenta + Chroma,3.9222780988355326,0.36100872763913416,15.38426548460488
LAB + HSV + GLCM + Yellow + Cyan + Brightness + Chroma,3.922278098835994,0.36100872763898373,15.3842654846085
LAB + HSV + GLCM + Yellow + Magenta + Brightness + Chroma,3.9222780988359287,0.36100872763900504,15.384265484607988
LAB + HSV + GLCM + Cyan + Magenta + Brightness + Chroma,3.9222780988343886,0.36100872763950687,15.384265484595907
LAB + HSV + LBP + Yellow + Cyan + Magenta + Brightness,3.4924064136029584,0.4933970495989288,12.19690255777508
LAB + HSV + LBP + Yellow + Cyan + Magenta + Chroma,3.490702485571913,0.49389126721647414,12.185003842777933
LAB + HSV + LBP + Yellow + Cyan + Brightness + Chroma,3.4907024860417053,0.4938912670802461,12.185003846057741
LAB + HSV + LBP + Yellow + Magenta + Brightness + Chroma,3.4907024861617586,0.4938912670454336,12.185003846895881
LAB + HSV + LBP + Cyan + Magenta + Brightness + Chroma,3.490702485766591,0.4938912671600223,12.185003844137059
LAB + HSV + Yellow + Cyan + Magenta + Brightness + Chroma,4.033965786559416,0.3240997897768444,16.272879967131928
LAB + GLCM + LBP + Yellow + Cyan + Magenta + Brightness,3.5582865747387595,0.47410383399277556,12.661403347966093
LAB + GLCM + LBP + Yellow + Cyan + Magenta + Chroma,3.5316277196054737,0.481954394053109,12.472394349885759
LAB + GLCM + LBP + Yellow + Cyan + Brightness + Chroma,3.5316277191785765,0.48195439417835007,12.472394346870473
LAB + GLCM + LBP + Yellow + Magenta + Brightness + Chroma,3.531627719147648,0.4819543941874237,12.472394346652017
LAB + GLCM + LBP + Cyan + Magenta + Brightness + Chroma,3.53162771900037,0.48195439423063124,12.47239434561176
LAB + GLCM + Yellow + Cyan + Magenta + Brightness + Chroma,4.020248460223924,0.32868871318455295,16.162397681932834
LAB + LBP + Yellow + Cyan + Magenta + Brightness + Chroma,3.717394388752069,0.4260217462483121,13.81902104152537
HSV + GLCM + LBP + Yellow + Cyan + Magenta + Brightness,3.543106853946847,0.4785812301058676,12.553606178485122
HSV + GLCM + LBP + Yellow + Cyan + Magenta + Chroma,3.6724891619744486,0.43980502849138825,13.487176644819789
HSV + GLCM + LBP + Yellow + Cyan + Brightness + Chroma,3.6724891619599447,0.43980502849581304,13.487176644713257
HSV + GLCM + LBP + Yellow + Magenta + Brightness + Chroma,3.672489161948317,0.43980502849936043,13.487176644627851
HSV + GLCM + LBP + Cyan + Magenta + Brightness + Chroma,3.672489161948915,0.439805028499178,13.487176644632243
HSV + GLCM + Yellow + Cyan + Magenta + Brightness + Chroma,4.283048116098836,0.23805422157706846,18.34450116481779
HSV + LBP + Yellow + Cyan + Magenta + Brightness + Chroma,3.978685820296708,0.34249743288052026,15.829940856630088
GLCM + LBP + Yellow + Cyan + Magenta + Brightness + Chroma,4.535399187390779,0.14562369284880639,20.56984578898494
RGB + LAB + HSV + GLCM + LBP + Yellow + Cyan + Magenta,3.132460527537396,0.5924420446827774,9.81230895657986
RGB + LAB + HSV + GLCM + LBP + Yellow + Cyan + Brightness,3.1324605262889995,0.59244204500763,9.812308948758755
RGB + LAB + HSV + GLCM + LBP + Yellow + Cyan + Chroma,3.1303437409950825,0.5929926800025835,9.79905193678709
RGB + LAB + HSV + GLCM + LBP + Yellow + Magenta + Brightness,3.132460528486093,0.5924420444359113,9.812308962523373
RGB + LAB + HSV + GLCM + LBP + Yellow + Magenta + Chroma,3.130343742597427,0.5929926795859097,9.799051946818867
RGB + LAB + HSV + GLCM + LBP + Yellow + Brightness + Chroma,3.1303437407064436,0.5929926800776413,9.79905193498001
RGB + LAB + HSV + GLCM + LBP + Cyan + Magenta + Brightness,3.132460525128065,0.5924420453097234,9.812308941485593
RGB + LAB + HSV + GLCM + LBP + Cyan + Magenta + Chroma,3.1303437398493785,0.5929926803005124,9.799051929614192
RGB + LAB + HSV + GLCM + LBP + Cyan + Brightness + Chroma,3.1303437379573085,0.5929926807925263,9.799051917768535
RGB + LAB + HSV + GLCM + LBP + Magenta + Brightness + Chroma,3.1303437404240326,0.5929926801510794,9.799051933211922
RGB + LAB + HSV + GLCM + Yellow + Cyan + Magenta + Brightness,3.7603175301061347,0.41269026552970434,14.1399879272235
RGB + LAB + HSV + GLCM + Yellow + Cyan + Magenta + Chroma,3.7570837285552248,0.4136999815754967,14.11567814337443
RGB + LAB + HSV + GLCM + Yellow + Cyan + Brightness + Chroma,3.757083728554095,0.4136999815758493,14.11567814336594
RGB + LAB + HSV + GLCM + Yellow + Magenta + Brightness + Chroma,3.7570837285538645,0.41369998157592114,14.11567814336421
RGB + LAB + HSV + GLCM + Cyan + Magenta + Brightness + Chroma,3.7570837285540204,0.4136999815758726,14.115678143365379
RGB + LAB + HSV + LBP + Yellow + Cyan + Magenta + Brightness,3.2006623659088005,0.5745016432216059,10.24423958054492
RGB + LAB + HSV + LBP + Yellow + Cyan + Magenta + Chroma,3.196834116182466,0.5755188950436947,10.219748366388126
RGB + LAB + HSV + LBP + Yellow + Cyan + Brightness + Chroma,3.196834115964448,0.5755188951015922,10.219748364994194
RGB + LAB + HSV + LBP + Yellow + Magenta + Brightness + Chroma,3.1968341162618636,0.5755188950226096,10.219748366895772
RGB + LAB + HSV + LBP + Cyan + Magenta + Brightness + Chroma,3.196834115638442,0.5755188951881676,10.219748362909819
RGB + LAB + HSV + Yellow + Cyan + Magenta + Brightness + Chroma,3.9037787952486034,0.3670220784520474,15.239488882232639
RGB + LAB + GLCM + LBP + Yellow + Cyan + Magenta + Brightness,3.398315036957599,0.5203268216721881,11.548545090412128
RGB + LAB + GLCM + LBP + Yellow + Cyan + Magenta + Chroma,3.4009581781057214,0.5195803711793672,11.566516529224188
RGB + LAB + GLCM + LBP + Yellow + Cyan + Brightness + Chroma,3.40095817855818,0.5195803710515385,11.566516532301774
RGB + LAB + GLCM + LBP + Yellow + Magenta + Brightness + Chroma,3.400958178550786,0.5195803710536274,11.56651653225148
RGB + LAB + GLCM + LBP + Cyan + Magenta + Brightness + Chroma,3.4009581779688727,0.5195803712180297,11.566516528293354
RGB + LAB + GLCM + Yellow + Cyan + Magenta + Brightness + Chroma,3.98244910268726,0.34125303302187926,15.85990085549456
RGB + LAB + LBP + Yellow + Cyan + Magenta + Brightness + Chroma,3.6476202447615598,0.44736626128488943,13.305133449994381
RGB + HSV + GLCM + LBP + Yellow + Cyan + Magenta + Brightness,3.7317814574068144,0.4215703249131727,13.926192845845328
RGB + HSV + GLCM + LBP + Yellow + Cyan + Magenta + Chroma,3.727071721391229,0.4230294307149095,13.89106361639418
RGB + HSV + GLCM + LBP + Yellow + Cyan + Brightness + Chroma,3.7270717216425626,0.42302943063709386,13.891063618267657
RGB + HSV + GLCM + LBP + Yellow + Magenta + Brightness + Chroma,3.727071721383375,0.4230294307173411,13.891063616335634
RGB + HSV + GLCM + LBP + Cyan + Magenta + Brightness + Chroma,3.727071721363987,0.42302943072334387,13.891063616191113
RGB + HSV + GLCM + Yellow + Cyan + Magenta + Brightness + Chroma,4.166396453332746,0.278993223960356,17.358859406343687
RGB + HSV + LBP + Yellow + Cyan + Magenta + Brightness + Chroma,3.8594494224575686,0.3813160232493943,14.895349844508061
RGB + GLCM + LBP + Yellow + Cyan + Magenta + Brightness + Chroma,4.021176935277347,0.3283785991386007,16.169863944806515
LAB + HSV + GLCM + LBP + Yellow + Cyan + Magenta + Brightness,3.3998469290968494,0.5198942701391248,11.558959141289277
LAB + HSV + GLCM + LBP + Yellow + Cyan + Magenta + Chroma,3.400004253095607,0.5198498364323108,11.560028921068218
LAB + HSV + GLCM + LBP + Yellow + Cyan + Brightness + Chroma,3.400004253296262,0.5198498363756376,11.560028922432673
LAB + HSV + GLCM + LBP + Yellow + Magenta + Brightness + Chroma,3.4000042533458052,0.5198498363616447,11.560028922769567
LAB + HSV + GLCM + LBP + Cyan + Magenta + Brightness + Chroma,3.400004253452521,0.5198498363315038,11.560028923495235
LAB + HSV + GLCM + Yellow + Cyan + Magenta + Brightness + Chroma,3.9222780988369603,0.36100872763866887,15.384265484616082
LAB + HSV + LBP + Yellow + Cyan + Magenta + Brightness + Chroma,3.490702486183061,0.49389126703925634,12.185003847044605
LAB + GLCM + LBP + Yellow + Cyan + Magenta + Brightness + Chroma,3.5316277193265657,0.4819543941349337,12.47239434791576
HSV + GLCM + LBP + Yellow + Cyan + Magenta + Brightness + Chroma,3.6724891619403195,0.43980502850180037,13.487176644569109
RGB + LAB + HSV + GLCM + LBP + Yellow + Cyan + Magenta + Brightness,3.132460527142656,0.592442044785495,9.812308954106847
RGB + LAB + HSV + GLCM + LBP + Yellow + Cyan + Magenta + Chroma,3.130343741398787,0.5929926798976042,9.799051939314557
RGB + LAB + HSV + GLCM + LBP + Yellow + Cyan + Brightness + Chroma,3.1303437400690424,0.592992680243391,9.79905193098944
RGB + LAB + HSV + GLCM + LBP + Yellow + Magenta + Brightness + Chroma,3.1303437423350045,0.5929926796541501,9.799051945175922
RGB + LAB + HSV + GLCM + LBP + Cyan + Magenta + Brightness + Chroma,3.130343738889492,0.5929926805501213,9.799051923604644
RGB + LAB + HSV + GLCM + Yellow + Cyan + Magenta + Brightness + Chroma,3.7570837285541363,0.41369998157583643,14.11567814336625
RGB + LAB + HSV + LBP + Yellow + Cyan + Magenta + Brightness + Chroma,3.1968341160799985,0.5755188950709063,10.219748365732984
RGB + LAB + GLCM + LBP + Yellow + Cyan + Magenta + Brightness + Chroma,3.4009581779796108,0.519580371214996,11.566516528366392
RGB + HSV + GLCM + LBP + Yellow + Cyan + Magenta + Brightness + Chroma,3.727071721351365,0.42302943072725185,13.891063616097027
LAB + HSV + GLCM + LBP + Yellow + Cyan + Magenta + Brightness + Chroma,3.400004253451661,0.5198498363317468,11.560028923489385
RGB + LAB + HSV + GLCM + LBP + Yellow + Cyan + Magenta + Brightness + Chroma,3.13034374128034,0.5929926799284051,9.799051938572997
