Filename,GLCM_contrast,GLCM_dissimilarity,GLCM_homogeneity,GLCM_energy,GLCM_correlation,GLCM_ASM,LBP_0,LBP_1,LBP_2,LBP_3,LBP_4,LBP_5,LBP_6,LBP_7,LBP_8,LBP_9
3_10_9.png,32.27435961,2.237745743,0.555999159,0.077750349,0.988612028,0.006045117,665786,1336114,455856,1641228,1315398,2460601,1391244,1747571,4189090,2645432
1_20_6.png,29.18060888,1.719859627,0.698184199,0.362829842,0.994245931,0.131645494,431226,845580,321031,1076141,1015061,1590946,904899,1097477,8899942,1666017
7_10_9.png,17.06894009,1.344895942,0.699010154,0.282717996,0.991448099,0.079929465,425634,914717,304818,1215287,939005,1876957,986761,1259236,8106477,1819428
6_20_10.png,11.36181439,1.175454723,0.712832223,0.338740851,0.991290738,0.114745364,407956,853953,296547,1122048,936557,1687504,913558,1157100,8775372,1697725
6_15_3.png,13.88131131,1.194174572,0.733399622,0.387195403,0.992805659,0.14992028,370655,777155,273173,1046110,894282,1602181,850143,1060555,9440704,1533362
2_20_9.png,33.28711242,1.920339456,0.665620559,0.277155659,0.992900467,0.076815259,452805,924643,340097,1241299,1182544,1881069,1008160,1230443,7780211,1807049
8_15_6.png,14.60313038,1.231286203,0.714171957,0.353909301,0.98835676,0.125251793,393418,829432,294683,1115718,963146,1688729,898377,1121878,8907803,1635136
4_20_2.png,16.79367423,1.347883415,0.695795509,0.299510749,0.991689452,0.089706689,446490,929127,309739,1165133,954474,1753472,985420,1234301,8223461,1846703
4_20_6.png,16.06668834,1.297312126,0.712598435,0.330006561,0.991367495,0.10890433,404099,856138,291660,1134033,922270,1739751,921669,1168601,8717252,1692847
2_5_5.png,34.72917634,2.209913113,0.603283052,0.167620662,0.994146998,0.028096686,527519,1062815,415725,1462688,1442010,2186282,1184280,1405001,6081312,2080688
5_10_3.png,29.33769234,2.040182719,0.616960812,0.194344995,0.993627872,0.037769977,537342,1059226,404706,1385233,1304247,2065576,1145746,1384327,6481203,2080714
3_20_1.png,22.58254131,1.502313067,0.70499713,0.339183899,0.993958074,0.115045717,397461,836069,305470,1141392,1026414,1734644,923729,1135133,8704322,1643686
1_5_9.png,26.08838355,1.691794143,0.688420993,0.305475658,0.994292628,0.093315378,427533,880309,315225,1193007,1058863,1830028,951078,1191631,8275976,1724670
1_5_6.png,31.23790249,1.793740249,0.685098317,0.325407424,0.993848043,0.105889992,441753,888117,325956,1147701,1076653,1722416,955117,1160953,8385135,1744519
3_5_3.png,36.37072233,2.065203454,0.648810105,0.261208374,0.993731662,0.068229815,490083,969598,370985,1260475,1215184,1865668,1044799,1268024,7466663,1896841
5_5_4.png,29.45669962,2.09647234,0.571036526,0.081591264,0.990809173,0.006657134,622315,1304493,421424,1659018,1315264,2532451,1379476,1737492,4285801,2590586
0_15_8.png,30.74713346,1.865158508,0.678158777,0.348538984,0.994238538,0.121479424,450934,869910,348247,1119693,1137687,1627235,938095,1106900,8555309,1694310
4_5_2.png,36.97968526,2.442462777,0.537401622,0.0682495,0.990145391,0.004657994,685968,1350640,487875,1657665,1440941,2435554,1417942,1727072,3990452,2654211
4_20_8.png,17.88477581,1.387202755,0.712605245,0.339164553,0.992125841,0.115032594,378424,821310,288749,1151039,988955,1761503,899757,1131209,8820335,1607039
8_5_2.png,29.46231204,1.797114859,0.653261537,0.206961769,0.993513011,0.042833174,478718,1012161,349813,1358365,1142999,2087126,1094261,1382364,6939520,2002993
3_10_4.png,30.12194584,2.205916552,0.551227001,0.076830384,0.991231397,0.005902908,673264,1341060,468456,1644008,1350823,2455122,1398519,1742421,4117305,2657342
0_20_3.png,33.37983377,2.103590987,0.612076398,0.183388833,0.992251719,0.033631464,556639,1104370,407488,1397105,1287600,2063084,1173676,1417862,6267688,2172808
6_10_10.png,26.16340238,1.697013423,0.683744779,0.299941525,0.990216953,0.089964919,448638,925252,322147,1190361,1008704,1798008,979074,1222995,8149265,1803876
7_10_6.png,24.40473855,1.511729202,0.725122703,0.377089545,0.990822601,0.142196525,375383,796954,271515,1059632,914902,1625525,856987,1078090,9321220,1548112
0_10_7.png,32.82664718,1.865078369,0.698991846,0.397314336,0.994785733,0.157858681,404397,789093,319236,1047634,1120018,1539688,864069,1010977,9230641,1522567
6_20_5.png,11.59744786,1.117284508,0.726501012,0.321892753,0.99258264,0.103614945,364445,835313,257146,1160910,892148,1832820,915081,1182298,8751977,1656182
4_5_7.png,41.48209567,2.159271659,0.641212405,0.225987269,0.990913902,0.051070246,518288,1042366,365072,1298342,1154613,1943424,1098391,1359946,7022836,2045042
2_10_1.png,29.31936287,1.99543652,0.615563853,0.138778806,0.994014098,0.019259557,514120,1091485,381278,1509231,1312168,2327538,1202288,1487900,5871805,2150507
6_20_1.png,13.47742134,1.392267472,0.653964363,0.202344575,0.988645013,0.040943327,515498,1058949,358720,1328954,1056499,2011893,1117388,1421471,6873401,2105547
6_10_8.png,25.08373433,1.577939502,0.698896233,0.32036935,0.991569472,0.102636521,424354,889354,305064,1154681,967847,1749097,953395,1191908,8467384,1745236
2_10_9.png,28.54879152,1.735523968,0.665502786,0.226176335,0.993128912,0.051155734,472183,998677,330053,1317765,1055041,2020539,1076329,1357479,7235654,1984600
0_10_8.png,34.46237447,1.916460134,0.671879785,0.291666878,0.993210884,0.085069568,457539,929626,337148,1210715,1110994,1817575,995396,1226117,7941312,1821898
2_20_3.png,26.09468253,1.629523242,0.691655879,0.323355512,0.99327701,0.104558787,431087,880298,317069,1151536,1048943,1740753,951287,1168177,8424707,1734463
7_5_4.png,24.12615737,1.527407217,0.691420431,0.236712682,0.993564873,0.056032894,430177,953489,285676,1287115,955456,2047213,1012404,1348045,7628368,1900377
0_5_10.png,43.98174653,2.28826553,0.655749125,0.344825363,0.992491256,0.118904531,483545,890743,376742,1118106,1243357,1601504,952460,1112898,8357147,1711818
5_5_3.png,36.33533029,2.054854673,0.62680436,0.166641528,0.992841909,0.027769399,507490,1072369,373886,1449228,1254584,2210831,1158210,1442527,6268195,2111000
0_5_4.png,37.10768019,2.435517579,0.539074596,0.074644567,0.990542098,0.005571811,691677,1353240,479717,1641208,1432835,2425160,1409957,1734866,4004513,2675147
5_15_10.png,22.6792154,1.710906229,0.657598292,0.237031059,0.989024414,0.056183723,460347,968275,345463,1326028,1165216,2016851,1067579,1313511,7292350,1892700
1_15_3.png,27.6502579,1.623476113,0.713344958,0.388726933,0.994371667,0.151108629,398794,794618,296981,1038158,1012619,1564209,861309,1044342,9276295,1560995
5_20_1.png,13.66078669,1.256690824,0.694980786,0.263880745,0.991678239,0.069633048,428277,934859,301824,1248012,971838,1927944,1008915,1288655,7874865,1863131
0_5_5.png,35.44044858,2.11308261,0.644058105,0.304882776,0.995118468,0.092953507,488095,920565,396681,1212086,1321108,1745907,1012796,1159641,7798219,1793222
5_5_2.png,36.4495093,2.401995423,0.549590341,0.075221662,0.99040103,0.005658298,644475,1306820,460931,1682477,1445462,2519907,1393104,1713655,4114061,2567428
4_20_4.png,16.86867827,1.417167829,0.69691437,0.340206057,0.992048559,0.115740161,420958,856567,324627,1138060,1038063,1673506,939456,1138355,8634546,1684182
7_5_2.png,28.2829734,1.706042646,0.674667721,0.248397509,0.993878896,0.061701322,441930,940509,323392,1287945,1086095,1995686,1023254,1297899,7592246,1859364
8_10_3.png,18.50673846,1.508995261,0.687390041,0.356132642,0.994837679,0.126830459,429626,835386,352996,1127053,1125061,1646488,935007,1086572,8671867,1638264
8_5_5.png,30.91231506,1.913405635,0.649464752,0.223312269,0.99422173,0.049868369,479443,993026,360300,1341975,1189042,2035860,1073209,1330833,7089727,1954905
0_15_2.png,24.39184335,1.85812964,0.623085439,0.190394826,0.995625817,0.03625019,548197,1087899,401166,1369947,1229510,2034759,1164075,1407384,6451228,2154155
4_15_8.png,23.67502096,1.783412987,0.640998879,0.232338536,0.99240363,0.053981195,514442,1019715,381819,1305114,1182645,1932006,1104959,1337196,7066145,2004279
8_5_7.png,31.70474584,1.707299662,0.714904319,0.364440286,0.992874603,0.132816722,387218,812115,282688,1080700,965291,1655463,869427,1096854,9113896,1584668
5_20_3.png,12.38283027,1.201902393,0.705241195,0.279138983,0.990075733,0.077918572,413121,907733,286951,1222281,940878,1895867,968685,1266863,8142855,1803086
7_5_5.png,31.45819913,1.900814847,0.655118626,0.228894832,0.993970175,0.052392844,473925,980173,349804,1324796,1159197,2019538,1055406,1325148,7228622,1931711
5_10_8.png,25.89812182,1.598945294,0.706177708,0.357967841,0.993035026,0.128140975,415369,846081,307003,1085440,973826,1618680,911121,1115766,8911181,1663853
6_5_2.png,26.56840164,1.682927554,0.687292173,0.302456697,0.994785028,0.091480053,427082,887358,321832,1194559,1068927,1812181,968264,1194630,8223387,1750100
5_20_9.png,10.7756697,1.182258751,0.7071424,0.319759961,0.990727776,0.102246432,418883,879016,304403,1155973,942353,1747683,938401,1194870,8530617,1736121
6_10_1.png,23.99181409,1.772533154,0.649755666,0.254452219,0.993430084,0.064745932,493752,971184,376759,1278176,1183784,1897775,1058492,1285802,7391321,1911275
7_5_8.png,30.69853406,1.7419301,0.711952695,0.37387123,0.992503595,0.139779697,394637,803274,296040,1068612,968631,1616050,865307,1078618,9192334,1564817
3_5_5.png,33.67587582,2.021594119,0.637735959,0.208910998,0.994129148,0.043643805,490387,1013794,371517,1373456,1261377,2072498,1101876,1351206,6823731,1988478
0_10_10.png,36.71793235,2.066694277,0.657473422,0.274104186,0.992239107,0.075133105,471743,958379,351500,1248709,1160862,1870846,1030478,1250866,7643758,1861179
3_15_7.png,27.66905868,1.765221163,0.668648986,0.274884488,0.992410298,0.075561482,475785,959323,342183,1223891,1073420,1844077,1025521,1267990,7745826,1890304
6_10_6.png,26.83632604,1.534064417,0.747396931,0.446522407,0.991584919,0.19938226,333628,695631,251614,956633,892334,1467258,761251,945227,10203635,1341109
3_5_1.png,32.56066945,1.883198123,0.680489943,0.307573926,0.994709883,0.09460172,420545,864405,326112,1202000,1160350,1822365,942674,1168044,8260560,1681265
4_20_3.png,15.99217568,1.358064744,0.698649703,0.319857267,0.992010696,0.102308671,428776,888630,315172,1151900,992422,1728368,956675,1185146,8445958,1755273
4_10_7.png,28.17810964,1.708952109,0.696153893,0.35475657,0.993865455,0.125852224,429930,855342,318743,1090824,1029441,1618762,918014,1114132,8795997,1677135
7_10_10.png,23.04588452,1.607264468,0.693178821,0.308704244,0.991124978,0.09529831,420570,886241,307183,1183842,1017485,1808502,951800,1192609,8353619,1726469
2_15_8.png,28.63973248,1.658132779,0.712642605,0.408599204,0.993675972,0.166953309,403715,784032,310405,1006664,1002296,1480358,857438,1014457,9453862,1535093
6_5_7.png,34.30463633,1.787049873,0.707673803,0.342359482,0.992195341,0.117210015,399663,836977,287514,1120059,978930,1725625,889851,1137362,8840329,1632010
8_5_4.png,25.44703405,1.578788086,0.692465341,0.277846025,0.99368693,0.077198414,436784,928551,299763,1217547,973142,1887698,986089,1265250,8005696,1847800
4_15_7.png,26.1486601,1.805126755,0.642653175,0.220085513,0.990437996,0.048437633,523119,1047505,371637,1314857,1123670,1962416,1112002,1373990,6952982,2066142
8_5_3.png,30.03887325,1.847390248,0.675074488,0.307202953,0.994433106,0.094373655,444426,889989,343820,1195709,1130938,1789622,968484,1178096,8161244,1745992
7_10_2.png,17.72002349,1.423082476,0.690282729,0.279625301,0.993215001,0.078190309,432190,917549,313948,1227567,1007361,1890517,993458,1250802,7998524,1816404
5_5_1.png,35.23901066,2.131390104,0.624789094,0.196614352,0.993694069,0.038657204,507843,1031013,385217,1390829,1300462,2109644,1126032,1379267,6598557,2019456
8_10_5.png,19.42153853,1.443929782,0.686077393,0.306207693,0.992209894,0.093763151,446762,905067,335666,1181107,1039246,1777220,982129,1204219,8188532,1788372
2_5_9.png,26.91955947,1.724358098,0.668559189,0.249636504,0.993903214,0.062318384,469935,978675,333048,1264654,1070920,1925967,1048197,1314168,7509735,1933021
6_5_9.png,22.95251067,1.536550204,0.692316893,0.266951956,0.993006158,0.071263347,437290,942602,297859,1232551,938528,1919534,994100,1292748,7922220,1870888
2_10_5.png,25.93646838,1.742549586,0.662641848,0.270013853,0.995355468,0.072907481,468116,951406,356059,1248027,1168538,1865576,1041692,1252803,7619964,1876139
4_10_1.png,23.42106822,1.654317456,0.679523116,0.322640923,0.995225756,0.104097165,453884,897040,349295,1156681,1080323,1698450,978822,1164640,8295946,1773239
2_15_5.png,37.50216725,2.190860039,0.621474345,0.215510616,0.992735896,0.046444825,542381,1059029,396878,1326300,1281349,1953711,1126852,1352003,6737865,2071952
2_10_4.png,23.51021058,1.563913933,0.694798843,0.310692309,0.995293207,0.096529711,423873,886943,308465,1173510,1027388,1782754,970954,1194239,8318522,1761672
0_15_3.png,31.99796653,2.01606588,0.625696051,0.200962772,0.993107599,0.040386036,533464,1066767,387312,1360615,1261969,2022947,1145163,1385739,6585496,2098848
8_10_1.png,15.75483898,1.355834955,0.707067567,0.380371041,0.994459136,0.144682128,417324,818418,325259,1063969,994925,1564274,900663,1066430,9083081,1613977
8_10_10.png,20.64423835,1.579825979,0.683009956,0.312049956,0.991119461,0.097375175,445983,903561,332713,1173810,1039082,1759685,974344,1194828,8258611,1765703
7_15_3.png,12.4109213,1.188933324,0.707275038,0.295778661,0.990540353,0.087485016,416530,897377,292562,1186355,925407,1833068,961640,1237748,8313770,1783863
0_5_9.png,31.18887414,1.976123189,0.648784236,0.269714324,0.993848637,0.072745816,488879,963792,371056,1256889,1202614,1856805,1050105,1257644,7514570,1885966
8_10_9.png,15.04149174,1.209674935,0.738849809,0.422042274,0.992295438,0.178119681,367311,749065,280834,987919,863651,1482634,818553,1000361,9819857,1478135
4_15_2.png,13.82998469,1.291487707,0.69359432,0.316683479,0.995762498,0.100288426,450352,916867,331356,1147895,970080,1700327,994689,1198616,8306380,1831758
0_15_4.png,27.19236246,1.909544414,0.630068032,0.209189751,0.994911525,0.043760352,530342,1053928,390933,1341468,1221385,2002138,1129706,1372204,6725580,2080636
6_20_8.png,10.72744869,1.105964635,0.71589229,0.317137664,0.989723245,0.100576298,404139,876037,285343,1157346,888441,1770556,935374,1208663,8572331,1750090
6_10_2.png,20.44190696,1.513873191,0.691365567,0.316909669,0.993816298,0.100431738,433570,887910,321153,1164551,1021578,1764425,962375,1180340,8363083,1749335
3_15_9.png,25.21156971,1.861900577,0.638973571,0.237898313,0.993990151,0.056595607,509431,1005180,386845,1307376,1218282,1935132,1093370,1309206,7106337,1977161
7_5_10.png,29.60725651,1.678479632,0.712106648,0.351953435,0.992584035,0.123871221,396882,825093,288677,1099675,949745,1679531,885698,1127596,8976561,1618862
6_15_9.png,10.41787339,1.144536714,0.716506891,0.339958067,0.992758606,0.115571487,402043,840285,297213,1120649,924115,1709221,914156,1146806,8823753,1670079
1_10_3.png,32.37498588,1.989400712,0.660898186,0.340796608,0.995275786,0.116142328,468266,875336,376870,1140508,1261858,1642991,955715,1100393,8322675,1703708
6_5_8.png,37.38673301,1.981957807,0.680261515,0.303255426,0.990743614,0.091963853,448056,908188,325454,1185781,1045599,1787794,960824,1210039,8205943,1770642
1_15_9.png,24.84266839,1.655479314,0.69814673,0.365918972,0.995573505,0.133896694,408128,812991,319711,1097958,1086303,1649315,900174,1070984,8907502,1595254
0_5_6.png,35.00334468,2.058587501,0.642790719,0.281054192,0.994304318,0.078991459,508301,972657,389409,1223233,1248240,1773189,1050274,1232706,7542447,1907864
0_20_1.png,28.39094264,1.707159558,0.691452576,0.346847359,0.994767304,0.120303091,426588,850683,329773,1117999,1088647,1659453,931698,1119895,8647694,1675890
4_20_1.png,16.7302436,1.353995328,0.704072654,0.347666252,0.993638179,0.120871823,425651,863727,320036,1099552,970013,1630993,941204,1138208,8745784,1713152
0_15_1.png,32.70710548,2.102808084,0.625448264,0.25180946,0.994787603,0.063408004,522365,990987,414693,1296359,1339680,1888575,1075526,1264435,7124784,1930916
6_15_2.png,11.73710149,1.223282713,0.6921801,0.288793953,0.993965467,0.083401947,454182,934578,322958,1190000,952685,1807872,1003123,1257086,8059878,1865958
0_20_9.png,36.62615076,2.035598055,0.671314043,0.353470513,0.993324723,0.124941404,452632,859024,355926,1122982,1194111,1635175,932122,1084947,8547063,1664338
3_20_6.png,20.66230329,1.555963066,0.669536508,0.27515754,0.992603227,0.075711672,484183,974046,355493,1220332,1047360,1804185,1048373,1273098,7711264,1929986
5_20_6.png,12.95943709,1.205144745,0.718154935,0.346990827,0.991742095,0.120402634,405228,844654,290620,1097459,896749,1665797,901366,1145790,8922315,1678342
2_20_1.png,29.41318449,1.681571231,0.700950618,0.367625946,0.993512009,0.135148836,422159,836716,317434,1073847,1023114,1598594,905475,1087740,8943518,1639723
4_10_4.png,28.73007974,2.17955922,0.550717598,0.074553507,0.990666593,0.005558225,673018,1342784,466846,1648304,1359209,2459471,1412278,1739975,4085428,2661007
5_10_6.png,31.98872552,1.723659369,0.713123528,0.371069954,0.990804745,0.137692911,400818,825381,289094,1061040,954988,1601485,879756,1088933,9141010,1605815
7_10_4.png,17.66706191,1.353829557,0.71426516,0.348409066,0.994360557,0.121388877,396711,831928,293564,1108156,944121,1693961,908130,1126004,8900318,1645427
3_5_4.png,26.30131945,1.65125881,0.679892362,0.27167769,0.994242422,0.073808767,460449,954663,321035,1216278,1037019,1849166,1019218,1274692,7818379,1897421
4_15_3.png,20.90891019,1.484449423,0.700857035,0.344788884,0.993813202,0.118879374,422963,858293,313287,1110134,1012254,1658972,933073,1135798,8708555,1694991
3_20_5.png,22.48606365,1.629658302,0.673477688,0.289232435,0.994723571,0.083655402,460621,929604,349341,1207278,1093899,1799865,1013270,1228944,7929335,1836163
1_5_2.png,29.52492961,1.769794618,0.690033444,0.366342196,0.995120613,0.134206605,431255,835076,339676,1097288,1102158,1596576,916917,1072960,8823142,1633272
5_5_6.png,21.90413039,1.485349902,0.705613029,0.32037861,0.994779751,0.102642454,400656,861293,294005,1166112,970721,1786207,945040,1174382,8542407,1707497
6_15_8.png,14.10291249,1.276840859,0.704850042,0.303708152,0.991643859,0.092238642,411760,882454,295721,1181642,966735,1820191,950022,1215357,8375606,1748832
3_10_3.png,37.91534675,2.583452385,0.52140405,0.070286433,0.991448204,0.004940183,689651,1332605,510680,1683675,1595418,2463058,1422035,1701357,3836414,2613427
7_10_8.png,20.73407316,1.46536138,0.7023961,0.304135925,0.99164316,0.092498661,411451,883061,296504,1188115,964959,1823913,954362,1213461,8373044,1739450
2_5_1.png,40.81161639,2.387407139,0.59734701,0.168256249,0.992995251,0.028310165,560432,1091571,424373,1433012,1399397,2125909,1177808,1426489,6078592,2130737
2_20_4.png,29.46774797,1.920297537,0.635024526,0.192695798,0.992670798,0.037131671,503592,1043402,374413,1389774,1217473,2105936,1129362,1396929,6638733,2048706
6_10_4.png,19.35053486,1.424613424,0.709374796,0.351153366,0.994628376,0.123308686,407981,836807,302420,1103843,965192,1667640,911633,1124696,8871453,1656655
1_15_5.png,30.91098833,1.834484954,0.688585656,0.368159558,0.994836307,0.13554146,416760,811777,333371,1099241,1167849,1631243,909989,1058348,8840280,1579462
3_20_2.png,20.56906849,1.613830823,0.656693243,0.240814175,0.992112834,0.057991467,497819,1009896,356382,1278832,1104840,1912181,1091229,1331777,7270848,1994516
3_10_6.png,31.67538299,1.708906827,0.705411251,0.355535646,0.991545229,0.126405595,428861,868668,304327,1074212,935552,1593248,920360,1133285,8883267,1706540
8_15_5.png,11.73811612,1.163888715,0.7203995,0.364645053,0.991783942,0.132966014,400109,822759,294263,1076031,928506,1624753,888767,1106843,9068020,1638269
2_5_6.png,27.96910587,1.755882702,0.672878194,0.274908741,0.993833322,0.075574816,458059,940986,336636,1234920,1092978,1861781,1015076,1250463,7803955,1853466
4_5_9.png,24.93047304,1.634945281,0.682596472,0.279697324,0.99385373,0.078230593,450374,942626,319635,1219380,1013213,1843853,1015904,1264619,7908369,1870347
2_15_1.png,25.51852908,1.781154169,0.658539711,0.277701258,0.994804421,0.077117989,474606,935598,370519,1246146,1187848,1842788,1028271,1229115,7691633,1841796
1_15_2.png,18.30367802,1.381600933,0.711820663,0.352594552,0.996599178,0.124322918,406434,840456,297176,1091871,967939,1658029,918120,1120505,8874208,1673582
1_20_3.png,28.20388537,1.635662839,0.713821926,0.382133925,0.993710969,0.146026337,389774,793787,291031,1062255,1012065,1609406,866102,1052219,9219768,1551913
2_10_6.png,33.49108096,1.765095405,0.698066042,0.300646265,0.991420821,0.090388177,415233,897636,288535,1180634,984857,1825841,962754,1218903,8315832,1758095
6_15_5.png,21.58086494,1.621634525,0.666098843,0.259962065,0.990371426,0.067580275,475335,966711,346328,1260631,1103737,1894709,1037484,1283437,7576400,1903548
2_10_7.png,32.90631792,1.847459515,0.676054377,0.277407349,0.993386269,0.076954838,454880,942632,323431,1214484,1071967,1851041,1005587,1257054,7871827,1855417
8_15_7.png,10.9672631,1.0337897,0.753068791,0.444270792,0.991185784,0.197376537,352409,721867,261044,949437,819566,1420732,778657,974920,10141287,1428401
1_10_4.png,26.80298142,1.684757765,0.698557932,0.369473993,0.995161371,0.136511031,421587,824456,321043,1080358,1054923,1605518,895805,1073864,8952303,1618463
0_15_7.png,30.68385381,1.832552859,0.683516262,0.34442913,0.993990541,0.118631425,449151,871813,337383,1112316,1090544,1649085,928185,1123860,8582009,1703974
5_15_6.png,26.83057806,1.774386231,0.656881378,0.23371083,0.98818301,0.054620752,467279,981753,347555,1322166,1167451,2012382,1068186,1327949,7227665,1925934
6_20_2.png,7.048642781,0.835007375,0.77129874,0.406323209,0.993432619,0.16509855,337625,755565,215358,968871,650634,1530430,801891,1064298,10002430,1521218
7_15_6.png,14.31199237,1.307791036,0.706246143,0.33117739,0.988628296,0.109678464,411959,860225,301666,1137553,974604,1713707,924918,1163648,8662897,1697143
3_20_9.png,25.57265656,1.742994221,0.667562646,0.290426074,0.992941417,0.084347305,459065,922901,353786,1220831,1158909,1808757,1008245,1212592,7896145,1807089
4_10_6.png,31.69852027,1.700679338,0.711704645,0.369450167,0.991487929,0.136493426,406117,839380,293390,1061655,945053,1588355,896838,1098106,9082344,1637082
0_5_8.png,38.4304059,2.126251412,0.661101509,0.31503328,0.992406519,0.099245967,471682,910816,363122,1177713,1176861,1720434,977137,1173906,8117656,1758993
2_20_10.png,25.70477958,1.799545726,0.645143025,0.232109238,0.994287113,0.053874699,496062,1006492,376107,1318702,1202383,1969912,1096998,1317022,7080797,1983845
1_20_5.png,28.17775972,1.719835865,0.688930902,0.3510652,0.994837982,0.123246775,439172,862529,335922,1107171,1062222,1629967,936641,1114966,8667428,1692302
6_20_9.png,9.522842785,1.096899939,0.705378284,0.239292599,0.989707608,0.057260948,405431,923481,273392,1300852,917307,2067826,986493,1350251,7769807,1853480
8_5_6.png,22.85636376,1.579047671,0.689571432,0.300615566,0.993977202,0.090369719,438448,899587,320453,1183071,1004389,1800695,965046,1216628,8236725,1783278
2_15_6.png,39.75616173,2.22997264,0.620652425,0.186964569,0.990291202,0.03495575,542527,1094027,386417,1373711,1233373,2053765,1161740,1423730,6443173,2135857
3_10_5.png,25.60359497,1.7255482,0.666941243,0.29433776,0.995283244,0.086634717,469343,928714,358773,1208418,1147641,1776362,1019253,1209375,7890156,1840285
6_5_5.png,32.87412754,1.943048245,0.654460322,0.235694834,0.993992413,0.055552055,471352,974390,351150,1314445,1183991,1998906,1050909,1311841,7278765,1912571
6_5_4.png,23.79349636,1.475347795,0.723173863,0.369800717,0.994468116,0.13675257,394499,815137,276312,1051376,903311,1607109,864266,1095119,9234130,1607061
1_20_8.png,30.97328456,1.848329844,0.673364896,0.295969598,0.993455426,0.087598003,443251,908374,337706,1210939,1139515,1824399,993218,1210556,8001177,1779185
0_10_1.png,31.0529664,1.958550065,0.657836308,0.315989032,0.995300495,0.099849069,477202,906272,380417,1186681,1216690,1722540,989716,1158772,8035952,1774078
4_20_5.png,19.60010939,1.533908172,0.673534024,0.27511177,0.993150778,0.075686486,465557,951452,343610,1230174,1061903,1847597,1030113,1262954,7776468,1878492
5_5_7.png,36.4582536,1.882058234,0.689301962,0.299688558,0.992190222,0.089813232,417365,890345,302179,1200228,1051696,1849610,956478,1211448,8225250,1743721
5_15_8.png,19.72108532,1.511243936,0.670730902,0.238415512,0.991218781,0.056841956,467408,982133,333852,1295957,1062835,1971523,1054113,1333387,7405361,1941751
1_5_7.png,39.18001596,1.965719711,0.693155039,0.353516295,0.992616056,0.124973771,417522,836605,314471,1103274,1088889,1666794,897705,1102969,8798376,1621715
1_5_5.png,34.66766066,2.026837273,0.653744926,0.295818322,0.994754619,0.087508479,472717,919947,374871,1222000,1263152,1795391,1013685,1182971,7804719,1798867
2_5_2.png,28.65501944,1.827172851,0.661402323,0.266360929,0.994776067,0.070948144,464484,948499,356019,1265540,1170812,1883034,1037315,1254074,7604443,1864100
5_15_5.png,22.31195202,1.575974342,0.686624836,0.314812003,0.993518646,0.099106598,430166,878028,329534,1182794,1096799,1769098,962010,1169072,8301354,1729465
4_10_2.png,25.48376796,1.690558759,0.656388164,0.223151034,0.993638311,0.049796384,491804,1025764,348215,1310039,1092187,1991612,1097950,1362583,7090213,2037953
4_15_6.png,32.84579037,1.966875964,0.640006112,0.216058586,0.989464783,0.046681313,505397,1042219,368131,1339122,1194812,1993023,1117973,1369627,6875606,2042410
5_15_9.png,13.91664944,1.415516167,0.6693499,0.264202331,0.993433381,0.069802872,455939,940644,354835,1272339,1117619,1918367,1053061,1267618,7606516,1861382
3_15_6.png,35.87811402,1.974646264,0.663084459,0.269179479,0.990954108,0.072457592,473258,966057,342117,1241067,1122797,1862483,1031457,1272682,7650056,1886346
2_20_7.png,26.96178524,1.627416296,0.704757133,0.358979179,0.993531604,0.128866051,416101,845777,305474,1081109,986575,1621257,913321,1117310,8899412,1661984
0_20_4.png,32.54949047,1.896973633,0.676678899,0.360460918,0.99472429,0.129932074,443552,854267,361552,1115039,1175688,1600511,938464,1079970,8617268,1662009
1_10_6.png,36.47413472,1.807049492,0.714446152,0.367740503,0.991427247,0.135233077,394211,817217,282452,1065944,952320,1634046,874045,1098344,9138315,1591426
1_20_2.png,22.76875695,1.454976171,0.720867476,0.367754159,0.993960284,0.135243121,390147,814887,279200,1070082,933633,1645555,883034,1094951,9127675,1609156
6_20_6.png,9.413361138,1.00568891,0.739682564,0.355551779,0.992725748,0.126417067,377511,821816,258003,1075921,783057,1670050,869194,1146936,9202765,1643067
4_15_10.png,32.86004728,1.937955956,0.653542765,0.255059808,0.988433384,0.065055506,481304,985751,360134,1271494,1162930,1891640,1059187,1294423,7419159,1922298
7_5_7.png,31.13837773,1.665178347,0.725410169,0.37959056,0.992901459,0.144088993,363781,771087,271221,1060615,946239,1646489,835221,1064076,9384956,1504635
6_15_4.png,8.885920071,1.00462266,0.741300121,0.389443849,0.992990332,0.151666512,379623,793195,269108,1016885,805099,1553406,847619,1077571,9524599,1581215
6_10_7.png,25.09375841,1.60371512,0.69882876,0.329847794,0.992448205,0.108799567,419898,863874,305355,1142003,1004396,1739046,926666,1160212,8595170,1691700
8_10_6.png,21.59210316,1.392364312,0.749868682,0.476983643,0.991464455,0.227513396,348982,694157,263577,892726,855231,1325573,747782,901150,10477946,1341196
6_5_6.png,23.59330413,1.542067515,0.705241515,0.333335701,0.99396244,0.11111269,413851,857121,300063,1126195,960298,1713553,915943,1159495,8707865,1693936
7_15_7.png,12.17782103,1.144439426,0.731964805,0.3739045,0.991241247,0.139804575,382968,802830,273040,1052244,863851,1610244,852392,1095313,9329717,1585721
4_20_10.png,15.88339999,1.401591922,0.683673495,0.30371877,0.992151471,0.092245091,451540,915454,342550,1187961,1043153,1759622,999368,1207196,8134129,1807347
4_15_1.png,18.71195102,1.574679329,0.658233747,0.27774838,0.992876476,0.077144163,493590,966484,381460,1235514,1142268,1797134,1050030,1249618,7626626,1905596
5_5_10.png,31.58027353,1.81063112,0.680380406,0.292635785,0.992720821,0.085635703,450046,930151,324186,1198588,1048187,1803704,998867,1235324,8029275,1829992
8_15_8.png,9.583254613,1.061582933,0.730657011,0.359748634,0.991160616,0.12941908,377104,808631,272134,1097469,885157,1687018,876126,1118035,9120357,1606289
5_15_7.png,21.21766582,1.582481798,0.665383196,0.256397804,0.991211148,0.065739834,475510,974333,347722,1263711,1088080,1905508,1054258,1305100,7504873,1929225
4_5_3.png,35.77563865,2.049585291,0.649940791,0.273747812,0.993619407,0.074937865,489089,966734,373056,1245151,1207469,1828804,1040201,1242089,7567570,1888157
8_5_1.png,31.02738121,1.855054854,0.665543532,0.250958004,0.994106649,0.06297992,457324,948324,337158,1290312,1140280,1973870,1018820,1287886,7523262,1871084
2_10_2.png,27.89203456,1.779342003,0.648974092,0.182245138,0.993977128,0.03321329,488381,1049433,341070,1397909,1130063,2162943,1127045,1427131,6637118,2087227
4_5_10.png,46.79318062,2.661672151,0.541352742,0.076599323,0.986072588,0.005867456,675656,1341037,468016,1648461,1422077,2463126,1392260,1734610,4081393,2621684
5_20_5.png,15.82599698,1.354284952,0.684486861,0.265295683,0.992038034,0.0703818,441878,940346,321747,1253183,1020276,1923457,1023030,1279344,7777556,1867503
8_15_10.png,11.12284923,1.131721311,0.727470266,0.37655296,0.990381136,0.141792132,390274,814131,283247,1061580,865495,1588030,864243,1092472,9274792,1614056
2_15_2.png,17.69334706,1.344792152,0.711948421,0.351236729,0.99620365,0.12336724,416336,854119,300975,1089196,929187,1640984,926356,1136040,8853177,1701950
3_15_10.png,39.79695503,2.04798698,0.673376328,0.315769916,0.990193655,0.09971064,450289,908076,340073,1171632,1122837,1728636,974228,1180980,8211786,1759783
2_15_4.png,17.71454519,1.504947702,0.670978985,0.221306289,0.995543024,0.048976473,451695,974821,326396,1338543,1087458,2103441,1079396,1349536,7202972,1934062
5_20_2.png,13.65800719,1.283830218,0.692011009,0.263258715,0.990088827,0.069305151,443926,956758,303968,1239496,957199,1895750,1011538,1300748,7837942,1900995
7_10_5.png,17.92658307,1.403960919,0.699076361,0.320540279,0.993820392,0.102746071,418146,863847,315055,1161493,1012068,1769739,950562,1170193,8476029,1711188
2_5_8.png,38.31696608,2.0829521,0.662854591,0.278513503,0.991815398,0.077569771,458936,929262,344835,1239301,1159027,1867750,1005986,1236821,7800879,1805523
6_15_10.png,19.28614962,1.540701889,0.665946633,0.236107313,0.986730556,0.055746663,469533,985282,335029,1302312,1073950,1983254,1057381,1337281,7360338,1943960
1_15_7.png,32.9588843,2.012521184,0.632373883,0.190615745,0.991508996,0.036334362,528655,1072915,368814,1364386,1174432,2075725,1129364,1417958,6602573,2113498
8_10_4.png,14.43373142,1.236266969,0.727276928,0.397401714,0.994456183,0.157928122,387440,783844,293578,1028179,906110,1540259,856750,1044090,9457658,1550412
2_5_4.png,34.74395242,2.27579243,0.562363937,0.076315609,0.990417906,0.005824072,637084,1306575,435969,1655620,1365654,2515386,1367585,1727719,4258144,2578584
1_10_10.png,36.62772654,1.973054118,0.676283541,0.297670319,0.991692748,0.088607619,446761,917750,325291,1202838,1082618,1823014,979356,1210896,8075230,1784566
5_15_4.png,13.43339063,1.329757216,0.66654593,0.217530282,0.991948018,0.047319424,480427,1022745,341731,1324327,1032916,2031111,1108484,1390236,7076406,2039937
6_5_10.png,30.18512215,1.743326549,0.689856741,0.290775067,0.99206344,0.08455014,435818,916289,306124,1198221,990428,1835927,967493,1240799,8157555,1799666
1_10_8.png,32.46296078,1.75356022,0.711939701,0.390554667,0.993506943,0.152532948,400924,798680,299907,1044105,998856,1554969,863320,1045705,9287229,1554625
7_5_6.png,26.01683651,1.701900376,0.669176669,0.242252976,0.9926589,0.058686504,473796,983258,333902,1279853,1039345,1957124,1044740,1328341,7456524,1951437
1_15_8.png,30.23131747,1.706558566,0.713955344,0.413278992,0.993780653,0.170799525,400211,778101,304015,1001691,1004630,1477998,834709,999639,9531729,1515597
4_5_5.png,33.5407938,2.034279729,0.628132106,0.189727393,0.993821526,0.035996484,518531,1063980,384253,1393929,1250647,2091456,1148343,1397474,6506030,2093677
0_10_9.png,27.41901922,1.671277371,0.705303862,0.405226763,0.994912116,0.164208729,420717,803313,326158,1014467,1010014,1467976,870611,1020733,9338946,1575385
7_15_2.png,9.389460452,1.043515858,0.712081003,0.266101884,0.993325388,0.070810212,406181,915797,278683,1234671,878859,1960769,988136,1296255,8050822,1838147
4_20_7.png,20.32530644,1.517826096,0.674693648,0.239983454,0.99079036,0.057592058,456426,981448,324162,1294418,1037211,1976757,1056268,1339468,7440611,1941551
3_15_1.png,31.85475256,2.392230148,0.530486625,0.069526323,0.987410679,0.00483391,681294,1327900,502943,1689238,1510834,2483390,1412537,1715232,3925332,2599620
5_5_8.png,34.86321801,1.954485582,0.674688432,0.317981558,0.992592453,0.101112271,457337,905680,345180,1161247,1090555,1710316,973201,1179242,8250049,1775513
1_10_5.png,30.22030577,2.055364148,0.611335696,0.176945104,0.994178394,0.03130957,546249,1086349,408599,1411509,1318738,2109977,1176106,1417467,6240894,2132432
3_5_6.png,26.02652747,1.71181786,0.663102127,0.23042494,0.993688639,0.053095653,475423,998355,340844,1308984,1081601,1985644,1068245,1339490,7272332,1977402
0_20_2.png,33.72625657,2.288278756,0.552930529,0.077610155,0.989457392,0.006023336,655703,1333493,454883,1659563,1385773,2474952,1404943,1736838,4105147,2637025
0_15_6.png,36.65592395,2.086441483,0.662230845,0.313021605,0.993179066,0.097982525,457249,896752,355037,1197407,1221997,1770835,975808,1158869,8080470,1733896
5_10_2.png,23.83825589,1.760852036,0.639250874,0.225721053,0.993729684,0.050949994,519992,1032802,380811,1310124,1175842,1960387,1121221,1351684,6946296,2049161
4_20_9.png,19.26983357,1.545741556,0.671290428,0.276453943,0.99082424,0.076426783,451273,928483,347174,1250270,1122983,1871423,1022583,1246532,7784079,1823520
7_15_9.png,8.514877067,0.977750977,0.741680522,0.364720935,0.992195728,0.13302136,375254,815084,254120,1050720,795401,1637319,873479,1125361,9288115,1633467
3_10_8.png,32.21706998,1.855133536,0.661418888,0.239402143,0.992138478,0.057313386,491328,1013822,341049,1278318,1059389,1926668,1070403,1346816,7314579,2005948
1_15_1.png,27.74952219,1.786424111,0.679782678,0.348563286,0.995243162,0.121496365,442023,850049,352807,1127358,1147014,1653802,933016,1099442,8577085,1665724
5_10_9.png,19.37040828,1.441639692,0.698677205,0.318797363,0.993626109,0.101631759,430257,889920,315612,1152454,955749,1738076,961051,1188183,8455325,1761693
3_20_4.png,24.72225508,1.817231605,0.637827306,0.229293958,0.992932583,0.052575719,500007,1011673,387151,1330605,1244906,1954722,1109805,1330957,6994342,1984152
5_10_1.png,25.92320891,1.928065484,0.621824301,0.219234112,0.994112064,0.048063596,537750,1042774,412878,1335705,1280553,1953886,1137748,1348011,6743813,2055202
7_15_5.png,17.76210412,1.502914395,0.666086752,0.235215753,0.988347317,0.055326451,483416,995190,341060,1292922,1057608,1964378,1056915,1340121,7343304,1973406
0_5_1.png,37.42640116,2.075715653,0.666462851,0.353684641,0.994815859,0.125092825,464094,865082,372399,1115810,1214305,1581472,939585,1089106,8523025,1683442
8_10_2.png,15.59315293,1.307409168,0.718087484,0.387464199,0.99378138,0.150128505,398048,798588,304725,1047237,951901,1569216,874597,1054413,9271724,1577871
4_10_10.png,28.13586055,1.729023125,0.689928378,0.33231032,0.992199684,0.110430149,440520,891948,325535,1128318,1002046,1681052,952910,1160137,8523263,1742591
0_15_9.png,27.51256792,1.874826943,0.657171504,0.307909365,0.995488903,0.094808177,474727,912325,375405,1198682,1229357,1754858,1000677,1167030,7944740,1790519
1_20_4.png,29.98595437,1.705642507,0.712556088,0.411554216,0.994563799,0.169376873,385482,762194,310931,1031077,1050112,1513233,843125,993048,9477241,1481877
0_10_2.png,31.84377365,2.15133469,0.59906314,0.172703549,0.994231678,0.029826516,587967,1131993,432398,1394998,1314870,2044289,1192096,1438895,6086708,2224106
1_15_10.png,44.23088595,2.051225521,0.705789011,0.39612008,0.990878489,0.156911118,390522,778271,304238,1051242,1067788,1570400,848376,1024698,9319091,1493694
1_10_9.png,28.36535421,1.895814802,0.632422114,0.177025752,0.993127603,0.031338117,521387,1080625,371113,1399381,1169078,2133808,1153091,1442846,6444866,2132125
4_10_5.png,33.83777074,2.409730473,0.529700799,0.070326223,0.989733487,0.004945778,705598,1359225,504812,1655276,1467985,2416673,1431510,1729285,3900250,2677706
2_15_10.png,42.64399345,2.008763809,0.69449083,0.339238454,0.990500021,0.115082729,396791,838117,303561,1149478,1085938,1753846,916303,1128130,8660443,1615713
3_5_8.png,39.60271859,2.265093836,0.623429593,0.211856672,0.990945898,0.04488325,527722,1038944,393636,1343255,1264200,2007505,1112479,1367473,6774435,2018671
6_10_5.png,21.7168466,1.556122225,0.675881722,0.276179988,0.993364198,0.076275386,461886,945062,338984,1232516,1058623,1859395,1016696,1255516,7814999,1864643
1_20_10.png,25.69773569,1.710267521,0.687790127,0.354027061,0.995451795,0.12533516,422916,836194,340046,1131919,1127063,1665179,931647,1092049,8663923,1637384
5_10_5.png,23.59814373,1.712348295,0.65335671,0.248364462,0.994008545,0.061684906,479388,969209,365491,1293179,1180082,1940180,1071979,1296955,7332511,1919346
3_15_4.png,17.53993333,1.38616318,0.700841564,0.339594647,0.995549057,0.115324524,436308,880150,322316,1107345,962067,1645306,952250,1153382,8638163,1751033
3_5_2.png,28.5549143,1.833149143,0.649607369,0.233516223,0.994417563,0.054529826,501733,1015327,369538,1299506,1153641,1927562,1089156,1330069,7154870,2006918
0_20_6.png,31.22586753,1.954177016,0.655566499,0.276293122,0.994230589,0.076337889,478068,945848,365824,1242436,1177633,1856005,1028716,1245468,7652980,1855342
3_20_3.png,23.79766452,1.610212152,0.670316202,0.264096292,0.992113057,0.069746852,456127,949935,339012,1263037,1114305,1904937,1041045,1275829,7627309,1876784
2_20_6.png,23.20209002,1.626311937,0.678337962,0.294586574,0.99430897,0.08678125,463208,933495,339474,1184230,1040633,1769189,1004490,1232133,8030023,1851445
3_15_2.png,25.61712412,2.059431602,0.557633096,0.076447737,0.991295051,0.005844256,660020,1333412,457726,1645958,1335401,2467151,1398003,1742233,4168296,2640120
7_15_8.png,12.12245217,1.2218161,0.699441147,0.272664619,0.989804969,0.074345994,426127,925584,293434,1228347,945280,1904094,986939,1282035,8016195,1840285
8_5_8.png,30.16036358,1.781738124,0.69389604,0.339139846,0.992593173,0.115015835,429135,866385,320181,1124733,1007690,1678628,923425,1148506,8660038,1689599
4_10_8.png,29.11042365,1.739995763,0.67407266,0.282078262,0.992432158,0.079568146,476311,971513,337264,1200507,1027410,1782604,1027709,1268289,7837662,1919051
7_10_1.png,21.91034744,1.580003071,0.665090071,0.243947888,0.99255347,0.059510572,465063,968620,347671,1294515,1107874,1972623,1058503,1311088,7403136,1919227
3_5_9.png,25.25880786,1.636942721,0.694076037,0.31298086,0.994260504,0.097957019,427527,883086,311664,1165327,1009796,1773380,947189,1190625,8401969,1737757
5_10_10.png,25.0404933,1.632620557,0.698524215,0.325974592,0.992259314,0.106259435,408501,868499,302533,1159083,998923,1766363,944195,1164671,8542130,1693422
0_5_7.png,41.97038631,2.157059803,0.663200745,0.345712715,0.993221657,0.119517281,475566,893370,368067,1114725,1208194,1596299,959183,1112460,8386972,1733484
5_15_3.png,19.03025694,1.529509792,0.672841768,0.25781825,0.992852839,0.06647025,440828,936270,328753,1281444,1123676,1971732,1040849,1282310,7591352,1851106
5_15_1.png,15.97226107,1.553471618,0.637537116,0.200902651,0.990212608,0.040361875,522946,1052794,388239,1361678,1181719,2034535,1136949,1399408,6689073,2080979
3_20_7.png,23.71446841,1.627068277,0.682338494,0.313494069,0.993099803,0.098278531,452676,913674,337477,1164943,1051561,1712180,986654,1196577,8234486,1798092
3_15_3.png,25.44795941,1.610389468,0.694267598,0.319770646,0.993785149,0.102253266,422479,873362,308928,1159365,1050465,1762734,946457,1174705,8429605,1720220
5_20_8.png,13.13044855,1.326413877,0.674548748,0.229043847,0.989098235,0.052461084,461918,992036,329943,1313954,1020287,2010037,1061033,1357737,7334684,1966691
8_5_10.png,26.41337403,1.535842061,0.74373071,0.471366922,0.993657531,0.222186775,354240,693258,276320,909122,888663,1339130,754627,903463,10381305,1348192
3_5_7.png,42.48297519,2.074970522,0.664864333,0.250425105,0.990768522,0.062712733,458726,955067,328335,1276581,1119146,1976052,1010822,1301423,7555722,1866446
0_10_3.png,34.01057519,2.172102978,0.617337562,0.257790024,0.995072538,0.066455697,536649,1000791,431353,1280390,1399528,1828331,1086883,1243836,7088791,1951768
1_20_9.png,32.48611218,1.818015965,0.704811673,0.405286642,0.993927374,0.164257262,396812,769016,314133,1032377,1098013,1528857,846563,996684,9377999,1487866
4_5_1.png,33.07249874,1.905833161,0.679473498,0.333887048,0.99460418,0.11148056,439476,866149,340913,1144679,1131722,1686443,937949,1128546,8482841,1689602
3_15_8.png,25.81289173,1.689491275,0.682397284,0.320209884,0.993615758,0.10253437,447775,895473,337135,1156110,1074363,1708416,970092,1174199,8324263,1760494
5_5_9.png,22.15981706,1.512310691,0.694611526,0.295911555,0.994181404,0.087563648,438505,922312,307105,1180889,951184,1795661,992123,1241808,8183621,1835112
6_20_7.png,9.412006272,1.033104982,0.736742545,0.308423065,0.991265815,0.095124787,351933,812873,243579,1178630,828733,1908057,872821,1208293,8823030,1620371
2_15_3.png,26.181199,1.524121377,0.736778049,0.455517624,0.994505159,0.207496306,364140,714584,277979,930945,947642,1379398,779741,925296,10136094,1392501
1_5_10.png,40.66860362,2.064538575,0.681871226,0.34876693,0.992330728,0.121638371,442019,862784,331861,1106881,1116056,1649504,919434,1116406,8639798,1663577
1_15_6.png,33.44202649,1.868102606,0.68628524,0.320912242,0.992946464,0.102984667,430846,877818,320553,1161489,1076254,1750804,953888,1169286,8391630,1715752
6_10_9.png,17.51612041,1.350017149,0.712243161,0.343312133,0.992987705,0.11786322,412065,851005,301577,1105943,910191,1675642,914232,1146636,8844714,1686315
6_5_1.png,33.27042593,2.070121061,0.631990569,0.204182914,0.993797363,0.041690662,502341,1017270,378818,1372091,1266211,2075511,1098916,1361683,6786761,1988718
0_15_5.png,36.49753753,2.225260146,0.603815648,0.170781015,0.993167337,0.029166155,559557,1104415,415893,1427703,1353691,2113492,1184834,1424726,6098541,2165468
2_20_2.png,24.75774592,1.756130239,0.643159195,0.197213503,0.991268925,0.038893166,522819,1069722,360215,1343273,1109537,2039674,1130122,1417174,6739244,2116540
1_5_3.png,38.59101382,2.143488621,0.655645922,0.319928218,0.994191378,0.102354065,476646,902128,376461,1172655,1255923,1701882,978236,1143521,8092686,1748182
0_10_4.png,35.27534981,2.463192228,0.537167403,0.076129384,0.991662694,0.005795683,667366,1316215,484187,1683602,1500017,2495310,1392791,1707928,4011829,2589075
4_5_6.png,25.82022154,1.649829409,0.689486267,0.327027748,0.994013531,0.106947148,441387,887001,328673,1139930,1026544,1693218,961321,1164456,8451779,1754011
5_20_7.png,16.95374673,1.53534923,0.647903309,0.171445471,0.988184024,0.029393549,492468,1053487,347476,1423225,1119040,2206394,1129560,1465829,6524381,2086460
1_10_7.png,33.09411113,1.781005098,0.719807114,0.43974943,0.994325668,0.193379561,384883,742928,299295,962032,1015637,1418716,801075,946898,9843636,1433220
8_15_2.png,8.152015485,0.976383559,0.738606935,0.396332234,0.993725538,0.15707924,394621,805542,279343,1001351,800752,1508359,858138,1074811,9509599,1615804
1_5_1.png,42.08113792,2.407073365,0.601359494,0.173775905,0.992964238,0.030198065,543918,1072948,412577,1434580,1407593,2141960,1158233,1405384,6183545,2087582
5_15_2.png,12.81648031,1.227345571,0.693964709,0.286780248,0.994732192,0.082242911,451379,941528,319680,1190261,949657,1802697,1019128,1261323,8028970,1883697
7_5_1.png,32.69625254,1.914811442,0.675674264,0.297871449,0.994104674,0.0887274,433597,878271,330673,1211201,1149229,1849507,961756,1193441,8128309,1712336
2_10_8.png,31.26772679,1.752709955,0.684771259,0.273372164,0.992998828,0.07473234,437062,935732,306810,1235305,1028428,1893063,1007138,1272830,7886997,1844955
2_15_7.png,24.87605246,1.541407791,0.710433945,0.370407022,0.993873453,0.137201362,418534,839160,302786,1055408,943685,1584395,896664,1099027,9053476,1655185
0_10_6.png,42.74141984,2.079490793,0.694907778,0.388145253,0.991473415,0.150656737,424052,820656,319565,1041219,1070669,1533331,876817,1047657,9141170,1573184
6_20_4.png,10.65908476,1.125117071,0.72057676,0.337591148,0.991285135,0.113967783,412456,867996,279321,1094519,836634,1663056,914736,1183325,8864401,1731876
0_5_3.png,39.12988998,2.174187507,0.658918191,0.33991756,0.994578828,0.115543948,461431,864861,375939,1155258,1281925,1667030,951492,1099259,8318600,1672525
8_15_3.png,9.981890781,1.047650618,0.744410417,0.424346842,0.992324649,0.180070242,368661,748949,272509,976012,848438,1461291,810578,1006072,9866233,1489577
4_15_5.png,35.47086378,2.414795806,0.537059925,0.071659188,0.988116613,0.005135039,684712,1343046,485036,1662212,1458691,2448923,1408166,1727289,3984755,2645490
7_10_7.png,21.84910804,1.499926137,0.712306228,0.3740817,0.99254078,0.139937118,400826,812937,301565,1063158,976148,1599385,872125,1076696,9161341,1584139
1_10_2.png,30.82914619,1.999093581,0.631966529,0.210375153,0.993897348,0.044257705,528608,1050414,380037,1334199,1209870,2007234,1113314,1366889,6791272,2066483
3_10_2.png,32.10842347,2.285986256,0.546640101,0.074348864,0.99108755,0.005527754,674812,1347069,469238,1648322,1385327,2453804,1401111,1739919,4071263,2657455
2_15_9.png,25.68736259,1.691708623,0.679375275,0.320891804,0.995088576,0.10297155,446715,893399,339677,1161866,1103362,1731775,973860,1158903,8279447,1759316
0_20_10.png,33.31830503,2.264852633,0.586465566,0.156995747,0.993436181,0.024647665,599001,1145282,450096,1438869,1378510,2092008,1221266,1456470,5819292,2247526
3_5_10.png,39.16106791,2.167704597,0.638592968,0.249500912,0.991630981,0.062250705,512601,1002676,380294,1266497,1218477,1878869,1074585,1302830,7257156,1954335
0_15_10.png,43.11371297,2.112593253,0.692480666,0.379971066,0.991945088,0.144378011,391705,795444,319793,1101263,1164862,1632596,877376,1033330,9019201,1512750
6_5_3.png,31.83370227,1.849632702,0.685832881,0.337113403,0.994202572,0.113645446,435150,863821,331772,1132438,1081423,1687394,930320,1133297,8566057,1686648
7_15_4.png,6.582623247,0.81461793,0.774402793,0.431509403,0.993517483,0.186200365,336945,728913,222292,925513,655482,1450498,762375,1018164,10286564,1461574
6_15_1.png,12.41901295,1.267931566,0.691138029,0.289835423,0.990565414,0.084004572,446171,921822,322131,1199837,1000337,1811831,982027,1241514,8092090,1830560
1_15_4.png,22.99580785,1.47613832,0.720277237,0.398117507,0.995707794,0.158497549,397987,794624,296004,1016551,947704,1524840,858131,1038779,9407890,1565810
2_20_5.png,32.20567983,1.917380115,0.638705889,0.206135491,0.992797746,0.042491841,519527,1053860,371474,1337761,1158770,2010621,1131114,1391958,6785046,2088189
1_5_4.png,31.09907587,1.989408894,0.629753378,0.183426427,0.993160548,0.033645254,534821,1074807,373876,1368095,1201029,2092636,1129065,1429407,6525900,2118684
7_5_9.png,17.04326165,1.283874659,0.731109946,0.35350956,0.994722361,0.124969009,376715,813906,263066,1089027,836153,1702264,876462,1136586,9136099,1618042
5_10_4.png,26.26731124,2.064767729,0.566672299,0.082116453,0.990474139,0.006743112,628211,1297908,436880,1663046,1324359,2545100,1371961,1734107,4275981,2570767
2_5_10.png,39.6179449,2.077692918,0.667295459,0.284685121,0.992160032,0.081045618,458688,929316,335971,1213421,1139401,1837017,995354,1235876,7893247,1810029
5_20_10.png,12.80679887,1.286499655,0.67987387,0.247559767,0.989300076,0.061285838,457640,975851,326192,1280956,1016567,1952299,1046210,1324709,7527095,1940801
1_20_7.png,27.9876271,1.684919053,0.693769,0.330042513,0.993739349,0.10892806,430320,882545,314781,1137997,1021068,1705080,954393,1162667,8497212,1742257
6_10_3.png,25.76223548,1.781458812,0.647550022,0.234188472,0.993636037,0.05484424,495716,1003454,370276,1309998,1187090,1959034,1084766,1319022,7143304,1975660
3_10_7.png,33.79595715,1.959847656,0.638718844,0.19153101,0.99208861,0.036684128,524754,1084194,362517,1354574,1133628,2051410,1134852,1426064,6633478,2142849
1_5_8.png,40.3555534,2.112096275,0.666326987,0.304053939,0.991404935,0.092448798,461593,909484,348532,1194916,1139176,1792019,970279,1197166,8075450,1759705
8_10_8.png,17.83033327,1.325385455,0.739156396,0.444180561,0.992583082,0.197296371,361220,723484,281702,962209,895371,1422126,793185,954827,10042274,1411922
4_15_4.png,14.45461818,1.301833574,0.698006525,0.342012808,0.99453524,0.116972761,452260,895915,334562,1096266,946758,1607781,966191,1158881,8605044,1784662
3_15_5.png,38.72547288,2.490388616,0.536854786,0.073670197,0.989227709,0.005427298,683899,1347001,482295,1654208,1466360,2440390,1404895,1724922,3993036,2651314
0_5_2.png,39.82457134,2.575518218,0.529015057,0.065299229,0.990970402,0.004263989,677273,1328065,498948,1695277,1539085,2480824,1416972,1708815,3900192,2602869
5_20_4.png,14.84901036,1.457520635,0.66018327,0.262342772,0.989362584,0.06882373,505404,993489,372461,1242247,1079124,1800898,1035602,1305440,7550632,1963023
5_10_7.png,31.05484201,1.917135549,0.657614535,0.265471563,0.99162218,0.070475151,496185,983698,353073,1234694,1106979,1842576,1033598,1282239,7593501,1921777
8_5_9.png,18.57733795,1.383648026,0.7132594,0.343966538,0.994613007,0.118312979,416537,859537,294775,1095306,887641,1661914,915303,1156091,8848821,1712395
3_10_10.png,41.7702374,2.545524674,0.545104367,0.076092177,0.985533795,0.005790019,671244,1340610,460852,1650810,1384253,2469140,1394963,1741010,4109833,2625605
8_10_7.png,19.68616088,1.49450931,0.701458088,0.369075711,0.992530007,0.13621688,416800,826607,320469,1083548,1028614,1616862,893491,1079482,8975708,1606739
7_10_3.png,24.12120978,1.80009359,0.634114059,0.225984933,0.993340117,0.05106919,512535,1011418,394728,1331427,1250825,1977359,1109831,1328791,6937350,1994056
1_10_1.png,29.06713364,1.802805226,0.674184055,0.305618983,0.995284662,0.093402963,445099,894550,342441,1201111,1151801,1804192,980074,1180813,8085766,1762473
0_20_7.png,29.90410214,1.755679271,0.701634526,0.385465962,0.994120823,0.148584008,408385,805681,317397,1063816,1066799,1561436,876311,1045324,9131574,1571597
2_5_3.png,38.50231178,2.325073583,0.602881938,0.1847496,0.99327027,0.034132415,542907,1067768,420157,1411013,1410685,2088291,1166697,1389194,6272405,2079203
4_5_8.png,38.28412718,2.071580108,0.664942843,0.300909835,0.99192312,0.090546729,469644,929247,351545,1192997,1126319,1760152,999389,1210286,7999318,1809423
2_10_3.png,33.71798873,2.066673877,0.626451714,0.19948638,0.994232267,0.039794816,513461,1038547,383012,1379946,1306702,2071351,1130483,1370533,6608685,2045600
1_20_1.png,27.02093215,1.525846455,0.727664756,0.403797518,0.994390556,0.163052435,361064,750735,280112,1032735,974965,1578931,836973,1019346,9539623,1473836
2_5_7.png,37.47166675,1.913681472,0.687939085,0.284895148,0.992372966,0.081165245,404175,880049,294498,1232013,1096359,1937958,958121,1226929,8105922,1712296
3_20_10.png,21.59869854,1.696926278,0.645782937,0.249940665,0.993592267,0.062470336,508103,1003742,392858,1286516,1175524,1871984,1095490,1297061,7240129,1976913
6_15_7.png,16.89429159,1.35415572,0.703922171,0.312874623,0.990519198,0.09789053,420658,884652,296430,1159661,948233,1785023,937642,1203525,8473251,1739245
0_20_5.png,27.92815616,1.800941838,0.677945713,0.358171839,0.995654206,0.128287067,452916,863278,359750,1109475,1140688,1590486,943676,1086815,8613398,1687838
4_10_9.png,20.40238951,1.437777519,0.711853852,0.34795474,0.994421306,0.121072501,398406,837321,295795,1112908,944401,1694332,915284,1131312,8863078,1655483
5_5_5.png,39.6073005,2.553369622,0.536939495,0.070249306,0.990673129,0.004934965,657487,1311538,477007,1690837,1520985,2521913,1401371,1702546,3993660,2570976
3_20_8.png,24.11113964,1.630212219,0.690834319,0.318756198,0.993411437,0.101605513,412243,863099,319898,1186420,1087879,1783021,947499,1164039,8389465,1694757
0_20_8.png,30.65326723,1.778831799,0.698007003,0.374131286,0.99439049,0.139974219,404508,807812,321954,1093145,1104344,1614042,886685,1057682,8983435,1574713
4_10_3.png,28.36948841,1.88530081,0.650441098,0.281883467,0.994823101,0.079458289,491719,955962,380383,1228841,1218814,1789934,1036267,1224964,7649672,1871764
4_15_9.png,20.6862329,1.770014526,0.619328694,0.179233114,0.992359098,0.032124509,538703,1083326,408117,1412142,1256008,2106626,1184210,1427661,6294267,2137260
6_20_3.png,9.851556952,1.067875861,0.734026011,0.366674917,0.990843875,0.134450495,379842,807709,268614,1067927,858255,1620094,851183,1111576,9277564,1605556
4_5_4.png,25.73753116,1.607364334,0.696228256,0.340342017,0.99462503,0.115832688,442488,888471,317919,1097357,994888,1624455,942686,1151143,8633552,1755361
0_10_5.png,33.64721758,2.212932586,0.592913998,0.172102134,0.993955644,0.029619144,589337,1126130,445101,1412212,1374554,2049074,1209256,1429473,5997140,2216043
2_10_10.png,35.23205823,1.919013732,0.675533216,0.280064259,0.991678609,0.078435989,451245,940541,321772,1220317,1060523,1854898,1007972,1254186,7895581,1841285
2_20_8.png,31.35866002,1.805616952,0.679475204,0.3068864,0.993012179,0.094179263,443464,905783,332370,1189178,1092950,1779012,976754,1197573,8148778,1782458
6_15_6.png,19.45649883,1.504530415,0.690541676,0.305529432,0.988322501,0.093348234,432522,896763,317052,1183005,1029780,1783131,963930,1204576,8281025,1756536
3_10_1.png,29.51153844,1.880569989,0.644571258,0.229790612,0.994496773,0.052803725,500106,1014350,374020,1317736,1193202,1967493,1096622,1332374,7048060,2004357
7_15_1.png,13.74868083,1.440988879,0.64525249,0.17790147,0.988265895,0.031648933,507525,1058418,363067,1402587,1131063,2139063,1119642,1446556,6576117,2104282
7_15_10.png,14.82068703,1.322118109,0.693183552,0.258593983,0.986188218,0.066870848,427331,934572,298520,1267229,965330,1967820,996276,1302434,7835532,1853276
7_5_3.png,32.90269628,1.890320469,0.672431605,0.293002193,0.99368097,0.085850285,445902,902896,339282,1212098,1130282,1838579,984201,1214505,8013377,1767198
