Filename,GLCM_contrast,GLCM_dissimilarity,GLCM_homogeneity,GLCM_energy,GLCM_correlation,GLCM_ASM,LBP_0,LBP_1,LBP_2,LBP_3,LBP_4,LBP_5,LBP_6,LBP_7,LBP_8,LBP_9,HOG_0,HOG_1,HOG_2,HOG_3,HOG_4,HOG_5,HOG_6,HOG_7,HOG_8,HOG_9
3_10_9.png,32.27435961093576,2.2377457430687566,0.5559991594704432,0.07775034882299454,0.9886120281493801,0.006045116742097329,665786.0,1336114.0,455856.0,1641228.0,1315398.0,2460601.0,1391244.0,1747571.0,4189090.0,2645432.0,0.12376741064963671,0.0,0.03750718774432925,0.13483759004683454,0.17681058664233817,0.095754507735806,0.1625311440817648,0.03953604966786486,0.0,0.26557246945046414
1_20_6.png,29.180608882393024,1.7198596266274526,0.6981841991723354,0.3628298418026697,0.9942459307073835,0.1316454941025503,431226.0,845580.0,321031.0,1076141.0,1015061.0,1590946.0,904899.0,1097477.0,8899942.0,1666017.0,0.0,0.0,0.0,0.0,0.0,0.0,0.0,0.0,0.0,0.0
7_10_9.png,17.068940093612138,1.3448959416807147,0.6990101536184194,0.2827179959483914,0.9914480987541027,0.07992946523307466,425634.0,914717.0,304818.0,1215287.0,939005.0,1876957.0,986761.0,1259236.0,8106477.0,1819428.0,0.0,0.0,0.0,0.0,0.0,0.0,0.0,0.0,0.0,0.0
6_20_10.png,11.36181438524443,1.17545472275026,0.7128322233268732,0.3387408509593023,0.9912907377025277,0.11474536410863223,407956.0,853953.0,296547.0,1122048.0,936557.0,1687504.0,913558.0,1157100.0,8775372.0,1697725.0,0.0,0.0,0.0,0.0,0.0,0.0,0.0,0.0,0.0,0.0
6_15_3.png,13.881311309673254,1.1941745722893728,0.7333996223478809,0.38719540335610525,0.992805658503497,0.14992028038009703,370655.0,777155.0,273173.0,1046110.0,894282.0,1602181.0,850143.0,1060555.0,9440704.0,1533362.0,0.0,0.0,0.0,0.0,0.0,0.0,0.0,0.0,0.0,0.0
2_20_9.png,33.28711241526488,1.9203394560812022,0.6656205591991672,0.2771556592224984,0.9929004666142441,0.07681525943905768,452805.0,924643.0,340097.0,1241299.0,1182544.0,1881069.0,1008160.0,1230443.0,7780211.0,1807049.0,0.0,0.0,0.0,0.0,0.0,0.0,0.0,0.0,0.0,0.0
8_15_6.png,14.60313038000789,1.2312862029697644,0.7141719572200833,0.35390930107752555,0.9883567595640439,0.12525179338918263,393418.0,829432.0,294683.0,1115718.0,963146.0,1688729.0,898377.0,1121878.0,8907803.0,1635136.0,0.0,0.0,0.0,0.0,0.0,0.0,0.0,0.0,0.0,0.0
4_20_2.png,16.79367423155554,1.347883415229009,0.6957955087313779,0.29951074867948774,0.9916894523698311,0.08970668857454725,446490.0,929127.0,309739.0,1165133.0,954474.0,1753472.0,985420.0,1234301.0,8223461.0,1846703.0,0.0,0.0,0.0,0.0,0.0,0.0,0.0,0.0,0.0,0.0
4_20_6.png,16.066688336142892,1.2973121256411175,0.7125984348360612,0.33000656052251204,0.9913674949774429,0.10890432998789841,404099.0,856138.0,291660.0,1134033.0,922270.0,1739751.0,921669.0,1168601.0,8717252.0,1692847.0,0.0,0.0,0.0,0.0,0.0,0.0,0.0,0.0,0.0,0.0
2_5_5.png,34.729176343208636,2.2099131128725658,0.6032830521623449,0.16762066248544966,0.9941469979606873,0.028096686492061027,527519.0,1062815.0,415725.0,1462688.0,1442010.0,2186282.0,1184280.0,1405001.0,6081312.0,2080688.0,0.0,0.0,0.0,0.0,0.0,0.0,0.0,0.0,0.0,0.0
5_10_3.png,29.337692335282092,2.040182718517987,0.616960811737894,0.19434499520534795,0.9936278717081443,0.037769977161366715,537342.0,1059226.0,404706.0,1385233.0,1304247.0,2065576.0,1145746.0,1384327.0,6481203.0,2080714.0,0.0,0.0,0.0,0.0,0.0,0.0,0.0,0.0,0.0,0.0
3_20_1.png,22.58254131397726,1.5023130671424982,0.7049971304212904,0.339183898960129,0.9939580735383059,0.115045717313795,397461.0,836069.0,305470.0,1141392.0,1026414.0,1734644.0,923729.0,1135133.0,8704322.0,1643686.0,0.0,0.0,0.0,0.0,0.0,0.0,0.0,0.0,0.0,0.0
1_5_9.png,26.088383554212538,1.691794142964743,0.6884209928815112,0.3054756584666745,0.9942926281331153,0.09331537791564837,427533.0,880309.0,315225.0,1193007.0,1058863.0,1830028.0,951078.0,1191631.0,8275976.0,1724670.0,0.0,0.0,0.0,0.0,0.0,0.0,0.0,0.0,0.0,0.0
1_5_6.png,31.237902491840323,1.7937402487356982,0.6850983167335754,0.325407424161725,0.9938480427664226,0.10588999169956882,441753.0,888117.0,325956.0,1147701.0,1076653.0,1722416.0,955117.0,1160953.0,8385135.0,1744519.0,0.0,0.0,0.0,0.0,0.0,0.0,0.0,0.0,0.0,0.0
3_5_3.png,36.37072233330943,2.065203453965066,0.6488101054164527,0.2612083739540676,0.9937316619387841,0.06822981462372801,490083.0,969598.0,370985.0,1260475.0,1215184.0,1865668.0,1044799.0,1268024.0,7466663.0,1896841.0,0.0,0.0,0.0,0.0,0.0,0.0,0.0,0.0,0.0,0.0
5_5_4.png,29.456699622951106,2.096472340034432,0.571036526154312,0.0815912641327221,0.9908091725623448,0.006657134382775622,622315.0,1304493.0,421424.0,1659018.0,1315264.0,2532451.0,1379476.0,1737492.0,4285801.0,2590586.0,0.299779500772696,0.015839172315321136,0.07012300537920654,0.03823914287433648,0.23425868053889642,0.03823914287433648,0.08014057468108801,0.2318966064534186,0.299779500772696,0.299779500772696
0_15_8.png,30.747133464545755,1.8651585084824793,0.6781587766753344,0.3485389843736894,0.9942385382775536,0.12147942362824289,450934.0,869910.0,348247.0,1119693.0,1137687.0,1627235.0,938095.0,1106900.0,8555309.0,1694310.0,0.0,0.0,0.0,0.0,0.0,0.0,0.0,0.0,0.0,0.0
4_5_2.png,36.97968525833005,2.442462777070406,0.5374016218376316,0.06824950020252098,0.9901453907782021,0.004657994277893911,685968.0,1350640.0,487875.0,1657665.0,1440941.0,2435554.0,1417942.0,1727072.0,3990452.0,2654211.0,0.2628334632642204,0.15516642644779724,0.07818713063481508,0.0503480551666574,0.2628334632642204,0.10529389560795833,0.11258166790968366,0.08357523100039452,0.2628334632642204,0.2628334632642204
4_20_8.png,17.884775810587854,1.3872027545640402,0.7126052450228846,0.3391645533428825,0.9921258410010725,0.11503259424427699,378424.0,821310.0,288749.0,1151039.0,988955.0,1761503.0,899757.0,1131209.0,8820335.0,1607039.0,0.0,0.0,0.0,0.0,0.0,0.0,0.0,0.0,0.0,0.0
8_5_2.png,29.46231203597432,1.7971148586851262,0.6532615370406905,0.2069617692502333,0.993513010865646,0.04283317393118681,478718.0,1012161.0,349813.0,1358365.0,1142999.0,2087126.0,1094261.0,1382364.0,6939520.0,2002993.0,0.0,0.0,0.0,0.0,0.0,0.0,0.0,0.0,0.0,0.0
3_10_4.png,30.121945836770564,2.205916551594276,0.55122700085563,0.07683038425559854,0.9912313967710564,0.0059029079448629255,673264.0,1341060.0,468456.0,1644008.0,1350823.0,2455122.0,1398519.0,1742421.0,4117305.0,2657342.0,0.20167357736221758,0.09902210550785974,0.06262707689690891,0.04951105275392987,0.23618150806332197,0.14986426824040935,0.031313538448454456,0.016503684837873078,0.037634191301062415,0.28762218419103186
0_20_3.png,33.379833768964524,2.103590987141781,0.612076398404688,0.18338883281120422,0.9922517186723546,0.03363146399985581,556639.0,1104370.0,407488.0,1397105.0,1287600.0,2063084.0,1173676.0,1417862.0,6267688.0,2172808.0,0.1964080696798602,0.05097572725409543,0.08924654107618435,0.062289484099069925,0.2271846038707422,0.02822223473082807,0.053547922238375914,0.0,0.019956133507412,0.25835268135469147
6_10_10.png,26.163402384240165,1.6970134231196872,0.6837447794920146,0.29994152522794004,0.9902169531407972,0.089964918556063,448638.0,925252.0,322147.0,1190361.0,1008704.0,1798008.0,979074.0,1222995.0,8149265.0,1803876.0,0.0,0.0,0.0,0.0,0.0,0.0,0.0,0.0,0.0,0.0
7_10_6.png,24.40473855403321,1.5117292017861625,0.7251227033610348,0.3770895454048097,0.9908226012237386,0.14219652525360604,375383.0,796954.0,271515.0,1059632.0,914902.0,1625525.0,856987.0,1078090.0,9321220.0,1548112.0,0.0,0.0,0.0,0.0,0.0,0.0,0.0,0.0,0.0,0.0
0_10_7.png,32.826647179082535,1.8650783687816075,0.698991845869868,0.39731433556199774,0.9947857333709001,0.15785868124307176,404397.0,789093.0,319236.0,1047634.0,1120018.0,1539688.0,864069.0,1010977.0,9230641.0,1522567.0,0.0,0.0,0.0,0.0,0.0,0.0,0.0,0.0,0.0,0.0
6_20_5.png,11.597447858756858,1.1172845082672789,0.7265010122363216,0.3218927532565201,0.9925826403395168,0.10361494459906292,364445.0,835313.0,257146.0,1160910.0,892148.0,1832820.0,915081.0,1182298.0,8751977.0,1656182.0,0.0,0.0,0.0,0.0,0.0,0.0,0.0,0.0,0.0,0.0
4_5_7.png,41.48209566999032,2.1592716590151007,0.6412124049758691,0.2259872694256375,0.9909139017301494,0.05107024594245566,518288.0,1042366.0,365072.0,1298342.0,1154613.0,1943424.0,1098391.0,1359946.0,7022836.0,2045042.0,0.0,0.0,0.0,0.0,0.0,0.0,0.0,0.0,0.0,0.0
2_10_1.png,29.319362872565545,1.9954365203902296,0.6155638533886061,0.13877880591895117,0.9940140983479183,0.01925955697228992,514120.0,1091485.0,381278.0,1509231.0,1312168.0,2327538.0,1202288.0,1487900.0,5871805.0,2150507.0,0.0,0.0,0.0,0.0,0.0,0.0,0.0,0.0,0.0,0.0
6_20_1.png,13.4774213398013,1.392267471575625,0.6539643632060232,0.20234457498597114,0.9886450131704685,0.04094332702625329,515498.0,1058949.0,358720.0,1328954.0,1056499.0,2011893.0,1117388.0,1421471.0,6873401.0,2105547.0,0.0,0.0,0.0,0.0,0.0,0.0,0.0,0.0,0.0,0.0
6_10_8.png,25.08373433072702,1.5779395018112694,0.6988962334028544,0.3203693502753365,0.9915694722793621,0.10263652059584125,424354.0,889354.0,305064.0,1154681.0,967847.0,1749097.0,953395.0,1191908.0,8467384.0,1745236.0,0.0,0.0,0.0,0.0,0.0,0.0,0.0,0.0,0.0,0.0
2_10_9.png,28.548791515727554,1.735523967935153,0.6655027861771795,0.2261763349458112,0.9931289117780382,0.05115573448951978,472183.0,998677.0,330053.0,1317765.0,1055041.0,2020539.0,1076329.0,1357479.0,7235654.0,1984600.0,0.0,0.0,0.0,0.0,0.0,0.0,0.0,0.0,0.0,0.0
0_10_8.png,34.46237446648256,1.9164601341415304,0.6718797847354896,0.29166687841994066,0.9932108844082195,0.08506956796723246,457539.0,929626.0,337148.0,1210715.0,1110994.0,1817575.0,995396.0,1226117.0,7941312.0,1821898.0,0.0,0.0,0.0,0.0,0.0,0.0,0.0,0.0,0.0,0.0
2_20_3.png,26.09468253470105,1.6295232416340877,0.691655879381648,0.32335551205134866,0.9932770104416229,0.10455878717398989,431087.0,880298.0,317069.0,1151536.0,1048943.0,1740753.0,951287.0,1168177.0,8424707.0,1734463.0,0.0,0.0,0.0,0.0,0.0,0.0,0.0,0.0,0.0,0.0
7_5_4.png,24.126157374197486,1.5274072172805857,0.6914204312133172,0.23671268243316235,0.9935648725157096,0.05603289402470316,430177.0,953489.0,285676.0,1287115.0,955456.0,2047213.0,1012404.0,1348045.0,7628368.0,1900377.0,0.0,0.0,0.0,0.0,0.0,0.0,0.0,0.0,0.0,0.0
0_5_10.png,43.98174652989491,2.288265530289445,0.6557491253006329,0.34482536306748973,0.9924912561251196,0.11890453101462611,483545.0,890743.0,376742.0,1118106.0,1243357.0,1601504.0,952460.0,1112898.0,8357147.0,1711818.0,0.0,0.0,0.0,0.0,0.0,0.0,0.0,0.0,0.0,0.0
5_5_3.png,36.33533028765109,2.054854672536853,0.6268043595942836,0.16664152776432425,0.9928419085520649,0.02776939877562805,507490.0,1072369.0,373886.0,1449228.0,1254584.0,2210831.0,1158210.0,1442527.0,6268195.0,2111000.0,0.0,0.0,0.0,0.0,0.0,0.0,0.0,0.0,0.0,0.0
0_5_4.png,37.10768018543094,2.4355175791757824,0.5390745955705576,0.07464456668502593,0.9905420979079106,0.0055718113355952845,691677.0,1353240.0,479717.0,1641208.0,1432835.0,2425160.0,1409957.0,1734866.0,4004513.0,2675147.0,0.28154090907031704,0.20274584395648587,0.28154090907031704,0.03006726427201114,0.18825084830313168,0.057555163341335654,0.052765315789762485,0.0879244900426722,0.28154090907031704,0.15463462539185815
5_15_10.png,22.679215404307595,1.7109062287041357,0.6575982924218026,0.23703105926004825,0.9890244136933927,0.0561837230539405,460347.0,968275.0,345463.0,1326028.0,1165216.0,2016851.0,1067579.0,1313511.0,7292350.0,1892700.0,0.0,0.0,0.0,0.0,0.0,0.0,0.0,0.0,0.0,0.0
1_15_3.png,27.650257904128257,1.6234761127649653,0.7133449575563648,0.38872693315689444,0.9943716672142461,0.15110862856156468,398794.0,794618.0,296981.0,1038158.0,1012619.0,1564209.0,861309.0,1044342.0,9276295.0,1560995.0,0.0,0.0,0.0,0.0,0.0,0.0,0.0,0.0,0.0,0.0
5_20_1.png,13.660786691653813,1.2566908243965424,0.6949807863933357,0.26388074487127094,0.9916782386074539,0.06963304751381678,428277.0,934859.0,301824.0,1248012.0,971838.0,1927944.0,1008915.0,1288655.0,7874865.0,1863131.0,0.0,0.0,0.0,0.0,0.0,0.0,0.0,0.0,0.0,0.0
0_5_5.png,35.44044858057458,2.1130826100211615,0.6440581045765472,0.30488277551628196,0.9951184678457715,0.09295350680651158,488095.0,920565.0,396681.0,1212086.0,1321108.0,1745907.0,1012796.0,1159641.0,7798219.0,1793222.0,0.0,0.0,0.0,0.0,0.0,0.0,0.0,0.0,0.0,0.0
5_5_2.png,36.44950929844698,2.4019954225099536,0.5495903414707831,0.0752216618139324,0.9904010297372455,0.005658298406049616,644475.0,1306820.0,460931.0,1682477.0,1445462.0,2519907.0,1393104.0,1713655.0,4114061.0,2567428.0,0.24193704723481693,0.031557921834463626,0.0,0.015778960917231813,0.08467878889731122,0.09196651864901015,0.2404959297439193,0.1396204510846124,0.06694445805201303,0.3182323663405698
4_20_4.png,16.868678266561457,1.4171678293461496,0.6969143704527391,0.3402060571496488,0.9920485589863749,0.11574016132131011,420958.0,856567.0,324627.0,1138060.0,1038063.0,1673506.0,939456.0,1138355.0,8634546.0,1684182.0,0.0,0.0,0.0,0.0,0.0,0.0,0.0,0.0,0.0,0.0
7_5_2.png,28.28297339586098,1.7060426455292133,0.6746677208937677,0.24839750873089628,0.993878896204059,0.06170132234371569,441930.0,940509.0,323392.0,1287945.0,1086095.0,1995686.0,1023254.0,1297899.0,7592246.0,1859364.0,0.0,0.0,0.0,0.0,0.0,0.0,0.0,0.0,0.0,0.0
8_10_3.png,18.506738459883074,1.508995261109716,0.6873900407631901,0.35613264225515834,0.9948376788900678,0.1268304588796406,429626.0,835386.0,352996.0,1127053.0,1125061.0,1646488.0,935007.0,1086572.0,8671867.0,1638264.0,0.0,0.0,0.0,0.0,0.0,0.0,0.0,0.0,0.0,0.0
8_5_5.png,30.91231506222876,1.9134056346615973,0.6494647524616146,0.22331226890114003,0.9942217301594477,0.04986836944177507,479443.0,993026.0,360300.0,1341975.0,1189042.0,2035860.0,1073209.0,1330833.0,7089727.0,1954905.0,0.0,0.0,0.0,0.0,0.0,0.0,0.0,0.0,0.0,0.0
0_15_2.png,24.391843347620252,1.8581296402568062,0.6230854387360782,0.19039482635210117,0.9956258171522583,0.03625018990164676,548197.0,1087899.0,401166.0,1369947.0,1229510.0,2034759.0,1164075.0,1407384.0,6451228.0,2154155.0,0.14458267039880737,0.05104684304786685,0.032284857492243954,0.04107932651841335,0.21306919848245298,0.08507807295596036,0.09685457973382552,0.10592055477618886,0.0,0.2470557133992241
4_15_8.png,23.675020959614077,1.7834129873390485,0.6409988785602143,0.23233853554349948,0.9924036296143731,0.05398119509849797,514442.0,1019715.0,381819.0,1305114.0,1182645.0,1932006.0,1104959.0,1337196.0,7066145.0,2004279.0,0.0,0.0,0.0,0.0,0.0,0.0,0.0,0.0,0.0,0.0
8_5_7.png,31.704745839460564,1.7072996619561709,0.7149043192716484,0.364440286074421,0.9928746027091324,0.13281672211400583,387218.0,812115.0,282688.0,1080700.0,965291.0,1655463.0,869427.0,1096854.0,9113896.0,1584668.0,0.0,0.0,0.0,0.0,0.0,0.0,0.0,0.0,0.0,0.0
5_20_3.png,12.38283026523439,1.2019023932068436,0.705241194680075,0.27913898299694706,0.9900757331241692,0.0779185718285699,413121.0,907733.0,286951.0,1222281.0,940878.0,1895867.0,968685.0,1266863.0,8142855.0,1803086.0,0.0,0.0,0.0,0.0,0.0,0.0,0.0,0.0,0.0,0.0
7_5_5.png,31.458199132025396,1.9008148470284423,0.6551186262152175,0.22889483188018767,0.9939701747961799,0.05239284406145938,473925.0,980173.0,349804.0,1324796.0,1159197.0,2019538.0,1055406.0,1325148.0,7228622.0,1931711.0,0.0,0.0,0.0,0.0,0.0,0.0,0.0,0.0,0.0,0.0
5_10_8.png,25.89812181682867,1.5989452942864317,0.7061777080146205,0.35796784132284076,0.99303502609755,0.1281409754213345,415369.0,846081.0,307003.0,1085440.0,973826.0,1618680.0,911121.0,1115766.0,8911181.0,1663853.0,0.0,0.0,0.0,0.0,0.0,0.0,0.0,0.0,0.0,0.0
6_5_2.png,26.56840164448908,1.6829275537104118,0.6872921727304715,0.30245669676003434,0.9947850279127336,0.09148005341499137,427082.0,887358.0,321832.0,1194559.0,1068927.0,1812181.0,968264.0,1194630.0,8223387.0,1750100.0,0.0,0.0,0.0,0.0,0.0,0.0,0.0,0.0,0.0,0.0
5_20_9.png,10.775669698898891,1.1822587514795022,0.7071424002538025,0.3197599605619327,0.9907277760809499,0.10224643237856873,418883.0,879016.0,304403.0,1155973.0,942353.0,1747683.0,938401.0,1194870.0,8530617.0,1736121.0,0.0,0.0,0.0,0.0,0.0,0.0,0.0,0.0,0.0,0.0
6_10_1.png,23.991814093827337,1.7725331542986265,0.6497556658785539,0.2544522185416043,0.993430083914801,0.06474593152074437,493752.0,971184.0,376759.0,1278176.0,1183784.0,1897775.0,1058492.0,1285802.0,7391321.0,1911275.0,0.0,0.0,0.0,0.0,0.0,0.0,0.0,0.0,0.0,0.0
7_5_8.png,30.69853405993329,1.7419301002474803,0.7119526952013056,0.37387122989397326,0.9925035949517143,0.1397796965424322,394637.0,803274.0,296040.0,1068612.0,968631.0,1616050.0,865307.0,1078618.0,9192334.0,1564817.0,0.0,0.0,0.0,0.0,0.0,0.0,0.0,0.0,0.0,0.0
3_5_5.png,33.6758758204512,2.0215941187547073,0.6377359594096775,0.20891099828048285,0.9941291475265658,0.04364380520254791,490387.0,1013794.0,371517.0,1373456.0,1261377.0,2072498.0,1101876.0,1351206.0,6823731.0,1988478.0,0.0,0.0,0.0,0.0,0.0,0.0,0.0,0.0,0.0,0.0
0_10_10.png,36.71793235088411,2.0666942765682723,0.6574734217836409,0.27410418642281464,0.9922391071504304,0.07513310501451313,471743.0,958379.0,351500.0,1248709.0,1160862.0,1870846.0,1030478.0,1250866.0,7643758.0,1861179.0,0.0,0.0,0.0,0.0,0.0,0.0,0.0,0.0,0.0,0.0
3_15_7.png,27.669058677952737,1.7652211631577064,0.6686489857568103,0.2748844878345752,0.9924102984896311,0.07556148165207673,475785.0,959323.0,342183.0,1223891.0,1073420.0,1844077.0,1025521.0,1267990.0,7745826.0,1890304.0,0.0,0.0,0.0,0.0,0.0,0.0,0.0,0.0,0.0,0.0
6_10_6.png,26.836326037444856,1.534064416627811,0.7473969314423365,0.4465224072137316,0.9915849187961372,0.19938226014394556,333628.0,695631.0,251614.0,956633.0,892334.0,1467258.0,761251.0,945227.0,10203635.0,1341109.0,0.0,0.0,0.0,0.0,0.0,0.0,0.0,0.0,0.0,0.0
3_5_1.png,32.5606694523152,1.8831981232739141,0.6804899426115242,0.3075739255251656,0.9947098830829348,0.09460171966296013,420545.0,864405.0,326112.0,1202000.0,1160350.0,1822365.0,942674.0,1168044.0,8260560.0,1681265.0,0.0,0.0,0.0,0.0,0.0,0.0,0.0,0.0,0.0,0.0
4_20_3.png,15.992175675190989,1.3580647439116245,0.698649702530856,0.3198572673266105,0.992010696469015,0.10230867146164678,428776.0,888630.0,315172.0,1151900.0,992422.0,1728368.0,956675.0,1185146.0,8445958.0,1755273.0,0.0,0.0,0.0,0.0,0.0,0.0,0.0,0.0,0.0,0.0
4_10_7.png,28.178109644560813,1.7089521089630932,0.6961538929953107,0.3547565695058849,0.9938654545573361,0.12585222360758375,429930.0,855342.0,318743.0,1090824.0,1029441.0,1618762.0,918014.0,1114132.0,8795997.0,1677135.0,0.0,0.0,0.0,0.0,0.0,0.0,0.0,0.0,0.0,0.0
7_10_10.png,23.045884518130624,1.607264467737886,0.6931788210438726,0.3087042440583875,0.9911249783909524,0.09529831029966045,420570.0,886241.0,307183.0,1183842.0,1017485.0,1808502.0,951800.0,1192609.0,8353619.0,1726469.0,0.0,0.0,0.0,0.0,0.0,0.0,0.0,0.0,0.0,0.0
2_15_8.png,28.639732479107636,1.6581327785947417,0.7126426054752628,0.4085992036892496,0.9936759717306082,0.1669533092554889,403715.0,784032.0,310405.0,1006664.0,1002296.0,1480358.0,857438.0,1014457.0,9453862.0,1535093.0,0.0,0.0,0.0,0.0,0.0,0.0,0.0,0.0,0.0,0.0
6_5_7.png,34.304636333883295,1.787049872673147,0.7076738029622041,0.34235948151918455,0.9921953412018555,0.11721001458608488,399663.0,836977.0,287514.0,1120059.0,978930.0,1725625.0,889851.0,1137362.0,8840329.0,1632010.0,0.0,0.0,0.0,0.0,0.0,0.0,0.0,0.0,0.0,0.0
8_5_4.png,25.447034046483267,1.578788085972526,0.6924653407509183,0.2778460253734676,0.9936869300951651,0.07719841381583359,436784.0,928551.0,299763.0,1217547.0,973142.0,1887698.0,986089.0,1265250.0,8005696.0,1847800.0,0.0,0.0,0.0,0.0,0.0,0.0,0.0,0.0,0.0,0.0
4_15_7.png,26.14866009782648,1.8051267552275745,0.6426531748529527,0.22008551274007937,0.9904379958849686,0.04843763291806363,523119.0,1047505.0,371637.0,1314857.0,1123670.0,1962416.0,1112002.0,1373990.0,6952982.0,2066142.0,0.0,0.0,0.0,0.0,0.0,0.0,0.0,0.0,0.0,0.0
8_5_3.png,30.038873247014095,1.84739024783903,0.6750744876369223,0.30720295343636417,0.9944331064913288,0.09437365460002495,444426.0,889989.0,343820.0,1195709.0,1130938.0,1789622.0,968484.0,1178096.0,8161244.0,1745992.0,0.0,0.0,0.0,0.0,0.0,0.0,0.0,0.0,0.0,0.0
7_10_2.png,17.720023492701124,1.423082475520964,0.6902827285256206,0.27962530139341785,0.9932150009794402,0.07819030917935976,432190.0,917549.0,313948.0,1227567.0,1007361.0,1890517.0,993458.0,1250802.0,7998524.0,1816404.0,0.0,0.0,0.0,0.0,0.0,0.0,0.0,0.0,0.0,0.0
5_5_1.png,35.23901066138231,2.1313901043721533,0.6247890942301022,0.19661435236713803,0.9936940692095354,0.03865720355674911,507843.0,1031013.0,385217.0,1390829.0,1300462.0,2109644.0,1126032.0,1379267.0,6598557.0,2019456.0,0.0,0.0,0.0,0.0,0.0,0.0,0.0,0.0,0.0,0.0
8_10_5.png,19.421538525339837,1.443929781930347,0.6860773932492487,0.3062076929939153,0.9922098938343838,0.0937631512486559,446762.0,905067.0,335666.0,1181107.0,1039246.0,1777220.0,982129.0,1204219.0,8188532.0,1788372.0,0.0,0.0,0.0,0.0,0.0,0.0,0.0,0.0,0.0,0.0
2_5_9.png,26.919559467020555,1.7243580978085435,0.668559188619382,0.24963650393028178,0.9939032135906762,0.06231838409453359,469935.0,978675.0,333048.0,1264654.0,1070920.0,1925967.0,1048197.0,1314168.0,7509735.0,1933021.0,0.0,0.0,0.0,0.0,0.0,0.0,0.0,0.0,0.0,0.0
6_5_9.png,22.952510670348985,1.5365502044402999,0.6923168930164502,0.26695195611488337,0.9930061583852443,0.07126334687356262,437290.0,942602.0,297859.0,1232551.0,938528.0,1919534.0,994100.0,1292748.0,7922220.0,1870888.0,0.0,0.0,0.0,0.0,0.0,0.0,0.0,0.0,0.0,0.0
2_10_5.png,25.93646838348696,1.7425495857393922,0.66264184775919,0.27001385268083516,0.9953554682453638,0.07290748063954774,468116.0,951406.0,356059.0,1248027.0,1168538.0,1865576.0,1041692.0,1252803.0,7619964.0,1876139.0,0.0,0.0,0.0,0.0,0.0,0.0,0.0,0.0,0.0,0.0
4_10_1.png,23.42106822298339,1.6543174563322693,0.6795231158770579,0.32264092341763495,0.9952257559203462,0.10409716546378417,453884.0,897040.0,349295.0,1156681.0,1080323.0,1698450.0,978822.0,1164640.0,8295946.0,1773239.0,0.0,0.0,0.0,0.0,0.0,0.0,0.0,0.0,0.0,0.0
2_15_5.png,37.50216724651196,2.1908600390947237,0.6214743447413245,0.2155106156742246,0.9927358964763037,0.04644482546828335,542381.0,1059029.0,396878.0,1326300.0,1281349.0,1953711.0,1126852.0,1352003.0,6737865.0,2071952.0,0.0,0.0,0.0,0.0,0.0,0.0,0.0,0.0,0.0,0.0
2_10_4.png,23.510210582475526,1.563913933323769,0.6947988425912734,0.3106923092180728,0.9952932070612336,0.09652971100725855,423873.0,886943.0,308465.0,1173510.0,1027388.0,1782754.0,970954.0,1194239.0,8318522.0,1761672.0,0.0,0.0,0.0,0.0,0.0,0.0,0.0,0.0,0.0,0.0
0_15_3.png,31.997966525142566,2.0160658804382914,0.6256960507714677,0.20096277219358108,0.9931075992435549,0.04038603580772917,533464.0,1066767.0,387312.0,1360615.0,1261969.0,2022947.0,1145163.0,1385739.0,6585496.0,2098848.0,0.0,0.0,0.0,0.0,0.0,0.0,0.0,0.0,0.0,0.0
8_10_1.png,15.754838980847172,1.3558349548079338,0.7070675665513089,0.38037104054931314,0.9944591357650474,0.1446821284885672,417324.0,818418.0,325259.0,1063969.0,994925.0,1564274.0,900663.0,1066430.0,9083081.0,1613977.0,0.0,0.0,0.0,0.0,0.0,0.0,0.0,0.0,0.0,0.0
8_10_10.png,20.64423834779958,1.579825979161436,0.683009955954934,0.312049956070351,0.991119461094815,0.09737517508350799,445983.0,903561.0,332713.0,1173810.0,1039082.0,1759685.0,974344.0,1194828.0,8258611.0,1765703.0,0.0,0.0,0.0,0.0,0.0,0.0,0.0,0.0,0.0,0.0
7_15_3.png,12.410921303934579,1.1889333237688748,0.7072750376518382,0.295778660512874,0.990540352780191,0.08748501601478997,416530.0,897377.0,292562.0,1186355.0,925407.0,1833068.0,961640.0,1237748.0,8313770.0,1783863.0,0.0,0.0,0.0,0.0,0.0,0.0,0.0,0.0,0.0,0.0
0_5_9.png,31.188874143682078,1.9761231887306767,0.6487842359777138,0.26971432381236504,0.9938486374629723,0.07274581646956131,488879.0,963792.0,371056.0,1256889.0,1202614.0,1856805.0,1050105.0,1257644.0,7514570.0,1885966.0,0.0,0.0,0.0,0.0,0.0,0.0,0.0,0.0,0.0,0.0
8_10_9.png,15.041491741687887,1.2096749354399052,0.7388498091346967,0.4220422742518824,0.9922954376981328,0.17811968125570113,367311.0,749065.0,280834.0,987919.0,863651.0,1482634.0,818553.0,1000361.0,9819857.0,1478135.0,0.0,0.0,0.0,0.0,0.0,0.0,0.0,0.0,0.0,0.0
4_15_2.png,13.829984689394214,1.2914877066819699,0.6935943200201957,0.316683478591063,0.9957624976447715,0.10028842561253624,450352.0,916867.0,331356.0,1147895.0,970080.0,1700327.0,994689.0,1198616.0,8306380.0,1831758.0,0.0,0.0,0.0,0.0,0.0,0.0,0.0,0.0,0.0,0.0
0_15_4.png,27.192362462339943,1.9095444142068076,0.6300680319526335,0.20918975125315428,0.9949115253209113,0.04376035202935657,530342.0,1053928.0,390933.0,1341468.0,1221385.0,2002138.0,1129706.0,1372204.0,6725580.0,2080636.0,0.0,0.0,0.0,0.0,0.0,0.0,0.0,0.0,0.0,0.0
6_20_8.png,10.727448688174745,1.1059646354147987,0.7158922896550846,0.3171376640227189,0.9897232450124265,0.10057629794178695,404139.0,876037.0,285343.0,1157346.0,888441.0,1770556.0,935374.0,1208663.0,8572331.0,1750090.0,0.0,0.0,0.0,0.0,0.0,0.0,0.0,0.0,0.0,0.0
6_10_2.png,20.441906955005198,1.5138731909723464,0.6913655670293846,0.3169096688096729,0.9938162982021657,0.10043173818505656,433570.0,887910.0,321153.0,1164551.0,1021578.0,1764425.0,962375.0,1180340.0,8363083.0,1749335.0,0.0,0.0,0.0,0.0,0.0,0.0,0.0,0.0,0.0,0.0
3_15_9.png,25.211569706968906,1.8619005774541804,0.6389735706372501,0.23789831301287134,0.993990150842946,0.056595607334370114,509431.0,1005180.0,386845.0,1307376.0,1218282.0,1935132.0,1093370.0,1309206.0,7106337.0,1977161.0,0.0,0.0,0.0,0.0,0.0,0.0,0.0,0.0,0.0,0.0
7_5_10.png,29.607256509809545,1.6784796321867939,0.7121066478979106,0.3519534354617354,0.9925840351909364,0.12387122073331797,396882.0,825093.0,288677.0,1099675.0,949745.0,1679531.0,885698.0,1127596.0,8976561.0,1618862.0,0.0,0.0,0.0,0.0,0.0,0.0,0.0,0.0,0.0,0.0
6_15_9.png,10.417873394964312,1.144536714070514,0.7165068908476341,0.33995806658282185,0.9927586055817793,0.11557148703473034,402043.0,840285.0,297213.0,1120649.0,924115.0,1709221.0,914156.0,1146806.0,8823753.0,1670079.0,0.0,0.0,0.0,0.0,0.0,0.0,0.0,0.0,0.0,0.0
1_10_3.png,32.37498587747928,1.9894007119543773,0.6608981858410297,0.3407966077093362,0.9952757857124943,0.11614232782619119,468266.0,875336.0,376870.0,1140508.0,1261858.0,1642991.0,955715.0,1100393.0,8322675.0,1703708.0,0.0,0.0,0.0,0.0,0.0,0.0,0.0,0.0,0.0,0.0
6_5_8.png,37.386733012625086,1.9819578072881172,0.6802615150955604,0.3032554257441108,0.9907436136747971,0.0919638532432419,448056.0,908188.0,325454.0,1185781.0,1045599.0,1787794.0,960824.0,1210039.0,8205943.0,1770642.0,0.0,0.0,0.0,0.0,0.0,0.0,0.0,0.0,0.0,0.0
1_15_9.png,24.842668394246974,1.6554793138696602,0.6981467298899128,0.3659189721427515,0.9955735049442983,0.13389669417400774,408128.0,812991.0,319711.0,1097958.0,1086303.0,1649315.0,900174.0,1070984.0,8907502.0,1595254.0,0.0,0.0,0.0,0.0,0.0,0.0,0.0,0.0,0.0,0.0
0_5_6.png,35.003344683655534,2.0585875013450017,0.6427907187229207,0.28105419158486594,0.9943043179339854,0.07899145860742252,508301.0,972657.0,389409.0,1223233.0,1248240.0,1773189.0,1050274.0,1232706.0,7542447.0,1907864.0,0.0,0.0,0.0,0.0,0.0,0.0,0.0,0.0,0.0,0.0
0_20_1.png,28.390942644632542,1.7071595575840175,0.6914525757516511,0.3468473591642856,0.9947673037519114,0.12030309055923892,426588.0,850683.0,329773.0,1117999.0,1088647.0,1659453.0,931698.0,1119895.0,8647694.0,1675890.0,0.0,0.0,0.0,0.0,0.0,0.0,0.0,0.0,0.0,0.0
4_20_1.png,16.730243602273948,1.353995328359815,0.7040726538226505,0.34766625204099705,0.9936381786944499,0.1208718228082341,425651.0,863727.0,320036.0,1099552.0,970013.0,1630993.0,941204.0,1138208.0,8745784.0,1713152.0,0.0,0.0,0.0,0.0,0.0,0.0,0.0,0.0,0.0,0.0
0_15_1.png,32.70710547729637,2.1028080839101895,0.6254482636533825,0.2518094595545998,0.9947876033373453,0.06340800392117964,522365.0,990987.0,414693.0,1296359.0,1339680.0,1888575.0,1075526.0,1264435.0,7124784.0,1930916.0,0.0,0.0,0.0,0.0,0.0,0.0,0.0,0.0,0.0,0.0
6_15_2.png,11.737101487123846,1.2232827126896453,0.6921801003653283,0.2887939528780204,0.9939654666315976,0.08340194721891228,454182.0,934578.0,322958.0,1190000.0,952685.0,1807872.0,1003123.0,1257086.0,8059878.0,1865958.0,0.0,0.0,0.0,0.0,0.0,0.0,0.0,0.0,0.0,0.0
0_20_9.png,36.62615076127111,2.0355980551271475,0.6713140429309841,0.3534705130835913,0.9933247233317233,0.12494140361957727,452632.0,859024.0,355926.0,1122982.0,1194111.0,1635175.0,932122.0,1084947.0,8547063.0,1664338.0,0.0,0.0,0.0,0.0,0.0,0.0,0.0,0.0,0.0,0.0
3_20_6.png,20.6623032934615,1.5559630662458304,0.6695365079122682,0.27515754001883425,0.9926032273747369,0.07571167182921637,484183.0,974046.0,355493.0,1220332.0,1047360.0,1804185.0,1048373.0,1273098.0,7711264.0,1929986.0,0.0,0.0,0.0,0.0,0.0,0.0,0.0,0.0,0.0,0.0
5_20_6.png,12.959437094257737,1.2051447446289587,0.718154935011375,0.3469908273626575,0.9917420949419778,0.1204026342738216,405228.0,844654.0,290620.0,1097459.0,896749.0,1665797.0,901366.0,1145790.0,8922315.0,1678342.0,0.0,0.0,0.0,0.0,0.0,0.0,0.0,0.0,0.0,0.0
2_20_1.png,29.41318449392059,1.6815712313044726,0.7009506181894292,0.36762594605065985,0.9935120094372952,0.13514883620964266,422159.0,836716.0,317434.0,1073847.0,1023114.0,1598594.0,905475.0,1087740.0,8943518.0,1639723.0,0.0,0.0,0.0,0.0,0.0,0.0,0.0,0.0,0.0,0.0
4_10_4.png,28.730079736200278,2.1795592204368566,0.5507175979896431,0.07455350661850996,0.9906665929184632,0.005558225349116207,673018.0,1342784.0,466846.0,1648304.0,1359209.0,2459471.0,1412278.0,1739975.0,4085428.0,2661007.0,0.2876542064913365,0.22363402342508656,0.05303946254803859,0.19803326325843956,0.2876542064913365,0.1190326269892309,0.08839910822085773,0.2070940099451539,0.13061165459645588,0.2876542064913365
5_10_6.png,31.988725520964095,1.7236593692837414,0.7131235277584871,0.37106995415502564,0.9908047446064109,0.13769291087661284,400818.0,825381.0,289094.0,1061040.0,954988.0,1601485.0,879756.0,1088933.0,9141010.0,1605815.0,0.0,0.0,0.0,0.0,0.0,0.0,0.0,0.0,0.0,0.0
7_10_4.png,17.667061910440804,1.3538295568666834,0.7142651595607292,0.3484090657294859,0.9943605571351477,0.12138887708249321,396711.0,831928.0,293564.0,1108156.0,944121.0,1693961.0,908130.0,1126004.0,8900318.0,1645427.0,0.0,0.0,0.0,0.0,0.0,0.0,0.0,0.0,0.0,0.0
3_5_4.png,26.301319446935185,1.6512588097629208,0.6798923624671311,0.27167769007325676,0.99424242192201,0.07380876728354055,460449.0,954663.0,321035.0,1216278.0,1037019.0,1849166.0,1019218.0,1274692.0,7818379.0,1897421.0,0.0,0.0,0.0,0.0,0.0,0.0,0.0,0.0,0.0,0.0
4_15_3.png,20.908910189734947,1.4844494234424879,0.7008570352953802,0.34478888382488665,0.9938132017055439,0.11887937440921119,422963.0,858293.0,313287.0,1110134.0,1012254.0,1658972.0,933073.0,1135798.0,8708555.0,1694991.0,0.0,0.0,0.0,0.0,0.0,0.0,0.0,0.0,0.0,0.0
3_20_5.png,22.48606364997669,1.6296583022488433,0.67347768765192,0.28923243515512914,0.9947235710604576,0.08365540154576599,460621.0,929604.0,349341.0,1207278.0,1093899.0,1799865.0,1013270.0,1228944.0,7929335.0,1836163.0,0.0,0.0,0.0,0.0,0.0,0.0,0.0,0.0,0.0,0.0
1_5_2.png,29.52492961156343,1.7697946181987732,0.6900334437567566,0.3663421963907011,0.995120612992544,0.13420660485636302,431255.0,835076.0,339676.0,1097288.0,1102158.0,1596576.0,916917.0,1072960.0,8823142.0,1633272.0,0.0,0.0,0.0,0.0,0.0,0.0,0.0,0.0,0.0,0.0
5_5_6.png,21.90413038897457,1.4853499022631902,0.7056130290217588,0.3203786096395248,0.9947797510257362,0.10264245351455503,400656.0,861293.0,294005.0,1166112.0,970721.0,1786207.0,945040.0,1174382.0,8542407.0,1707497.0,0.0,0.0,0.0,0.0,0.0,0.0,0.0,0.0,0.0,0.0
6_15_8.png,14.102912489688316,1.2768408593665939,0.7048500416940968,0.30370815221615666,0.9916438594569802,0.0922386417225522,411760.0,882454.0,295721.0,1181642.0,966735.0,1820191.0,950022.0,1215357.0,8375606.0,1748832.0,0.0,0.0,0.0,0.0,0.0,0.0,0.0,0.0,0.0,0.0
3_10_3.png,37.9153467527169,2.5834523846884974,0.5214040498127728,0.07028643296569244,0.9914482035520725,0.004940182659040776,689651.0,1332605.0,510680.0,1683675.0,1595418.0,2463058.0,1422035.0,1701357.0,3836414.0,2613427.0,0.25215326512155223,0.06247613591515093,0.03951337652323884,0.0,0.25923008667832287,0.057705526614084096,0.17902626503295122,0.20798124840213783,0.050888724138115043,0.18161115027467928
7_10_8.png,20.734073159140635,1.4653613796133569,0.702396100144332,0.30413592452959753,0.9916431597060216,0.09249866058947304,411451.0,883061.0,296504.0,1188115.0,964959.0,1823913.0,954362.0,1213461.0,8373044.0,1739450.0,0.0,0.0,0.0,0.0,0.0,0.0,0.0,0.0,0.0,0.0
2_5_1.png,40.8116163897457,2.387407138822137,0.5973470101943545,0.16825624855131047,0.9929952506770134,0.02831016517656037,560432.0,1091571.0,424373.0,1433012.0,1399397.0,2125909.0,1177808.0,1426489.0,6078592.0,2130737.0,0.0,0.0,0.0,0.0,0.0,0.0,0.0,0.0,0.0,0.0
2_20_4.png,29.46774797353036,1.9202975368530542,0.6350245258242377,0.1926957982762972,0.9926707975322668,0.03713167067333943,503592.0,1043402.0,374413.0,1389774.0,1217473.0,2105936.0,1129362.0,1396929.0,6638733.0,2048706.0,0.0,0.0,0.0,0.0,0.0,0.0,0.0,0.0,0.0,0.0
6_10_4.png,19.350534862451134,1.4246134240163553,0.7093747961045412,0.3511533656427152,0.9946283762413585,0.12330868620220645,407981.0,836807.0,302420.0,1103843.0,965192.0,1667640.0,911633.0,1124696.0,8871453.0,1656655.0,0.0,0.0,0.0,0.0,0.0,0.0,0.0,0.0,0.0,0.0
1_15_5.png,30.910988329866214,1.8344849539112658,0.6885856562347779,0.36815955812212287,0.9948363065403015,0.13554146023667676,416760.0,811777.0,333371.0,1099241.0,1167849.0,1631243.0,909989.0,1058348.0,8840280.0,1579462.0,0.0,0.0,0.0,0.0,0.0,0.0,0.0,0.0,0.0,0.0
3_20_2.png,20.56906848525878,1.6138308234102077,0.6566932428053105,0.24081417462911336,0.9921128338757667,0.057991466702301105,497819.0,1009896.0,356382.0,1278832.0,1104840.0,1912181.0,1091229.0,1331777.0,7270848.0,1994516.0,0.0,0.0,0.0,0.0,0.0,0.0,0.0,0.0,0.0,0.0
3_10_6.png,31.675382989311718,1.7089068272300134,0.70541125142638,0.35553564580251784,0.991545229150411,0.12640559543621344,428861.0,868668.0,304327.0,1074212.0,935552.0,1593248.0,920360.0,1133285.0,8883267.0,1706540.0,0.0,0.0,0.0,0.0,0.0,0.0,0.0,0.0,0.0,0.0
8_15_5.png,11.73811612298698,1.1638887145367813,0.7203994996467951,0.364645052614095,0.9917839418590468,0.13296601439593614,400109.0,822759.0,294263.0,1076031.0,928506.0,1624753.0,888767.0,1106843.0,9068020.0,1638269.0,0.0,0.0,0.0,0.0,0.0,0.0,0.0,0.0,0.0,0.0
2_5_6.png,27.969105865105266,1.7558827023779635,0.6728781944799936,0.2749087412690071,0.9938333218556472,0.0755748160261099,458059.0,940986.0,336636.0,1234920.0,1092978.0,1861781.0,1015076.0,1250463.0,7803955.0,1853466.0,0.0,0.0,0.0,0.0,0.0,0.0,0.0,0.0,0.0,0.0
4_5_9.png,24.930473037193792,1.6349452808364118,0.6825964719213378,0.2796973244126449,0.9938537295386183,0.07823059328359233,450374.0,942626.0,319635.0,1219380.0,1013213.0,1843853.0,1015904.0,1264619.0,7908369.0,1870347.0,0.0,0.0,0.0,0.0,0.0,0.0,0.0,0.0,0.0,0.0
2_15_1.png,25.51852908342599,1.7811541686094474,0.6585397114509126,0.2777012582006408,0.9948044207794886,0.07711798880621897,474606.0,935598.0,370519.0,1246146.0,1187848.0,1842788.0,1028271.0,1229115.0,7691633.0,1841796.0,0.0,0.0,0.0,0.0,0.0,0.0,0.0,0.0,0.0,0.0
1_15_2.png,18.30367801997776,1.381600933431369,0.7118206633631692,0.35259455160732256,0.9965991784020767,0.12432291782316884,406434.0,840456.0,297176.0,1091871.0,967939.0,1658029.0,918120.0,1120505.0,8874208.0,1673582.0,0.0,0.0,0.0,0.0,0.0,0.0,0.0,0.0,0.0,0.0
1_20_3.png,28.20388537444855,1.6356628393888313,0.7138219257333409,0.3821339251951448,0.9937109692346061,0.1460263367850485,389774.0,793787.0,291031.0,1062255.0,1012065.0,1609406.0,866102.0,1052219.0,9219768.0,1551913.0,0.0,0.0,0.0,0.0,0.0,0.0,0.0,0.0,0.0,0.0
2_10_6.png,33.49108095566873,1.7650954054732615,0.6980660415107351,0.30064626476243356,0.9914208211744174,0.0903881765156033,415233.0,897636.0,288535.0,1180634.0,984857.0,1825841.0,962754.0,1218903.0,8315832.0,1758095.0,0.0,0.0,0.0,0.0,0.0,0.0,0.0,0.0,0.0,0.0
6_15_5.png,21.580864937143573,1.6216345248556365,0.6660988431289343,0.25996206456037413,0.9903714262071104,0.06758027501049213,475335.0,966711.0,346328.0,1260631.0,1103737.0,1894709.0,1037484.0,1283437.0,7576400.0,1903548.0,0.0,0.0,0.0,0.0,0.0,0.0,0.0,0.0,0.0,0.0
2_10_7.png,32.90631792259963,1.847459515440623,0.6760543772167252,0.277407349402831,0.9933862687775661,0.07695483750270438,454880.0,942632.0,323431.0,1214484.0,1071967.0,1851041.0,1005587.0,1257054.0,7871827.0,1855417.0,0.0,0.0,0.0,0.0,0.0,0.0,0.0,0.0,0.0,0.0
8_15_7.png,10.967263100319213,1.0337896999748932,0.7530687914016057,0.4442707922365796,0.9911857842197872,0.19737653683451808,352409.0,721867.0,261044.0,949437.0,819566.0,1420732.0,778657.0,974920.0,10141287.0,1428401.0,0.0,0.0,0.0,0.0,0.0,0.0,0.0,0.0,0.0,0.0
1_10_4.png,26.80298142103942,1.6847577651447223,0.698557932418859,0.36947399259805574,0.9951613709083692,0.13651103120634814,421587.0,824456.0,321043.0,1080358.0,1054923.0,1605518.0,895805.0,1073864.0,8952303.0,1618463.0,0.0,0.0,0.0,0.0,0.0,0.0,0.0,0.0,0.0,0.0
0_15_7.png,30.6838538117356,1.8325528585775261,0.683516262172554,0.3444291296576542,0.9939905405662526,0.11863142535672919,449151.0,871813.0,337383.0,1112316.0,1090544.0,1649085.0,928185.0,1123860.0,8582009.0,1703974.0,0.0,0.0,0.0,0.0,0.0,0.0,0.0,0.0,0.0,0.0
5_15_6.png,26.83057805943116,1.774386230766472,0.6568813777064206,0.23371082969220827,0.9881830096555061,0.054620751915420374,467279.0,981753.0,347555.0,1322166.0,1167451.0,2012382.0,1068186.0,1327949.0,7227665.0,1925934.0,0.0,0.0,0.0,0.0,0.0,0.0,0.0,0.0,0.0,0.0
6_20_2.png,7.0486427809260785,0.8350073750941501,0.7712987401416865,0.4063232092662754,0.9934326185054975,0.16509855038844545,337625.0,755565.0,215358.0,968871.0,650634.0,1530430.0,801891.0,1064298.0,10002430.0,1521218.0,0.0,0.0,0.0,0.0,0.0,0.0,0.0,0.0,0.0,0.0
7_15_6.png,14.31199237383882,1.3077910360101863,0.7062461428133326,0.3311773903920882,0.9886282957425151,0.10967846390691362,411959.0,860225.0,301666.0,1137553.0,974604.0,1713707.0,924918.0,1163648.0,8662897.0,1697143.0,0.0,0.0,0.0,0.0,0.0,0.0,0.0,0.0,0.0,0.0
3_20_9.png,25.57265655822962,1.7429942209748577,0.6675626463348903,0.290426074241674,0.9929414170620356,0.08434730459943034,459065.0,922901.0,353786.0,1220831.0,1158909.0,1808757.0,1008245.0,1212592.0,7896145.0,1807089.0,0.0,0.0,0.0,0.0,0.0,0.0,0.0,0.0,0.0,0.0
4_10_6.png,31.698520273663064,1.7006793380796956,0.7117046447322322,0.36945016694289073,0.9914879285168118,0.13649342585412985,406117.0,839380.0,293390.0,1061655.0,945053.0,1588355.0,896838.0,1098106.0,9082344.0,1637082.0,0.0,0.0,0.0,0.0,0.0,0.0,0.0,0.0,0.0,0.0
0_5_8.png,38.430405899178666,2.126251412252072,0.6611015086855438,0.3150332795572123,0.9924065191777921,0.09924596722857268,471682.0,910816.0,363122.0,1177713.0,1176861.0,1720434.0,977137.0,1173906.0,8117656.0,1758993.0,0.0,0.0,0.0,0.0,0.0,0.0,0.0,0.0,0.0,0.0
2_20_10.png,25.704779576593374,1.7995457255837306,0.6451430251884653,0.23210923849228113,0.9942871127416213,0.05387469859346664,496062.0,1006492.0,376107.0,1318702.0,1202383.0,1969912.0,1096998.0,1317022.0,7080797.0,1983845.0,0.0,0.0,0.0,0.0,0.0,0.0,0.0,0.0,0.0,0.0
1_20_5.png,28.177759719880928,1.7198358649259353,0.6889309017992609,0.3510652003810575,0.9948379817293944,0.12324677491859203,439172.0,862529.0,335922.0,1107171.0,1062222.0,1629967.0,936641.0,1114966.0,8667428.0,1692302.0,0.0,0.0,0.0,0.0,0.0,0.0,0.0,0.0,0.0,0.0
6_20_9.png,9.522842784961083,1.0968999385782432,0.7053782843686837,0.23929259899138458,0.9897076080421704,0.057260947932051595,405431.0,923481.0,273392.0,1300852.0,917307.0,2067826.0,986493.0,1350251.0,7769807.0,1853480.0,0.0,0.0,0.0,0.0,0.0,0.0,0.0,0.0,0.0,0.0
8_5_6.png,22.85636376475019,1.5790476713532513,0.6895714319483429,0.3006155664171607,0.9939772024901621,0.09036971877231037,438448.0,899587.0,320453.0,1183071.0,1004389.0,1800695.0,965046.0,1216628.0,8236725.0,1783278.0,0.0,0.0,0.0,0.0,0.0,0.0,0.0,0.0,0.0,0.0
2_15_6.png,39.756161734245545,2.2299726404182056,0.6206524247000598,0.18696456897824001,0.9902912022934425,0.03495575005321907,542527.0,1094027.0,386417.0,1373711.0,1233373.0,2053765.0,1161740.0,1423730.0,6443173.0,2135857.0,0.0,0.0,0.0,0.0,0.0,0.0,0.0,0.0,0.0,0.0
3_10_5.png,25.603594966105952,1.7255482003873606,0.6669412427140196,0.2943377601711757,0.9952832444000488,0.08663471706258455,469343.0,928714.0,358773.0,1208418.0,1147641.0,1776362.0,1019253.0,1209375.0,7890156.0,1840285.0,0.0,0.0,0.0,0.0,0.0,0.0,0.0,0.0,0.0,0.0
6_5_5.png,32.87412754205373,1.9430482452207598,0.6544603221187089,0.23569483441663552,0.9939924128916652,0.05555205497068524,471352.0,974390.0,351150.0,1314445.0,1183991.0,1998906.0,1050909.0,1311841.0,7278765.0,1912571.0,0.0,0.0,0.0,0.0,0.0,0.0,0.0,0.0,0.0,0.0
6_5_4.png,23.79349635504465,1.4753477950934328,0.7231738631058479,0.36980071659308716,0.994468116242982,0.13675256999276075,394499.0,815137.0,276312.0,1051376.0,903311.0,1607109.0,864266.0,1095119.0,9234130.0,1607061.0,0.0,0.0,0.0,0.0,0.0,0.0,0.0,0.0,0.0,0.0
1_20_8.png,30.97328456206736,1.8483298438004376,0.6733648958654843,0.2959695980650932,0.9934554257093354,0.08759800297881282,443251.0,908374.0,337706.0,1210939.0,1139515.0,1824399.0,993218.0,1210556.0,8001177.0,1779185.0,0.0,0.0,0.0,0.0,0.0,0.0,0.0,0.0,0.0,0.0
0_10_1.png,31.05296640185073,1.958550065456763,0.6578363080089024,0.3159890323371707,0.9953004949626016,0.09984906855738152,477202.0,906272.0,380417.0,1186681.0,1216690.0,1722540.0,989716.0,1158772.0,8035952.0,1774078.0,0.0,0.0,0.0,0.0,0.0,0.0,0.0,0.0,0.0,0.0
4_20_5.png,19.600109393493774,1.5339081722319858,0.6735340241161438,0.2751117697060501,0.9931507777619223,0.07568648583079475,465557.0,951452.0,343610.0,1230174.0,1061903.0,1847597.0,1030113.0,1262954.0,7776468.0,1878492.0,0.0,0.0,0.0,0.0,0.0,0.0,0.0,0.0,0.0,0.0
5_5_7.png,36.4582536046053,1.882058234102077,0.6893019618940707,0.2996885578696719,0.9921902219440133,0.08981323171800368,417365.0,890345.0,302179.0,1200228.0,1051696.0,1849610.0,956478.0,1211448.0,8225250.0,1743721.0,0.0,0.0,0.0,0.0,0.0,0.0,0.0,0.0,0.0,0.0
5_15_8.png,19.721085315716802,1.5112439362827732,0.6707309019187675,0.23841551169595943,0.9912187813036346,0.05684195621724617,467408.0,982133.0,333852.0,1295957.0,1062835.0,1971523.0,1054113.0,1333387.0,7405361.0,1941751.0,0.0,0.0,0.0,0.0,0.0,0.0,0.0,0.0,0.0,0.0
1_5_7.png,39.18001596069008,1.9657197105555755,0.693155039410114,0.35351629498274734,0.9926160557303519,0.12497377081832882,417522.0,836605.0,314471.0,1103274.0,1088889.0,1666794.0,897705.0,1102969.0,8798376.0,1621715.0,0.0,0.0,0.0,0.0,0.0,0.0,0.0,0.0,0.0,0.0
1_5_5.png,34.66766066048564,2.0268372726946664,0.6537449263859976,0.29581832166557126,0.9947546193728283,0.08750847943303539,472717.0,919947.0,374871.0,1222000.0,1263152.0,1795391.0,1013685.0,1182971.0,7804719.0,1798867.0,0.0,0.0,0.0,0.0,0.0,0.0,0.0,0.0,0.0,0.0
2_5_2.png,28.65501943527851,1.827172850686848,0.6614023234093982,0.26636092872564127,0.9947760671900708,0.07094814435158614,464484.0,948499.0,356019.0,1265540.0,1170812.0,1883034.0,1037315.0,1254074.0,7604443.0,1864100.0,0.0,0.0,0.0,0.0,0.0,0.0,0.0,0.0,0.0,0.0
5_15_5.png,22.31195202377964,1.5759743418457017,0.6866248357240134,0.3148120034772871,0.9935186457444471,0.09910659753338343,430166.0,878028.0,329534.0,1182794.0,1096799.0,1769098.0,962010.0,1169072.0,8301354.0,1729465.0,0.0,0.0,0.0,0.0,0.0,0.0,0.0,0.0,0.0,0.0
4_10_2.png,25.48376795577634,1.6905587586528463,0.6563881637679458,0.22315103380946252,0.9936383109349535,0.04979638389023188,491804.0,1025764.0,348215.0,1310039.0,1092187.0,1991612.0,1097950.0,1362583.0,7090213.0,2037953.0,0.0,0.0,0.0,0.0,0.0,0.0,0.0,0.0,0.0,0.0
4_15_6.png,32.84579036799254,1.9668759639180804,0.6400061121294531,0.21605858602714145,0.9894647826020134,0.046681312596047686,505397.0,1042219.0,368131.0,1339122.0,1194812.0,1993023.0,1117973.0,1369627.0,6875606.0,2042410.0,0.0,0.0,0.0,0.0,0.0,0.0,0.0,0.0,0.0,0.0
5_15_9.png,13.916649443169183,1.4155161669237115,0.66934989993912,0.2642023313110324,0.9934333810511458,0.06980287187018452,455939.0,940644.0,354835.0,1272339.0,1117619.0,1918367.0,1053061.0,1267618.0,7606516.0,1861382.0,0.0,0.0,0.0,0.0,0.0,0.0,0.0,0.0,0.0,0.0
3_15_6.png,35.878114015817225,1.974646264481188,0.6630844585111888,0.2691794790032506,0.990954107722137,0.07245759191646145,473258.0,966057.0,342117.0,1241067.0,1122797.0,1862483.0,1031457.0,1272682.0,7650056.0,1886346.0,0.0,0.0,0.0,0.0,0.0,0.0,0.0,0.0,0.0,0.0
2_20_7.png,26.961785243535022,1.627416296043901,0.7047571331078073,0.3589791793698442,0.9935316039808229,0.12886605122104677,416101.0,845777.0,305474.0,1081109.0,986575.0,1621257.0,913321.0,1117310.0,8899412.0,1661984.0,0.0,0.0,0.0,0.0,0.0,0.0,0.0,0.0,0.0,0.0
0_20_4.png,32.54949046841935,1.8969736334779956,0.6766788986279538,0.36046091825629056,0.9947242901792066,0.1299320735901682,443552.0,854267.0,361552.0,1115039.0,1175688.0,1600511.0,938464.0,1079970.0,8617268.0,1662009.0,0.0,0.0,0.0,0.0,0.0,0.0,0.0,0.0,0.0,0.0
1_10_6.png,36.474134715397575,1.8070494915892545,0.7144461521198613,0.36774050274538067,0.9914272471877705,0.13523307735942533,394211.0,817217.0,282452.0,1065944.0,952320.0,1634046.0,874045.0,1098344.0,9138315.0,1591426.0,0.0,0.0,0.0,0.0,0.0,0.0,0.0,0.0,0.0,0.0
1_20_2.png,22.768756949176858,1.4549761710483842,0.7208674759889016,0.36775415891878316,0.9939602841334336,0.13524312140206163,390147.0,814887.0,279200.0,1070082.0,933633.0,1645555.0,883034.0,1094951.0,9127675.0,1609156.0,0.0,0.0,0.0,0.0,0.0,0.0,0.0,0.0,0.0,0.0
6_20_6.png,9.413361137513002,1.0056889100104012,0.7396825640412532,0.35555177873080696,0.992725748249224,0.12641706735864072,377511.0,821816.0,258003.0,1075921.0,783057.0,1670050.0,869194.0,1146936.0,9202765.0,1643067.0,0.0,0.0,0.0,0.0,0.0,0.0,0.0,0.0,0.0,0.0
4_15_10.png,32.86004727681934,1.9379559556687354,0.6535427651897908,0.25505980827107766,0.9884333838017315,0.0650555057952789,481304.0,985751.0,360134.0,1271494.0,1162930.0,1891640.0,1059187.0,1294423.0,7419159.0,1922298.0,0.0,0.0,0.0,0.0,0.0,0.0,0.0,0.0,0.0,0.0
7_5_7.png,31.138377725870665,1.6651783472615762,0.7254101686683887,0.3795905600188815,0.9929014589735671,0.14408899325544805,363781.0,771087.0,271221.0,1060615.0,946239.0,1646489.0,835221.0,1064076.0,9384956.0,1504635.0,0.0,0.0,0.0,0.0,0.0,0.0,0.0,0.0,0.0,0.0
6_15_4.png,8.885920071016105,1.0046226596965677,0.7413001209007507,0.3894438493672242,0.9929903316257301,0.1516665118099612,379623.0,793195.0,269108.0,1016885.0,805099.0,1553406.0,847619.0,1077571.0,9524599.0,1581215.0,0.0,0.0,0.0,0.0,0.0,0.0,0.0,0.0,0.0,0.0
6_10_7.png,25.093758406262328,1.6037151196155088,0.6988287600117832,0.3298477940509506,0.9924482049050036,0.10879956724027834,419898.0,863874.0,305355.0,1142003.0,1004396.0,1739046.0,926666.0,1160212.0,8595170.0,1691700.0,0.0,0.0,0.0,0.0,0.0,0.0,0.0,0.0,0.0,0.0
8_10_6.png,21.592103157167962,1.3923643117176572,0.7498686819139795,0.4769836431716007,0.9914644551891129,0.2275133958532529,348982.0,694157.0,263577.0,892726.0,855231.0,1325573.0,747782.0,901150.0,10477946.0,1341196.0,0.0,0.0,0.0,0.0,0.0,0.0,0.0,0.0,0.0,0.0
6_5_6.png,23.59330413184606,1.5420675146156881,0.7052415145044738,0.33333570095948056,0.9939624395844169,0.11111268953414827,413851.0,857121.0,300063.0,1126195.0,960298.0,1713553.0,915943.0,1159495.0,8707865.0,1693936.0,0.0,0.0,0.0,0.0,0.0,0.0,0.0,0.0,0.0,0.0
7_15_7.png,12.17782102955418,1.144439425594491,0.7319648053642133,0.3739044996848924,0.9912412471513764,0.1398045748846097,382968.0,802830.0,273040.0,1052244.0,863851.0,1610244.0,852392.0,1095313.0,9329717.0,1585721.0,0.0,0.0,0.0,0.0,0.0,0.0,0.0,0.0,0.0,0.0
4_20_10.png,15.88339998565331,1.401591921918152,0.6836734948721941,0.3037187701640656,0.9921514710256506,0.09224509134997251,451540.0,915454.0,342550.0,1187961.0,1043153.0,1759622.0,999368.0,1207196.0,8134129.0,1807347.0,0.0,0.0,0.0,0.0,0.0,0.0,0.0,0.0,0.0,0.0
4_15_1.png,18.711951015028156,1.574679329113016,0.658233746657813,0.2777483802093669,0.9928764756019315,0.07714416270892703,493590.0,966484.0,381460.0,1235514.0,1142268.0,1797134.0,1050030.0,1249618.0,7626626.0,1905596.0,0.0,0.0,0.0,0.0,0.0,0.0,0.0,0.0,0.0,0.0
5_5_10.png,31.58027352856784,1.8106311197589757,0.6803804064131579,0.29263578547612473,0.992720821306288,0.0856357029412285,450046.0,930151.0,324186.0,1198588.0,1048187.0,1803704.0,998867.0,1235324.0,8029275.0,1829992.0,0.0,0.0,0.0,0.0,0.0,0.0,0.0,0.0,0.0,0.0
8_15_8.png,9.583254613356768,1.0615829328216346,0.7306570106599111,0.35974863389813116,0.9911606156594207,0.1294190795915716,377104.0,808631.0,272134.0,1097469.0,885157.0,1687018.0,876126.0,1118035.0,9120357.0,1606289.0,0.0,0.0,0.0,0.0,0.0,0.0,0.0,0.0,0.0,0.0
5_15_7.png,21.217665816326534,1.5824817976399703,0.6653831963575165,0.2563978039552223,0.9912111477626651,0.06573983387306062,475510.0,974333.0,347722.0,1263711.0,1088080.0,1905508.0,1054258.0,1305100.0,7504873.0,1929225.0,0.0,0.0,0.0,0.0,0.0,0.0,0.0,0.0,0.0,0.0
4_5_3.png,35.775638651770024,2.049585291058427,0.6499407907748943,0.273747812143973,0.9936194072282455,0.07493786465361194,489089.0,966734.0,373056.0,1245151.0,1207469.0,1828804.0,1040201.0,1242089.0,7567570.0,1888157.0,0.0,0.0,0.0,0.0,0.0,0.0,0.0,0.0,0.0,0.0
8_5_1.png,31.027381213909113,1.8550548536637854,0.665543532398096,0.25095800418269015,0.9941066494447969,0.06297991986335913,457324.0,948324.0,337158.0,1290312.0,1140280.0,1973870.0,1018820.0,1287886.0,7523262.0,1871084.0,0.0,0.0,0.0,0.0,0.0,0.0,0.0,0.0,0.0,0.0
2_10_2.png,27.892034562067362,1.7793420026182707,0.6489740915025092,0.18224513761932024,0.9939771283529895,0.033213290185884974,488381.0,1049433.0,341070.0,1397909.0,1130063.0,2162943.0,1127045.0,1427131.0,6637118.0,2087227.0,0.0,0.0,0.0,0.0,0.0,0.0,0.0,0.0,0.0,0.0
4_5_10.png,46.79318061583159,2.6616721512858224,0.5413527421351324,0.07659932265232507,0.986072588480178,0.005867456230795,675656.0,1341037.0,468016.0,1648461.0,1422077.0,2463126.0,1392260.0,1734610.0,4081393.0,2621684.0,0.24336511617044784,0.06349197362192084,0.061483782790131676,0.16216178282104698,0.24336511617044784,0.0791841026173668,0.1383384970253838,0.22408242019309862,0.24336511617044784,0.24336511617044784
5_20_5.png,15.825996982712242,1.3542849521179297,0.6844868605449983,0.2652956834622679,0.9920380340793991,0.07038179966371184,441878.0,940346.0,321747.0,1253183.0,1020276.0,1923457.0,1023030.0,1279344.0,7777556.0,1867503.0,0.0,0.0,0.0,0.0,0.0,0.0,0.0,0.0,0.0,0.0
8_15_10.png,11.122849229762206,1.1317213111079232,0.727470265860281,0.37655295988941245,0.9903811360393211,0.14179213160147747,390274.0,814131.0,283247.0,1061580.0,865495.0,1588030.0,864243.0,1092472.0,9274792.0,1614056.0,0.0,0.0,0.0,0.0,0.0,0.0,0.0,0.0,0.0,0.0
2_15_2.png,17.69334705982569,1.3447921523618238,0.7119484208025184,0.35123672898104585,0.9962036502092043,0.12336723978530467,416336.0,854119.0,300975.0,1089196.0,929187.0,1640984.0,926356.0,1136040.0,8853177.0,1701950.0,0.0,0.0,0.0,0.0,0.0,0.0,0.0,0.0,0.0,0.0
3_15_10.png,39.79695502761737,2.0479869803809043,0.673376328235666,0.3157699160217023,0.990193655193916,0.09971063986435293,450289.0,908076.0,340073.0,1171632.0,1122837.0,1728636.0,974228.0,1180980.0,8211786.0,1759783.0,0.0,0.0,0.0,0.0,0.0,0.0,0.0,0.0,0.0,0.0
2_15_4.png,17.71454518758294,1.5049477018399628,0.6709789846171546,0.22130628878845598,0.9955430244469653,0.04897647345731948,451695.0,974821.0,326396.0,1338543.0,1087458.0,2103441.0,1079396.0,1349536.0,7202972.0,1934062.0,0.0,0.0,0.0,0.0,0.0,0.0,0.0,0.0,0.0,0.0
5_20_2.png,13.658007189035544,1.2838302181593197,0.6920110085182056,0.26325871543325446,0.9900888266386678,0.06930515125156726,443926.0,956758.0,303968.0,1239496.0,957199.0,1895750.0,1011538.0,1300748.0,7837942.0,1900995.0,0.0,0.0,0.0,0.0,0.0,0.0,0.0,0.0,0.0,0.0
7_10_5.png,17.926583067321832,1.4039609187260143,0.699076360680857,0.3205402793917235,0.993820392354738,0.10274607071252417,418146.0,863847.0,315055.0,1161493.0,1012068.0,1769739.0,950562.0,1170193.0,8476029.0,1711188.0,0.0,0.0,0.0,0.0,0.0,0.0,0.0,0.0,0.0,0.0
2_5_8.png,38.316966079050246,2.0829520999964135,0.6628545905341304,0.27851350285956794,0.9918153977610693,0.07756977127510656,458936.0,929262.0,344835.0,1239301.0,1159027.0,1867750.0,1005986.0,1236821.0,7800879.0,1805523.0,0.0,0.0,0.0,0.0,0.0,0.0,0.0,0.0,0.0,0.0
6_15_10.png,19.28614961801944,1.5407018892794375,0.6659466329436217,0.2361073129356564,0.9867305564646274,0.055746663221695976,469533.0,985282.0,335029.0,1302312.0,1073950.0,1983254.0,1057381.0,1337281.0,7360338.0,1943960.0,0.0,0.0,0.0,0.0,0.0,0.0,0.0,0.0,0.0,0.0
1_15_7.png,32.95888429844697,2.0125211837810695,0.6323738834707298,0.1906157449428207,0.9915089963903537,0.03633436222010647,528655.0,1072915.0,368814.0,1364386.0,1174432.0,2075725.0,1129364.0,1417958.0,6602573.0,2113498.0,0.22014129367637783,0.0,0.07150607336959196,0.045492245655796536,0.19382265470317772,0.045492245655796536,0.19214998006287995,0.11306103194488992,0.0,0.24186684966261066
8_10_4.png,14.433731416556078,1.2362669694415553,0.7272769282170403,0.39740171407485864,0.9944561832189484,0.15792812234963569,387440.0,783844.0,293578.0,1028179.0,906110.0,1540259.0,856750.0,1044090.0,9457658.0,1550412.0,0.0,0.0,0.0,0.0,0.0,0.0,0.0,0.0,0.0,0.0
2_5_4.png,34.74395242279689,2.2757924303288974,0.5623639365245838,0.07631560895568716,0.990417905671893,0.005824072170277358,637084.0,1306575.0,435969.0,1655620.0,1365654.0,2515386.0,1367585.0,1727719.0,4258144.0,2578584.0,0.22789837957476985,0.0634099137918007,0.05012993770542569,0.18291340450988947,0.20559386962593684,0.22789837957476985,0.18046776762630798,0.15984282851383164,0.11698131232198389,0.22789837957476985
1_10_10.png,36.62772654316561,1.9730541183960406,0.6762835409670335,0.2976703185873226,0.9916927483596374,0.08860761856787815,446761.0,917750.0,325291.0,1202838.0,1082618.0,1823014.0,979356.0,1210896.0,8075230.0,1784566.0,0.0,0.0,0.0,0.0,0.0,0.0,0.0,0.0,0.0,0.0
5_15_4.png,13.43339062668125,1.3297572159355835,0.6665459296328388,0.21753028188043397,0.9919480181327527,0.04731942353498106,480427.0,1022745.0,341731.0,1324327.0,1032916.0,2031111.0,1108484.0,1390236.0,7076406.0,2039937.0,0.0,0.0,0.0,0.0,0.0,0.0,0.0,0.0,0.0,0.0
6_5_10.png,30.185122148595816,1.7433265485456046,0.6898567409591951,0.2907750669615817,0.9920634399114846,0.08455013956651232,435818.0,916289.0,306124.0,1198221.0,990428.0,1835927.0,967493.0,1240799.0,8157555.0,1799666.0,0.0,0.0,0.0,0.0,0.0,0.0,0.0,0.0,0.0,0.0
1_10_8.png,32.462960775259134,1.7535602202216565,0.711939700787703,0.39055466709098435,0.9935069428112289,0.15253294798654962,400924.0,798680.0,299907.0,1044105.0,998856.0,1554969.0,863320.0,1045705.0,9287229.0,1554625.0,0.0,0.0,0.0,0.0,0.0,0.0,0.0,0.0,0.0,0.0
7_5_6.png,26.01683651052688,1.7019003757038842,0.6691766687549525,0.2422529756543729,0.9926589002737309,0.05868650421339819,473796.0,983258.0,333902.0,1279853.0,1039345.0,1957124.0,1044740.0,1328341.0,7456524.0,1951437.0,0.0,0.0,0.0,0.0,0.0,0.0,0.0,0.0,0.0,0.0
1_15_8.png,30.23131747426563,1.7065585658692302,0.7139553437609998,0.413278992139709,0.9937806530151332,0.17079952534401363,400211.0,778101.0,304015.0,1001691.0,1004630.0,1477998.0,834709.0,999639.0,9531729.0,1515597.0,0.0,0.0,0.0,0.0,0.0,0.0,0.0,0.0,0.0,0.0
4_5_5.png,33.54079379774757,2.034279729026936,0.6281321061339811,0.18972739338233918,0.9938215261563456,0.03599648379965688,518531.0,1063980.0,384253.0,1393929.0,1250647.0,2091456.0,1148343.0,1397474.0,6506030.0,2093677.0,0.0,0.0,0.0,0.0,0.0,0.0,0.0,0.0,0.0,0.0
0_10_9.png,27.419019224561534,1.6712773707901438,0.7053038618802854,0.4052267630263249,0.9949121164745119,0.16420872947279327,420717.0,803313.0,326158.0,1014467.0,1010014.0,1467976.0,870611.0,1020733.0,9338946.0,1575385.0,0.0,0.0,0.0,0.0,0.0,0.0,0.0,0.0,0.0,0.0
7_15_2.png,9.389460452458664,1.0435158575732577,0.7120810032076579,0.26610188362295106,0.9933253880895236,0.07081021246768258,406181.0,915797.0,278683.0,1234671.0,878859.0,1960769.0,988136.0,1296255.0,8050822.0,1838147.0,0.0,0.0,0.0,0.0,0.0,0.0,0.0,0.0,0.0,0.0
4_20_7.png,20.325306436282776,1.5178260957282736,0.6746936483768707,0.23998345360154022,0.9907903599590928,0.0575920580025226,456426.0,981448.0,324162.0,1294418.0,1037211.0,1976757.0,1056268.0,1339468.0,7440611.0,1941551.0,0.0,0.0,0.0,0.0,0.0,0.0,0.0,0.0,0.0,0.0
3_15_1.png,31.854752564470434,2.392230147770884,0.5304866252173199,0.06952632298721884,0.987410679098072,0.004833909588123074,681294.0,1327900.0,502943.0,1689238.0,1510834.0,2483390.0,1412537.0,1715232.0,3925332.0,2599620.0,0.24021608142003337,0.1044811703000998,0.11459525625747005,0.08268254237899268,0.10548468262093208,0.098407275701461,0.24021608142003337,0.24021608142003337,0.1938478215303503,0.24021608142003337
5_5_8.png,34.86321800688641,1.954485581578853,0.6746884317362698,0.31798155813622925,0.9925924525284822,0.10111227131474415,457337.0,905680.0,345180.0,1161247.0,1090555.0,1710316.0,973201.0,1179242.0,8250049.0,1775513.0,0.0,0.0,0.0,0.0,0.0,0.0,0.0,0.0,0.0,0.0
1_10_5.png,30.220305774990138,2.0553641480757507,0.6113356957377416,0.17694510399930352,0.9941783943190106,0.03130956982932434,546249.0,1086349.0,408599.0,1411509.0,1318738.0,2109977.0,1176106.0,1417467.0,6240894.0,2132432.0,0.28125238138896963,0.09025622147887112,0.05304950780876785,0.11357531065870602,0.11305243912109252,0.04772993265155168,0.13748231431544275,0.0,0.07017517241641089,0.28125238138896963
3_5_6.png,26.02652747390696,1.711817859832861,0.6631021269686747,0.23042494001680536,0.9936886394774292,0.05309565298174835,475423.0,998355.0,340844.0,1308984.0,1081601.0,1985644.0,1068245.0,1339490.0,7272332.0,1977402.0,0.0,0.0,0.0,0.0,0.0,0.0,0.0,0.0,0.0,0.0
0_20_2.png,33.726256568092964,2.2882787561421756,0.5529305291815271,0.07761015497580713,0.9894573920785453,0.006023336155368799,655703.0,1333493.0,454883.0,1659563.0,1385773.0,2474952.0,1404943.0,1736838.0,4105147.0,2637025.0,0.16916607014639645,0.0,0.052846144951430474,0.033620777855698177,0.13701552019542265,0.07539932477461467,0.0803534960665609,0.06963091252143794,0.03938919307860632,0.2742489157911027
0_15_6.png,36.65592394910512,2.086441483447509,0.6622308450528511,0.31302160479696667,0.9931790660747611,0.09798252506966838,457249.0,896752.0,355037.0,1197407.0,1221997.0,1770835.0,975808.0,1158869.0,8080470.0,1733896.0,0.0,0.0,0.0,0.0,0.0,0.0,0.0,0.0,0.0,0.0
5_10_2.png,23.838255891108638,1.7608520363329867,0.6392508739418586,0.22572105348864296,0.9937296840332596,0.05094999398802282,519992.0,1032802.0,380811.0,1310124.0,1175842.0,1960387.0,1121221.0,1351684.0,6946296.0,2049161.0,0.0,0.0,0.0,0.0,0.0,0.0,0.0,0.0,0.0,0.0
4_20_9.png,19.26983356721423,1.5457415556292815,0.6712904284064427,0.2764539428452932,0.9908242397094618,0.07642678251470864,451273.0,928483.0,347174.0,1250270.0,1122983.0,1871423.0,1022583.0,1246532.0,7784079.0,1823520.0,0.0,0.0,0.0,0.0,0.0,0.0,0.0,0.0,0.0,0.0
7_15_9.png,8.5148770668197,0.9777509773681003,0.7416805218350078,0.3647209346910127,0.9921957280687305,0.13302136020188596,375254.0,815084.0,254120.0,1050720.0,795401.0,1637319.0,873479.0,1125361.0,9288115.0,1633467.0,0.0,0.0,0.0,0.0,0.0,0.0,0.0,0.0,0.0,0.0
3_10_8.png,32.217069980452635,1.8551335362791863,0.661418887982566,0.23940214321189696,0.9921384777788786,0.057313386174449615,491328.0,1013822.0,341049.0,1278318.0,1059389.0,1926668.0,1070403.0,1346816.0,7314579.0,2005948.0,0.0,0.0,0.0,0.0,0.0,0.0,0.0,0.0,0.0,0.0
1_15_1.png,27.749522188049212,1.7864241105053622,0.6797826783680897,0.3485632864449191,0.9952431619382365,0.12149636465728271,442023.0,850049.0,352807.0,1127358.0,1147014.0,1653802.0,933016.0,1099442.0,8577085.0,1665724.0,0.0,0.0,0.0,0.0,0.0,0.0,0.0,0.0,0.0,0.0
5_10_9.png,19.3704082753488,1.4416396919048817,0.6986772053605949,0.31879736282878846,0.9936261090500265,0.10163175854659018,430257.0,889920.0,315612.0,1152454.0,955749.0,1738076.0,961051.0,1188183.0,8455325.0,1761693.0,0.0,0.0,0.0,0.0,0.0,0.0,0.0,0.0,0.0,0.0
3_20_4.png,24.722255075140772,1.8172316048563537,0.6378273057379786,0.22929395766346541,0.9929325834681925,0.052575719020975076,500007.0,1011673.0,387151.0,1330605.0,1244906.0,1954722.0,1109805.0,1330957.0,6994342.0,1984152.0,0.0,0.0,0.0,0.0,0.0,0.0,0.0,0.0,0.0,0.0
5_10_1.png,25.923208905706396,1.9280654836627094,0.6218243005682794,0.21923411235995685,0.9941120639649674,0.04806359602225818,537750.0,1042774.0,412878.0,1335705.0,1280553.0,1953886.0,1137748.0,1348011.0,6743813.0,2055202.0,0.0,0.0,0.0,0.0,0.0,0.0,0.0,0.0,0.0,0.0
7_15_5.png,17.762104121086043,1.5029143951077795,0.6660867515390588,0.2352157532975638,0.9883473167206723,0.0553264505993404,483416.0,995190.0,341060.0,1292922.0,1057608.0,1964378.0,1056915.0,1340121.0,7343304.0,1973406.0,0.0,0.0,0.0,0.0,0.0,0.0,0.0,0.0,0.0,0.0
0_5_1.png,37.426401155805046,2.075715653132958,0.6664628511566966,0.3536846411545282,0.9948158589572617,0.1250928253886074,464094.0,865082.0,372399.0,1115810.0,1214305.0,1581472.0,939585.0,1089106.0,8523025.0,1683442.0,0.0,0.0,0.0,0.0,0.0,0.0,0.0,0.0,0.0,0.0
8_10_2.png,15.59315293120763,1.3074091675334456,0.7180874843068566,0.38746419880256705,0.9937813801420621,0.1501285053537152,398048.0,798588.0,304725.0,1047237.0,951901.0,1569216.0,874597.0,1054413.0,9271724.0,1577871.0,0.0,0.0,0.0,0.0,0.0,0.0,0.0,0.0,0.0,0.0
4_10_10.png,28.13586055467881,1.72902312506725,0.6899283778297989,0.33231032034306823,0.9921996839635646,0.11043014900651262,440520.0,891948.0,325535.0,1128318.0,1002046.0,1681052.0,952910.0,1160137.0,8523263.0,1742591.0,0.0,0.0,0.0,0.0,0.0,0.0,0.0,0.0,0.0,0.0
0_15_9.png,27.512567922599622,1.874826943079517,0.6571715038155261,0.3079093649498089,0.9954889026673069,0.09480817702379463,474727.0,912325.0,375405.0,1198682.0,1229357.0,1754858.0,1000677.0,1167030.0,7944740.0,1790519.0,0.0,0.0,0.0,0.0,0.0,0.0,0.0,0.0,0.0,0.0
1_20_4.png,29.98595436856641,1.7056425074423442,0.7125560876807395,0.41155421641884093,0.9945637990476867,0.16937687305212615,385482.0,762194.0,310931.0,1031077.0,1050112.0,1513233.0,843125.0,993048.0,9477241.0,1481877.0,0.0,0.0,0.0,0.0,0.0,0.0,0.0,0.0,0.0,0.0
0_10_2.png,31.843773649618022,2.1513346902908794,0.5990631398724817,0.1727035485745893,0.9942316778098735,0.029826515690255524,587967.0,1131993.0,432398.0,1394998.0,1314870.0,2044289.0,1192096.0,1438895.0,6086708.0,2224106.0,0.0,0.0,0.0,0.0,0.0,0.0,0.0,0.0,0.0,0.0
1_15_10.png,44.23088595279939,2.0512255209640973,0.7057890110763857,0.39612007992388293,0.9908784888458347,0.1569111177189034,390522.0,778271.0,304238.0,1051242.0,1067788.0,1570400.0,848376.0,1024698.0,9319091.0,1493694.0,0.0,0.0,0.0,0.0,0.0,0.0,0.0,0.0,0.0,0.0
1_10_9.png,28.3653542062695,1.8958148021950434,0.6324221141466593,0.17702575223639735,0.993127602780777,0.03133811695486234,521387.0,1080625.0,371113.0,1399381.0,1169078.0,2133808.0,1153091.0,1442846.0,6444866.0,2132125.0,0.0,0.0,0.0,0.0,0.0,0.0,0.0,0.0,0.0,0.0
4_10_5.png,33.83777073768876,2.4097304728130275,0.529700798660423,0.07032622338931543,0.9897334865967332,0.004945777696203897,705598.0,1359225.0,504812.0,1655276.0,1467985.0,2416673.0,1431510.0,1729285.0,3900250.0,2677706.0,0.15123446444722585,0.1391266245811251,0.0771266126149995,0.08218996791653567,0.22763401932428923,0.1242348263198333,0.17116951114975348,0.07447756553483262,0.15412921704261798,0.22763401932428923
2_15_10.png,42.643993445357054,2.0087638086869193,0.6944908304718214,0.33923845427331517,0.9905000205625212,0.11508272885774815,396791.0,838117.0,303561.0,1149478.0,1085938.0,1753846.0,916303.0,1128130.0,8660443.0,1615713.0,0.0,0.0,0.0,0.0,0.0,0.0,0.0,0.0,0.0,0.0
3_5_8.png,39.60271858523726,2.265093836304293,0.6234295932332354,0.2118566724387138,0.9909458978933892,0.044883249656804486,527722.0,1038944.0,393636.0,1343255.0,1264200.0,2007505.0,1112479.0,1367473.0,6774435.0,2018671.0,0.0,0.0,0.0,0.0,0.0,0.0,0.0,0.0,0.0,0.0
6_10_5.png,21.71684659804168,1.5561222248125968,0.6758817222181494,0.2761799881083987,0.993364198096258,0.07627538583155527,461886.0,945062.0,338984.0,1232516.0,1058623.0,1859395.0,1016696.0,1255516.0,7814999.0,1864643.0,0.0,0.0,0.0,0.0,0.0,0.0,0.0,0.0,0.0,0.0
1_20_10.png,25.697735689179012,1.7102675208923641,0.6877901269185697,0.35402706082366975,0.9954517950451445,0.12533515979544635,422916.0,836194.0,340046.0,1131919.0,1127063.0,1665179.0,931647.0,1092049.0,8663923.0,1637384.0,0.0,0.0,0.0,0.0,0.0,0.0,0.0,0.0,0.0,0.0
5_10_5.png,23.59814372915247,1.7123482949858326,0.6533567097687214,0.2483644616765771,0.9940085452387255,0.06168490582389594,479388.0,969209.0,365491.0,1293179.0,1180082.0,1940180.0,1071979.0,1296955.0,7332511.0,1919346.0,0.0,0.0,0.0,0.0,0.0,0.0,0.0,0.0,0.0,0.0
3_15_4.png,17.539933332735554,1.3861631801226644,0.7008415637130847,0.3395946465259182,0.9955490566969346,0.11532452394906334,436308.0,880150.0,322316.0,1107345.0,962067.0,1645306.0,952250.0,1153382.0,8638163.0,1751033.0,0.0,0.0,0.0,0.0,0.0,0.0,0.0,0.0,0.0,0.0
3_5_2.png,28.554914300957645,1.8331491427854094,0.6496073689007889,0.23351622256704732,0.9944175631984822,0.054529826201982774,501733.0,1015327.0,369538.0,1299506.0,1153641.0,1927562.0,1089156.0,1330069.0,7154870.0,2006918.0,0.0,0.0,0.0,0.0,0.0,0.0,0.0,0.0,0.0,0.0
0_20_6.png,31.225867526272374,1.954177015709623,0.6555664991263526,0.27629312199201783,0.9942305888106276,0.07633788926009603,478068.0,945848.0,365824.0,1242436.0,1177633.0,1856005.0,1028716.0,1245468.0,7652980.0,1855342.0,0.0,0.0,0.0,0.0,0.0,0.0,0.0,0.0,0.0,0.0
3_20_3.png,23.79766451615796,1.610212151644489,0.6703162015715847,0.2640962924197079,0.9921130567949145,0.06974685166983587,456127.0,949935.0,339012.0,1263037.0,1114305.0,1904937.0,1041045.0,1275829.0,7627309.0,1876784.0,0.0,0.0,0.0,0.0,0.0,0.0,0.0,0.0,0.0,0.0
2_20_6.png,23.202090020982034,1.6263119373408415,0.6783379619246086,0.29458657416649925,0.9943089703880645,0.08678124967915435,463208.0,933495.0,339474.0,1184230.0,1040633.0,1769189.0,1004490.0,1232133.0,8030023.0,1851445.0,0.0,0.0,0.0,0.0,0.0,0.0,0.0,0.0,0.0,0.0
3_15_2.png,25.617124116782037,2.0594316021663497,0.5576330957916584,0.07644773696038558,0.9912950512437546,0.005844256486364304,660020.0,1333412.0,457726.0,1645958.0,1335401.0,2467151.0,1398003.0,1742233.0,4168296.0,2640120.0,0.2373670285838222,0.18738812382944872,0.17407762622910994,0.07851601355005178,0.1474764016206035,0.10072369286339082,0.2373670285838222,0.06281281217951244,0.11774897221711027,0.2373670285838222
7_15_8.png,12.122452173971524,1.221816100121947,0.6994411473927009,0.2726646186683385,0.9898049693335369,0.07434599427355046,426127.0,925584.0,293434.0,1228347.0,945280.0,1904094.0,986939.0,1282035.0,8016195.0,1840285.0,0.0,0.0,0.0,0.0,0.0,0.0,0.0,0.0,0.0,0.0
8_5_8.png,30.16036357644991,1.7817381236325813,0.6938960397574023,0.3391398456725593,0.9925931729994149,0.11501583492280733,429135.0,866385.0,320181.0,1124733.0,1007690.0,1678628.0,923425.0,1148506.0,8660038.0,1689599.0,0.0,0.0,0.0,0.0,0.0,0.0,0.0,0.0,0.0,0.0
4_10_8.png,29.1104236532047,1.7399957632437861,0.6740726601263097,0.2820782624869238,0.9924321579314705,0.07956814616764189,476311.0,971513.0,337264.0,1200507.0,1027410.0,1782604.0,1027709.0,1268289.0,7837662.0,1919051.0,0.0,0.0,0.0,0.0,0.0,0.0,0.0,0.0,0.0,0.0
7_10_1.png,21.910347436426242,1.5800030710878377,0.6650900712259433,0.24394788825784636,0.9925534703131672,0.0595105721854627,465063.0,968620.0,347671.0,1294515.0,1107874.0,1972623.0,1058503.0,1311088.0,7403136.0,1919227.0,0.0,0.0,0.0,0.0,0.0,0.0,0.0,0.0,0.0,0.0
3_5_9.png,25.258807857501523,1.636942720849324,0.6940760370146397,0.3129808602208928,0.994260503783024,0.09795701886461002,427527.0,883086.0,311664.0,1165327.0,1009796.0,1773380.0,947189.0,1190625.0,8401969.0,1737757.0,0.0,0.0,0.0,0.0,0.0,0.0,0.0,0.0,0.0,0.0
5_10_10.png,25.04049330189018,1.6326205570101502,0.6985242154492025,0.32597459215906566,0.9922593137203654,0.10625943473326918,408501.0,868499.0,302533.0,1159083.0,998923.0,1766363.0,944195.0,1164671.0,8542130.0,1693422.0,0.0,0.0,0.0,0.0,0.0,0.0,0.0,0.0,0.0,0.0
0_5_7.png,41.97038630698325,2.1570598032710446,0.6632007451709627,0.3457127145123997,0.9932216567499619,0.11951728097553199,475566.0,893370.0,368067.0,1114725.0,1208194.0,1596299.0,959183.0,1112460.0,8386972.0,1733484.0,0.0,0.0,0.0,0.0,0.0,0.0,0.0,0.0,0.0,0.0
5_15_3.png,19.03025694021018,1.529509791614361,0.6728417683141741,0.25781825024714516,0.9928528392136794,0.06647025016049958,440828.0,936270.0,328753.0,1281444.0,1123676.0,1971732.0,1040849.0,1282310.0,7591352.0,1851106.0,0.0,0.0,0.0,0.0,0.0,0.0,0.0,0.0,0.0,0.0
5_15_1.png,15.972261071607907,1.5534716182167068,0.6375371161986563,0.20090265116512723,0.9902126079986578,0.0403618752451768,522946.0,1052794.0,388239.0,1361678.0,1181719.0,2034535.0,1136949.0,1399408.0,6689073.0,2080979.0,0.0,0.0,0.0,0.0,0.0,0.0,0.0,0.0,0.0,0.0
3_20_7.png,23.714468410387006,1.6270682767834728,0.6823384939040671,0.31349406871716184,0.9930998029214697,0.09827853112084059,452676.0,913674.0,337477.0,1164943.0,1051561.0,1712180.0,986654.0,1196577.0,8234486.0,1798092.0,0.0,0.0,0.0,0.0,0.0,0.0,0.0,0.0,0.0,0.0
3_15_3.png,25.447959407840465,1.610389467737886,0.6942675977160193,0.31977064619422235,0.9937851488747599,0.10225326616747055,422479.0,873362.0,308928.0,1159365.0,1050465.0,1762734.0,946457.0,1174705.0,8429605.0,1720220.0,0.0,0.0,0.0,0.0,0.0,0.0,0.0,0.0,0.0,0.0
5_20_8.png,13.130448546949538,1.3264138772820202,0.6745487478360622,0.22904384670256267,0.9890982346809408,0.05246108371230703,461918.0,992036.0,329943.0,1313954.0,1020287.0,2010037.0,1061033.0,1357737.0,7334684.0,1966691.0,0.0,0.0,0.0,0.0,0.0,0.0,0.0,0.0,0.0,0.0
8_5_10.png,26.41337402711524,1.5358420609016894,0.743730710498094,0.47136692153335047,0.9936575309540401,0.22218677471582776,354240.0,693258.0,276320.0,909122.0,888663.0,1339130.0,754627.0,903463.0,10381305.0,1348192.0,0.0,0.0,0.0,0.0,0.0,0.0,0.0,0.0,0.0,0.0
3_5_7.png,42.48297518919694,2.074970522040099,0.6648643330926296,0.2504251054921016,0.9907685222357442,0.06271273346073022,458726.0,955067.0,328335.0,1276581.0,1119146.0,1976052.0,1010822.0,1301423.0,7555722.0,1866446.0,0.0,0.0,0.0,0.0,0.0,0.0,0.0,0.0,0.0,0.0
0_10_3.png,34.01057519009361,2.172102977834367,0.61733756226929,0.25779002429742215,0.9950725378806823,0.06645569662726551,536649.0,1000791.0,431353.0,1280390.0,1399528.0,1828331.0,1086883.0,1243836.0,7088791.0,1951768.0,0.0,0.0,0.0,0.0,0.0,0.0,0.0,0.0,0.0,0.0
1_20_9.png,32.4861121821312,1.8180159651734158,0.704811673298179,0.40528664192981817,0.9939273743852015,0.16425726212674863,396812.0,769016.0,314133.0,1032377.0,1098013.0,1528857.0,846563.0,996684.0,9377999.0,1487866.0,0.0,0.0,0.0,0.0,0.0,0.0,0.0,0.0,0.0,0.0
4_5_1.png,33.07249874466483,1.90583316147197,0.6794734980083308,0.3338870475152238,0.9946041799874448,0.11148056049843331,439476.0,866149.0,340913.0,1144679.0,1131722.0,1686443.0,937949.0,1128546.0,8482841.0,1689602.0,0.0,0.0,0.0,0.0,0.0,0.0,0.0,0.0,0.0,0.0
3_15_8.png,25.812891731824543,1.6894912754205373,0.6823972840527438,0.3202098844935989,0.993615757817579,0.10253437012740395,447775.0,895473.0,337135.0,1156110.0,1074363.0,1708416.0,970092.0,1174199.0,8324263.0,1760494.0,0.0,0.0,0.0,0.0,0.0,0.0,0.0,0.0,0.0,0.0
5_5_9.png,22.15981705731502,1.512310690972347,0.6946115258962866,0.2959115547989846,0.9941814044720422,0.0875636482635525,438505.0,922312.0,307105.0,1180889.0,951184.0,1795661.0,992123.0,1241808.0,8183621.0,1835112.0,0.0,0.0,0.0,0.0,0.0,0.0,0.0,0.0,0.0,0.0
6_20_7.png,9.412006272192531,1.0331049818873068,0.7367425454909386,0.30842306469010433,0.9912658154360877,0.09512478683283628,351933.0,812873.0,243579.0,1178630.0,828733.0,1908057.0,872821.0,1208293.0,8823030.0,1620371.0,0.0,0.0,0.0,0.0,0.0,0.0,0.0,0.0,0.0,0.0
2_15_3.png,26.18119900200854,1.524121377461354,0.7367780488703402,0.45551762431942144,0.9945051587659927,0.20749630606560956,364140.0,714584.0,277979.0,930945.0,947642.0,1379398.0,779741.0,925296.0,10136094.0,1392501.0,0.0,0.0,0.0,0.0,0.0,0.0,0.0,0.0,0.0,0.0
1_5_10.png,40.66860361895197,2.064538574656576,0.6818712260397641,0.3487669298589164,0.9923307283672274,0.12163837136321429,442019.0,862784.0,331861.0,1106881.0,1116056.0,1649504.0,919434.0,1116406.0,8639798.0,1663577.0,0.0,0.0,0.0,0.0,0.0,0.0,0.0,0.0,0.0,0.0
1_15_6.png,33.442026492055525,1.8681026057171548,0.6862852399800512,0.32091224221331666,0.9929464635583579,0.10298466720237842,430846.0,877818.0,320553.0,1161489.0,1076254.0,1750804.0,953888.0,1169286.0,8391630.0,1715752.0,0.0,0.0,0.0,0.0,0.0,0.0,0.0,0.0,0.0,0.0
6_10_9.png,17.516120409059937,1.3500171487751513,0.7122431608236388,0.34331213266099725,0.9929877047019664,0.11786322043224218,412065.0,851005.0,301577.0,1105943.0,910191.0,1675642.0,914232.0,1146636.0,8844714.0,1686315.0,0.0,0.0,0.0,0.0,0.0,0.0,0.0,0.0,0.0,0.0
6_5_1.png,33.270425928499705,2.07012106138589,0.6319905689283617,0.2041829138668776,0.9937973634194567,0.041690662315168756,502341.0,1017270.0,378818.0,1372091.0,1266211.0,2075511.0,1098916.0,1361683.0,6786761.0,1988718.0,0.0,0.0,0.0,0.0,0.0,0.0,0.0,0.0,0.0,0.0
0_15_5.png,36.49753752555504,2.225260145798214,0.6038156478836916,0.17078101506659332,0.9931673374634798,0.029166155107175972,559557.0,1104415.0,415893.0,1427703.0,1353691.0,2113492.0,1184834.0,1424726.0,6098541.0,2165468.0,0.276120604902457,0.061848676077753253,0.021364065697264838,0.07996781987528878,0.1309245288975563,0.06755910933009941,0.10361223529568794,0.23163902815250476,0.276120604902457,0.276120604902457
2_20_2.png,24.75774592240235,1.7561302387826834,0.6431591946533557,0.1972135030294969,0.9912689254242216,0.038893165777165374,522819.0,1069722.0,360215.0,1343273.0,1109537.0,2039674.0,1130122.0,1417174.0,6739244.0,2116540.0,0.0,0.0,0.0,0.0,0.0,0.0,0.0,0.0,0.0,0.0
1_5_3.png,38.5910138176536,2.143488621283311,0.6556459222298526,0.31992821831485346,0.9941913782475735,0.10235406487411652,476646.0,902128.0,376461.0,1172655.0,1255923.0,1701882.0,978236.0,1143521.0,8092686.0,1748182.0,0.0,0.0,0.0,0.0,0.0,0.0,0.0,0.0,0.0,0.0
0_10_4.png,35.275349812596396,2.463192227681934,0.5371674025516061,0.07612938421832627,0.9916626938188373,0.005795683141461544,667366.0,1316215.0,484187.0,1683602.0,1500017.0,2495310.0,1392791.0,1707928.0,4011829.0,2589075.0,0.20660606860169056,0.15458349434937402,0.2167893497448035,0.11924207351842118,0.21953427578501541,0.0926120872747546,0.014771662446066048,0.06375650551456039,0.03303044233593165,0.2271361550056262
4_5_6.png,25.820221544241594,1.6498294089164665,0.6894862669298368,0.32702774798586104,0.994013531004533,0.10694714795270384,441387.0,887001.0,328673.0,1139930.0,1026544.0,1693218.0,961321.0,1164456.0,8451779.0,1754011.0,0.0,0.0,0.0,0.0,0.0,0.0,0.0,0.0,0.0,0.0
5_20_7.png,16.953746727161867,1.5353492297622036,0.647903308748845,0.17144547083942116,0.9881840240533653,0.02939354947135081,492468.0,1053487.0,347476.0,1423225.0,1119040.0,2206394.0,1129560.0,1465829.0,6524381.0,2086460.0,0.0,0.0,0.0,0.0,0.0,0.0,0.0,0.0,0.0,0.0
1_10_7.png,33.094111133029664,1.7810050975574765,0.7198071141170352,0.43974942975140846,0.9943256679507277,0.1933795609666889,384883.0,742928.0,299295.0,962032.0,1015637.0,1418716.0,801075.0,946898.0,9843636.0,1433220.0,0.0,0.0,0.0,0.0,0.0,0.0,0.0,0.0,0.0,0.0
8_15_2.png,8.152015485456046,0.9763835586958863,0.7386069350939362,0.3963322338392215,0.9937255376662706,0.15707923957998737,394621.0,805542.0,279343.0,1001351.0,800752.0,1508359.0,858138.0,1074811.0,9509599.0,1615804.0,0.0,0.0,0.0,0.0,0.0,0.0,0.0,0.0,0.0,0.0
1_5_1.png,42.08113791650228,2.4070733653742695,0.6013594944439555,0.17377590513432228,0.992964237711636,0.030198065205252974,543918.0,1072948.0,412577.0,1434580.0,1407593.0,2141960.0,1158233.0,1405384.0,6183545.0,2087582.0,0.0,0.0,0.0,0.0,0.0,0.0,0.0,0.0,0.0,0.0
5_15_2.png,12.816480309171123,1.2273455713568384,0.6939647087999588,0.28678024793223533,0.994732191735458,0.08224291060407438,451379.0,941528.0,319680.0,1190261.0,949657.0,1802697.0,1019128.0,1261323.0,8028970.0,1883697.0,0.0,0.0,0.0,0.0,0.0,0.0,0.0,0.0,0.0,0.0
7_5_1.png,32.6962525442954,1.9148114419317814,0.6756742644343259,0.2978714491211024,0.9941046742923477,0.08872740020150552,433597.0,878271.0,330673.0,1211201.0,1149229.0,1849507.0,961756.0,1193441.0,8128309.0,1712336.0,0.0,0.0,0.0,0.0,0.0,0.0,0.0,0.0,0.0,0.0
2_10_8.png,31.2677267897493,1.752709954807934,0.6847712589799979,0.27337216376497847,0.9929988282722181,0.07473233992154621,437062.0,935732.0,306810.0,1235305.0,1028428.0,1893063.0,1007138.0,1272830.0,7886997.0,1844955.0,0.0,0.0,0.0,0.0,0.0,0.0,0.0,0.0,0.0,0.0
2_15_7.png,24.87605246404361,1.5414077911480937,0.7104339445715541,0.3704070223436158,0.9938734526212056,0.1372013622014639,418534.0,839160.0,302786.0,1055408.0,943685.0,1584395.0,896664.0,1099027.0,9053476.0,1655185.0,0.0,0.0,0.0,0.0,0.0,0.0,0.0,0.0,0.0,0.0
0_10_6.png,42.741419840124095,2.079490793461497,0.6949077781765673,0.38814525289973884,0.9914734148595882,0.15065673734860222,424052.0,820656.0,319565.0,1041219.0,1070669.0,1533331.0,876817.0,1047657.0,9141170.0,1573184.0,0.0,0.0,0.0,0.0,0.0,0.0,0.0,0.0,0.0,0.0
6_20_4.png,10.659084759782647,1.1251170712133711,0.7205767596880138,0.33759114786290967,0.9912851351552946,0.11396778311539695,412456.0,867996.0,279321.0,1094519.0,836634.0,1663056.0,914736.0,1183325.0,8864401.0,1731876.0,0.0,0.0,0.0,0.0,0.0,0.0,0.0,0.0,0.0,0.0
0_5_3.png,39.12988997883865,2.1741875067250103,0.6589181908887369,0.33991756002930423,0.9945788284160946,0.11554394761627564,461431.0,864861.0,375939.0,1155258.0,1281925.0,1667030.0,951492.0,1099259.0,8318600.0,1672525.0,0.0,0.0,0.0,0.0,0.0,0.0,0.0,0.0,0.0,0.0
8_15_3.png,9.98189078135648,1.0476506178042393,0.744410416773108,0.42434684185494836,0.992324649335004,0.18007024219226855,368661.0,748949.0,272509.0,976012.0,848438.0,1461291.0,810578.0,1006072.0,9866233.0,1489577.0,0.0,0.0,0.0,0.0,0.0,0.0,0.0,0.0,0.0,0.0
4_15_5.png,35.470863782683544,2.4147958062838493,0.5370599251157905,0.07165918767706145,0.9881166127831293,0.005135039178536316,684712.0,1343046.0,485036.0,1662212.0,1458691.0,2448923.0,1408166.0,1727289.0,3984755.0,2645490.0,0.254020598460696,0.14456718152773002,0.1080101681313075,0.12572226151381247,0.254020598460696,0.12678524987913328,0.254020598460696,0.254020598460696,0.20038473778993326,0.23227509148612976
7_10_7.png,21.849108039525124,1.4999261369750005,0.7123062276728325,0.37408169985803086,0.9925407803775727,0.13993711816867388,400826.0,812937.0,301565.0,1063158.0,976148.0,1599385.0,872125.0,1076696.0,9161341.0,1584139.0,0.0,0.0,0.0,0.0,0.0,0.0,0.0,0.0,0.0,0.0
1_10_2.png,30.829146192747746,1.9990935807539183,0.6319665286249332,0.21037515276103577,0.9938973477387063,0.04425770489922914,528608.0,1050414.0,380037.0,1334199.0,1209870.0,2007234.0,1113314.0,1366889.0,6791272.0,2066483.0,0.25333915099862986,0.05014334654610126,0.04389461885376473,0.07515305747426133,0.22347491513059553,0.20507433944214618,0.1934510406376612,0.18095357341286109,0.019630270563761862,0.25333915099862986
3_10_2.png,32.10842346714608,2.285986256321509,0.5466401008651323,0.0743488637186611,0.9910875502952261,0.005527753536256042,674812.0,1347069.0,469238.0,1648322.0,1385327.0,2453804.0,1401111.0,1739919.0,4071263.0,2657455.0,0.24710206756961328,0.09971736884191895,0.11102270403901549,0.0,0.16355189675215065,0.07660587441940617,0.17247662548333817,0.24710206756961328,0.21022922276397332,0.24710206756961328
2_15_9.png,25.687362585631796,1.6917086232559813,0.6793752751382887,0.32089180415678287,0.9950885755597314,0.10297154997499508,446715.0,893399.0,339677.0,1161866.0,1103362.0,1731775.0,973860.0,1158903.0,8279447.0,1759316.0,0.0,0.0,0.0,0.0,0.0,0.0,0.0,0.0,0.0,0.0
0_20_10.png,33.31830502851404,2.2648526326171945,0.586465566267744,0.15699574692110319,0.9934361813579125,0.024647664551315084,599001.0,1145282.0,450096.0,1438869.0,1378510.0,2092008.0,1221266.0,1456470.0,5819292.0,2247526.0,0.2914411531423339,0.09269076745465916,0.06210925094429846,0.1778784199575982,0.09760708143798355,0.05584386108469095,0.05789519882415452,0.06335371438267588,0.05530004602980512,0.2914411531423339
3_5_10.png,39.161067909149594,2.167704597216743,0.6385929677812554,0.24950091164477964,0.9916309806935276,0.06225070491157613,512601.0,1002676.0,380294.0,1266497.0,1218477.0,1878869.0,1074585.0,1302830.0,7257156.0,1954335.0,0.0,0.0,0.0,0.0,0.0,0.0,0.0,0.0,0.0,0.0
0_15_10.png,43.113712967612365,2.1125932534701053,0.692480665743832,0.37997106607284176,0.9919450880336893,0.1443780110525319,391705.0,795444.0,319793.0,1101263.0,1164862.0,1632596.0,877376.0,1033330.0,9019201.0,1512750.0,0.0,0.0,0.0,0.0,0.0,0.0,0.0,0.0,0.0,0.0
6_5_3.png,31.833702274846665,1.8496327023779635,0.6858328809418262,0.3371134027715786,0.9942025719818381,0.11364544632823258,435150.0,863821.0,331772.0,1132438.0,1081423.0,1687394.0,930320.0,1133297.0,8566057.0,1686648.0,0.0,0.0,0.0,0.0,0.0,0.0,0.0,0.0,0.0,0.0
7_15_4.png,6.582623247014096,0.8146179297729637,0.7744027930607754,0.43150940334361376,0.99351748319021,0.18620036517396155,336945.0,728913.0,222292.0,925513.0,655482.0,1450498.0,762375.0,1018164.0,10286564.0,1461574.0,0.0,0.0,0.0,0.0,0.0,0.0,0.0,0.0,0.0,0.0
6_15_1.png,12.419012947885657,1.2679315662996307,0.6911380285624578,0.2898354225061414,0.9905654142507403,0.08400457213931349,446171.0,921822.0,322131.0,1199837.0,1000337.0,1811831.0,982027.0,1241514.0,8092090.0,1830560.0,0.0,0.0,0.0,0.0,0.0,0.0,0.0,0.0,0.0,0.0
1_15_4.png,22.99580785301819,1.4761383200028693,0.7202772369127342,0.39811750662137413,0.9957077942586314,0.15849754907841987,397987.0,794624.0,296004.0,1016551.0,947704.0,1524840.0,858131.0,1038779.0,9407890.0,1565810.0,0.0,0.0,0.0,0.0,0.0,0.0,0.0,0.0,0.0,0.0
2_20_5.png,32.20567983124709,1.9173801154908365,0.6387058889927497,0.2061354913874105,0.9927977456647252,0.04249184080952918,519527.0,1053860.0,371474.0,1337761.0,1158770.0,2010621.0,1131114.0,1391958.0,6785046.0,2088189.0,0.0,0.0,0.0,0.0,0.0,0.0,0.0,0.0,0.0,0.0
1_5_4.png,31.099075871561276,1.9894088940497112,0.6297533780520692,0.18342642696099998,0.9931605476523622,0.03364525410767906,534821.0,1074807.0,373876.0,1368095.0,1201029.0,2092636.0,1129065.0,1429407.0,6525900.0,2118684.0,0.0,0.0,0.0,0.0,0.0,0.0,0.0,0.0,0.0,0.0
7_5_9.png,17.04326165220042,1.283874659266167,0.7311099460823891,0.3535095598900878,0.9947223613118564,0.1249690089336836,376715.0,813906.0,263066.0,1089027.0,836153.0,1702264.0,876462.0,1136586.0,9136099.0,1618042.0,0.0,0.0,0.0,0.0,0.0,0.0,0.0,0.0,0.0,0.0
5_10_4.png,26.26731124018149,2.0647677293676696,0.5666722989314965,0.08211645343130712,0.9904741388399514,0.006743111924136032,628211.0,1297908.0,436880.0,1663046.0,1324359.0,2545100.0,1371961.0,1734107.0,4275981.0,2570767.0,0.24453010996793068,0.06042835507800724,0.12745148556643524,0.050945932014583854,0.24453010996793068,0.06330748860524901,0.06673195368749993,0.06330748860524901,0.11673324524894386,0.24453010996793068
2_5_10.png,39.61794490423586,2.0776929181162798,0.6672954588315958,0.28468512106878613,0.9921600323730415,0.08104561815794943,458688.0,929316.0,335971.0,1213421.0,1139401.0,1837017.0,995354.0,1235876.0,7893247.0,1810029.0,0.0,0.0,0.0,0.0,0.0,0.0,0.0,0.0,0.0,0.0
5_20_10.png,12.806798872888347,1.2864996547828271,0.6798738698820861,0.2475597670686337,0.9893000759277975,0.06128583827107617,457640.0,975851.0,326192.0,1280956.0,1016567.0,1952299.0,1046210.0,1324709.0,7527095.0,1940801.0,0.0,0.0,0.0,0.0,0.0,0.0,0.0,0.0,0.0,0.0
1_20_7.png,27.987627102686414,1.6849190532979446,0.6937689998456286,0.33004251289803255,0.9937393488526327,0.10892806032004798,430320.0,882545.0,314781.0,1137997.0,1021068.0,1705080.0,954393.0,1162667.0,8497212.0,1742257.0,0.0,0.0,0.0,0.0,0.0,0.0,0.0,0.0,0.0,0.0
6_10_3.png,25.762235482945375,1.7814588115562568,0.647550022232305,0.23418847150668798,0.9936360365747191,0.054844240186638804,495716.0,1003454.0,370276.0,1309998.0,1187090.0,1959034.0,1084766.0,1319022.0,7143304.0,1975660.0,0.0,0.0,0.0,0.0,0.0,0.0,0.0,0.0,0.0,0.0
3_10_7.png,33.79595714823715,1.9598476561098959,0.6387188438064917,0.19153100995019343,0.9920886103708646,0.03668412777254109,524754.0,1084194.0,362517.0,1354574.0,1133628.0,2051410.0,1134852.0,1426064.0,6633478.0,2142849.0,0.0,0.0,0.0,0.0,0.0,0.0,0.0,0.0,0.0,0.0
1_5_8.png,40.355553401061655,2.1120962752412034,0.666326986584299,0.3040539392938304,0.9914049354927381,0.0924487980000963,461593.0,909484.0,348532.0,1194916.0,1139176.0,1792019.0,970279.0,1197166.0,8075450.0,1759705.0,0.0,0.0,0.0,0.0,0.0,0.0,0.0,0.0,0.0,0.0
8_10_8.png,17.830333269072128,1.3253854551486675,0.7391563958586517,0.44418056092947067,0.9925830824720626,0.19729637070761918,361220.0,723484.0,281702.0,962209.0,895371.0,1422126.0,793185.0,954827.0,10042274.0,1411922.0,0.0,0.0,0.0,0.0,0.0,0.0,0.0,0.0,0.0,0.0
4_15_4.png,14.454618176356657,1.3018335739392417,0.6980065247237566,0.3420128079154812,0.9945352401945913,0.11697276077823185,452260.0,895915.0,334562.0,1096266.0,946758.0,1607781.0,966191.0,1158881.0,8605044.0,1784662.0,0.0,0.0,0.0,0.0,0.0,0.0,0.0,0.0,0.0,0.0
3_15_5.png,38.7254728802769,2.4903886159033033,0.536854785691867,0.07367019735620829,0.9892277090484858,0.00542729797850268,683899.0,1347001.0,482295.0,1654208.0,1466360.0,2440390.0,1404895.0,1724922.0,3993036.0,2651314.0,0.2637372296192243,0.0333300031526293,0.07377910027989126,0.13726538985219666,0.24655972277839078,0.1020607930460865,0.10539871570092445,0.11394453119733718,0.0,0.2637372296192243
0_5_2.png,39.82457133666297,2.5755182180517204,0.5290150569962112,0.06529922877043705,0.9909704020364035,0.004263989278013873,677273.0,1328065.0,498948.0,1695277.0,1539085.0,2480824.0,1416972.0,1708815.0,3900192.0,2602869.0,0.257564924597202,0.18260727762977724,0.13062975649362224,0.10881308255749017,0.18301700421660672,0.013201240918555538,0.0673214698955211,0.013201240918555538,0.13844400799705042,0.257564924597202
5_20_4.png,14.849010358756857,1.4575206345719305,0.6601832695437343,0.2623427715044718,0.9893625837441289,0.06882372976064749,505404.0,993489.0,372461.0,1242247.0,1079124.0,1800898.0,1035602.0,1305440.0,7550632.0,1963023.0,0.0,0.0,0.0,0.0,0.0,0.0,0.0,0.0,0.0,0.0
5_10_7.png,31.05484200710161,1.9171355492988056,0.6576145353263175,0.26547156301848795,0.9916221804741103,0.07047515077147903,496185.0,983698.0,353073.0,1234694.0,1106979.0,1842576.0,1033598.0,1282239.0,7593501.0,1921777.0,0.0,0.0,0.0,0.0,0.0,0.0,0.0,0.0,0.0,0.0
8_5_9.png,18.57733794967899,1.383648026433772,0.7132594004701998,0.3439665380694868,0.9946130069878603,0.11831297931150772,416537.0,859537.0,294775.0,1095306.0,887641.0,1661914.0,915303.0,1156091.0,8848821.0,1712395.0,0.0,0.0,0.0,0.0,0.0,0.0,0.0,0.0,0.0,0.0
3_10_10.png,41.77023740405653,2.5455246740611885,0.5451043669967504,0.07609217679286742,0.9855337953588631,0.005790019369076991,671244.0,1340610.0,460852.0,1650810.0,1384253.0,2469140.0,1394963.0,1741010.0,4109833.0,2625605.0,0.2000100660696381,0.05332221213288747,0.011241309390003158,0.0,0.1828225434078812,0.0355481426853537,0.11241308821460233,0.0710962853707074,0.0,0.25411562934276993
8_10_7.png,19.686160882410963,1.4945093096553208,0.7014580879235957,0.3690757110002792,0.9925300067095126,0.13621688045036162,416800.0,826607.0,320469.0,1083548.0,1028614.0,1616862.0,893491.0,1079482.0,8975708.0,1606739.0,0.0,0.0,0.0,0.0,0.0,0.0,0.0,0.0,0.0,0.0
7_10_3.png,24.12120978444102,1.800093589720598,0.6341140589838932,0.22598493348529874,0.9933401165717234,0.051069190162354894,512535.0,1011418.0,394728.0,1331427.0,1250825.0,1977359.0,1109831.0,1328791.0,6937350.0,1994056.0,0.0,0.0,0.0,0.0,0.0,0.0,0.0,0.0,0.0,0.0
1_10_1.png,29.067133643879345,1.8028052257809977,0.6741840545407906,0.3056189830318361,0.9952846620100786,0.09340296278941373,445099.0,894550.0,342441.0,1201111.0,1151801.0,1804192.0,980074.0,1180813.0,8085766.0,1762473.0,0.0,0.0,0.0,0.0,0.0,0.0,0.0,0.0,0.0,0.0
0_20_7.png,29.904102143933144,1.755679270829597,0.7016345258042866,0.3854659621009522,0.9941208234598494,0.1485840079384127,408385.0,805681.0,317397.0,1063816.0,1066799.0,1561436.0,876311.0,1045324.0,9131574.0,1571597.0,0.0,0.0,0.0,0.0,0.0,0.0,0.0,0.0,0.0,0.0
2_5_3.png,38.50231177818228,2.325073582816255,0.602881937966407,0.1847495997941076,0.993270269778037,0.034132414624082924,542907.0,1067768.0,420157.0,1411013.0,1410685.0,2088291.0,1166697.0,1389194.0,6272405.0,2079203.0,0.0,0.0,0.0,0.0,0.0,0.0,0.0,0.0,0.0,0.0
4_5_8.png,38.284127183386545,2.0715801083174923,0.6649428431810857,0.3009098353749343,0.9919231204514454,0.09054672902537006,469644.0,929247.0,351545.0,1192997.0,1126319.0,1760152.0,999389.0,1210286.0,7999318.0,1809423.0,0.0,0.0,0.0,0.0,0.0,0.0,0.0,0.0,0.0,0.0
2_10_3.png,33.71798872888347,2.0666738773716866,0.6264517135891567,0.19948638020852638,0.9942322673006583,0.03979481588870074,513461.0,1038547.0,383012.0,1379946.0,1306702.0,2071351.0,1130483.0,1370533.0,6608685.0,2045600.0,0.0,0.0,0.0,0.0,0.0,0.0,0.0,0.0,0.0,0.0
1_20_1.png,27.02093215361716,1.5258464545748,0.7276647560792864,0.4037975177410491,0.9943905559373729,0.16305243533383285,361064.0,750735.0,280112.0,1032735.0,974965.0,1578931.0,836973.0,1019346.0,9539623.0,1473836.0,0.0,0.0,0.0,0.0,0.0,0.0,0.0,0.0,0.0,0.0
2_5_7.png,37.47166674886123,1.9136814721494921,0.6879390849630889,0.2848951482424861,0.9923729664414733,0.08116524549210812,404175.0,880049.0,294498.0,1232013.0,1096359.0,1937958.0,958121.0,1226929.0,8105922.0,1712296.0,0.0,0.0,0.0,0.0,0.0,0.0,0.0,0.0,0.0,0.0
3_20_10.png,21.598698542466195,1.6969262782002081,0.6457829372308794,0.24994066472729629,0.9935922669201961,0.06247033588432273,508103.0,1003742.0,392858.0,1286516.0,1175524.0,1871984.0,1095490.0,1297061.0,7240129.0,1976913.0,0.0,0.0,0.0,0.0,0.0,0.0,0.0,0.0,0.0,0.0
6_15_7.png,16.894291587460994,1.3541557198450558,0.7039221706468561,0.3128746231941253,0.9905191977137416,0.09789052983886587,420658.0,884652.0,296430.0,1159661.0,948233.0,1785023.0,937642.0,1203525.0,8473251.0,1739245.0,0.0,0.0,0.0,0.0,0.0,0.0,0.0,0.0,0.0,0.0
0_20_5.png,27.928156159212374,1.800941837631362,0.6779457129401885,0.3581718393771594,0.9956542055843305,0.12828706652281768,452916.0,863278.0,359750.0,1109475.0,1140688.0,1590486.0,943676.0,1086815.0,8613398.0,1687838.0,0.0,0.0,0.0,0.0,0.0,0.0,0.0,0.0,0.0,0.0
4_10_9.png,20.402389508087943,1.437777518740361,0.7118538516470235,0.3479547396309377,0.9944213057647483,0.12107250083163366,398406.0,837321.0,295795.0,1112908.0,944401.0,1694332.0,915284.0,1131312.0,8863078.0,1655483.0,0.0,0.0,0.0,0.0,0.0,0.0,0.0,0.0,0.0,0.0
5_5_5.png,39.607300502582405,2.553369622233779,0.5369394948923129,0.07024930628801385,0.9906731286829146,0.004934965033947182,657487.0,1311538.0,477007.0,1690837.0,1520985.0,2521913.0,1401371.0,1702546.0,3993660.0,2570976.0,0.24683880829080398,0.017411631103194783,0.1659762011292655,0.21547999429417136,0.1168007705227866,0.10869455656514794,0.24683880829080398,0.18506135958419528,0.24683880829080398,0.24683880829080398
3_20_8.png,24.111139642588142,1.6302122188945876,0.6908343185063333,0.3187561975519993,0.9934114374108861,0.1016055134778092,412243.0,863099.0,319898.0,1186420.0,1087879.0,1783021.0,947499.0,1164039.0,8389465.0,1694757.0,0.0,0.0,0.0,0.0,0.0,0.0,0.0,0.0,0.0,0.0
0_20_8.png,30.65326723395861,1.7788317985366378,0.698007003316951,0.3741312857448007,0.9943904895898328,0.1399742189730577,404508.0,807812.0,321954.0,1093145.0,1104344.0,1614042.0,886685.0,1057682.0,8983435.0,1574713.0,0.0,0.0,0.0,0.0,0.0,0.0,0.0,0.0,0.0,0.0
4_10_3.png,28.369488406082997,1.8853008096911876,0.6504410980223393,0.2818834674524589,0.9948231010692938,0.07945828922302146,491719.0,955962.0,380383.0,1228841.0,1218814.0,1789934.0,1036267.0,1224964.0,7649672.0,1871764.0,0.0,0.0,0.0,0.0,0.0,0.0,0.0,0.0,0.0,0.0
4_15_9.png,20.68623289605825,1.7700145260213052,0.6193286936060898,0.17923311362805808,0.9923590983946746,0.03212450902080838,538703.0,1083326.0,408117.0,1412142.0,1256008.0,2106626.0,1184210.0,1427661.0,6294267.0,2137260.0,0.0,0.0,0.0,0.0,0.0,0.0,0.0,0.0,0.0,0.0
6_20_3.png,9.851556951866863,1.0678758608012626,0.7340260111989457,0.3666749173811932,0.9908438745217852,0.13445049503650483,379842.0,807709.0,268614.0,1067927.0,858255.0,1620094.0,851183.0,1111576.0,9277564.0,1605556.0,0.0,0.0,0.0,0.0,0.0,0.0,0.0,0.0,0.0,0.0
4_5_4.png,25.737531159212367,1.6073643341343566,0.6962282557031289,0.34034201660696156,0.9946250299308956,0.11583268826809329,442488.0,888471.0,317919.0,1097357.0,994888.0,1624455.0,942686.0,1151143.0,8633552.0,1755361.0,0.0,0.0,0.0,0.0,0.0,0.0,0.0,0.0,0.0,0.0
0_10_5.png,33.6472175832108,2.2129325862594604,0.5929139983700368,0.17210213388419016,0.9939556440006286,0.029619144487491714,589337.0,1126130.0,445101.0,1412212.0,1374554.0,2049074.0,1209256.0,1429473.0,5997140.0,2216043.0,0.0,0.0,0.0,0.0,0.0,0.0,0.0,0.0,0.0,0.0
2_10_10.png,35.232058234102084,1.9190137324701413,0.6755332163715867,0.28006425882349806,0.9916786094332194,0.0784359890703553,451245.0,940541.0,321772.0,1220317.0,1060523.0,1854898.0,1007972.0,1254186.0,7895581.0,1841285.0,0.0,0.0,0.0,0.0,0.0,0.0,0.0,0.0,0.0,0.0
2_20_8.png,31.358660019368028,1.8056169524048635,0.6794752044985666,0.3068864002757617,0.9930121788659317,0.09417926267421504,443464.0,905783.0,332370.0,1189178.0,1092950.0,1779012.0,976754.0,1197573.0,8148778.0,1782458.0,0.0,0.0,0.0,0.0,0.0,0.0,0.0,0.0,0.0,0.0
6_15_6.png,19.456498825364946,1.504530414977942,0.6905416758254107,0.3055294318543333,0.9883225011180335,0.09334823372923168,432522.0,896763.0,317052.0,1183005.0,1029780.0,1783131.0,963930.0,1204576.0,8281025.0,1756536.0,0.0,0.0,0.0,0.0,0.0,0.0,0.0,0.0,0.0,0.0
3_10_1.png,29.51153843567304,1.8805699894193177,0.6445712582941037,0.22979061184290162,0.9944967734636798,0.05280372529113508,500106.0,1014350.0,374020.0,1317736.0,1193202.0,1967493.0,1096622.0,1332374.0,7048060.0,2004357.0,0.0,0.0,0.0,0.0,0.0,0.0,0.0,0.0,0.0,0.0
7_15_1.png,13.748680833273557,1.440988879075356,0.6452524899149713,0.1779014696596051,0.9882658950150734,0.03164893290704739,507525.0,1058418.0,363067.0,1402587.0,1131063.0,2139063.0,1119642.0,1446556.0,6576117.0,2104282.0,0.0,0.0,0.0,0.0,0.0,0.0,0.0,0.0,0.0,0.0
7_15_10.png,14.82068702700764,1.32211810910656,0.6931835515412733,0.25859398265862876,0.9861882179748445,0.06687084786725118,427331.0,934572.0,298520.0,1267229.0,965330.0,1967820.0,996276.0,1302434.0,7835532.0,1853276.0,0.0,0.0,0.0,0.0,0.0,0.0,0.0,0.0,0.0,0.0
7_5_3.png,32.90269628062121,1.890320469136688,0.6724316051051762,0.29300219252551535,0.9936809696936385,0.08585028482475915,445902.0,902896.0,339282.0,1212098.0,1130282.0,1838579.0,984201.0,1214505.0,8013377.0,1767198.0,0.0,0.0,0.0,0.0,0.0,0.0,0.0,0.0,0.0,0.0
