,MSE,R2 Score
Simple Linear Regression_L,109.98735088994265,0.5776726472876013
Multiple Linear Regression_L,109.98735088994265,0.5776726472876013
Polynomial Regression_L,102.82021223655144,0.6051928909294197
Ridge Regression_L,109.9825632911753,0.5776910306189289
Lasso Regression_L,110.32881697761012,0.5763614922531468
Elastic Net Regression_L,110.41035931295085,0.5760483875339242
Robust Regression_L,119.13526331082642,0.5425466659425047
Quantile Regression_L,157.95521948615283,0.393486531379012
Logistic Regression_L,15334.8275,-57.882381019038554
Simple Linear Regression_La,94.6773341834216,0.636459760290419
Multiple Linear Regression_La,94.6773341834216,0.636459760290419
Polynomial Regression_La,110.09725565502308,0.5772506370463205
Ridge Regression_La,93.136494216614,0.6423762484944715
Lasso Regression_La,92.50366355541783,0.6448061797156137
Elastic Net Regression_La,92.79043235638257,0.6437050502896207
Robust Regression_La,92.60314905727132,0.6444241771644923
Quantile Regression_La,160.00615829161973,0.3856113752880659
Logistic Regression_La,15337.695147058825,-57.89339215605629
Simple Linear Regression_L/a,125.16993352804465,0.5193748532139633
Multiple Linear Regression_L/a,125.16993352804465,0.5193748532139633
Polynomial Regression_L/a,152.932170276064,0.4127739408699783
Ridge Regression_L/a,125.29731057194525,0.5188857532464524
Lasso Regression_L/a,125.62004970059557,0.5176465056355523
Elastic Net Regression_L/a,127.14858026550216,0.5117772828404425
Robust Regression_L/a,127.71389872067341,0.5096065837129506
Quantile Regression_L/a,172.34852860909325,0.3382193748425736
Logistic Regression_L/a,15359.621617647057,-57.97758500371493
Simple Linear Regression_Lb,98.0582268319946,0.623477872550388
Multiple Linear Regression_Lb,98.0582268319946,0.623477872550388
Polynomial Regression_Lb,86.19550159332098,0.6690281408809411
Ridge Regression_Lb,92.5639146146742,0.6445748288361902
Lasso Regression_Lb,91.85808682942046,0.6472850530356561
Elastic Net Regression_Lb,91.94031482616623,0.6469693155267198
Robust Regression_Lb,101.66510716410633,0.6096282415711364
Quantile Regression_Lb,157.95521948615283,0.393486531379012
Logistic Regression_Lb,15337.289264705883,-57.89183365666301
Simple Linear Regression_L/b,102.71726484873639,0.6055881863648749
Multiple Linear Regression_L/b,102.71726484873639,0.6055881863648749
Polynomial Regression_L/b,123.7670485994311,0.524761624267794
Ridge Regression_L/b,102.80546378309343,0.6052495217624667
Lasso Regression_L/b,103.20001361538057,0.6037345367679678
Elastic Net Regression_L/b,104.28749980862865,0.5995588278215336
Robust Regression_L/b,104.44977238469393,0.5989357366486582
Quantile Regression_L/b,151.17572730583865,0.41951829741464897
Logistic Regression_L/b,15340.748088235294,-57.905114781927466
Simple Linear Regression_LH,119.8743347683635,0.5397087933180493
Multiple Linear Regression_LH,119.8743347683635,0.5397087933180493
Polynomial Regression_LH,110.28205662985434,0.5765410417533376
Ridge Regression_LH,118.0490998889194,0.5467172957365256
Lasso Regression_LH,113.75749144261323,0.5631961327968007
Elastic Net Regression_LH,111.62553172962657,0.5713823914382702
Robust Regression_LH,133.72643374194112,0.4865197652917719
Quantile Regression_LH,157.95521948615283,0.393486531379012
Logistic Regression_LH,15344.942205882353,-57.92121927565801
Simple Linear Regression_L/H,111.41811715681833,0.5721788179976819
Multiple Linear Regression_L/H,111.41811715681833,0.5721788179976819
Polynomial Regression_L/H,99.54917443980273,0.6177529600841485
Ridge Regression_L/H,111.49010450088882,0.571902402353482
Lasso Regression_L/H,111.75444004553734,0.5708874117214146
Elastic Net Regression_L/H,112.79474468054865,0.566892869631221
Robust Regression_L/H,117.10120632340373,0.5503569995473568
Quantile Regression_L/H,163.766104197457,0.37117400600963835
Logistic Regression_L/H,15338.512794117647,-57.89653174179057
Simple Linear Regression_LS,98.41409272729209,0.6221114254065523
Multiple Linear Regression_LS,98.41409272729209,0.6221114254065523
Polynomial Regression_LS,102.61136938837589,0.6059948017536123
Ridge Regression_LS,96.37046672124858,0.629958501948383
Lasso Regression_LS,94.6237420854911,0.6366655422159055
Elastic Net Regression_LS,90.45562420778643,0.6526702025231228
Robust Regression_LS,100.01259211846545,0.6159735376337834
Quantile Regression_LS,157.41529593350913,0.39555971963938985
Logistic Regression_LS,15341.08044117647,-57.90639094447414
Simple Linear Regression_L/S,87.11603606306888,0.6654934900093317
Multiple Linear Regression_L/S,87.11603606306888,0.6654934900093317
Polynomial Regression_L/S,87.74166946199838,0.6630911946999125
Ridge Regression_L/S,87.22191962812411,0.6650869202959628
Lasso Regression_L/S,87.36553458538533,0.6645354702954012
Elastic Net Regression_L/S,89.49764872896748,0.6563486186742475
Robust Regression_L/S,88.73260068954733,0.6592862356872206
Quantile Regression_L/S,158.2001872726024,0.3925459086990951
Logistic Regression_L/S,15344.268676470587,-57.91863307014308
Simple Linear Regression_LV,97.53348115629,0.6254927810855464
Multiple Linear Regression_LV,97.53348115629,0.6254927810855464
Polynomial Regression_LV,109.41456238656505,0.5798720297651155
Ridge Regression_LV,103.98885866860483,0.6007055444308232
Lasso Regression_LV,110.521491023801,0.575621666089449
Elastic Net Regression_LV,110.94264439411512,0.5740045293320718
Robust Regression_LV,98.20175466897426,0.622926757072638
Quantile Regression_LV,158.24862441793022,0.3923599206632552
Logistic Regression_LV,15334.8275,-57.882381019038554
Simple Linear Regression_L/V,199.2421675609027,0.2349536879120293
Multiple Linear Regression_L/V,199.2421675609027,0.2349536879120293
Polynomial Regression_L/V,232.50022517387512,0.1072500264055547
Ridge Regression_L/V,199.27907682471152,0.23481196441792906
Lasso Regression_L/V,199.96130241278047,0.23219236748945937
Elastic Net Regression_L/V,200.20039227484517,0.2312743147525843
Robust Regression_L/V,211.6575204938366,0.18728145019805087
Quantile Regression_L/V,267.5674450726471,-0.027400422277868985
Logistic Regression_L/V,15328.083382352941,-57.856485083467625
Simple Linear Regression_LR,100.26518249006665,0.6150036458953623
Multiple Linear Regression_LR,100.26518249006665,0.6150036458953623
Polynomial Regression_LR,120.15093184302826,0.5386467210945984
Ridge Regression_LR,101.66115309151631,0.6096434243443904
Lasso Regression_LR,108.1522772916406,0.584718928232933
Elastic Net Regression_LR,111.53508509933692,0.5717296867010702
Robust Regression_LR,99.38583754888836,0.6183801379930807
Quantile Regression_LR,157.95521948615283,0.393486531379012
Logistic Regression_LR,15334.8275,-57.882381019038554
Simple Linear Regression_L/R,118.61096586130918,0.544559853387214
Multiple Linear Regression_L/R,118.61096586130918,0.544559853387214
Polynomial Regression_L/R,122.93839898662824,0.5279434574010547
Ridge Regression_L/R,119.14736518758963,0.5425001973846668
Lasso Regression_L/R,120.22985576514125,0.538343670509036
Elastic Net Regression_L/R,126.84768553215957,0.5129326527547959
Robust Regression_L/R,121.3007831729332,0.5342315436742648
Quantile Regression_L/R,209.89653943303097,0.19404323201722484
Logistic Regression_L/R,15347.198088235295,-57.929881370111964
Simple Linear Regression_LG,95.82345170241223,0.632058919886717
Multiple Linear Regression_LG,95.82345170241223,0.632058919886717
Polynomial Regression_LG,108.43833631983928,0.5836205241790021
Ridge Regression_LG,106.7464837118455,0.5901168678706377
Lasso Regression_LG,108.8285779106246,0.582122081888856
Elastic Net Regression_LG,109.53252202474475,0.5794190905742336
Robust Regression_LG,98.12408392662351,0.6232249957222171
Quantile Regression_LG,156.84003214383984,0.39776860667445846
Logistic Regression_LG,15338.23044117647,-57.895447568299595
Simple Linear Regression_L/G,194.4408495318054,0.25338969820186696
Multiple Linear Regression_L/G,194.4408495318054,0.25338969820186696
Polynomial Regression_L/G,181.07915614428435,0.3046956761206654
Ridge Regression_L/G,194.44793978682605,0.2533624731745462
Lasso Regression_L/G,194.9353145863022,0.2514910606241386
Elastic Net Regression_L/G,194.97376758014067,0.25134340954462575
Robust Regression_L/G,213.08338098484433,0.18180645801365836
Quantile Regression_L/G,252.92663739113885,0.0288170745494698
Logistic Regression_L/G,15289.959852941176,-57.710099075238055
Simple Linear Regression_LB,84.94097999740175,0.6738452292119006
Multiple Linear Regression_LB,84.94097999740175,0.6738452292119006
Polynomial Regression_LB,79.91897612059428,0.6931286248518755
Ridge Regression_LB,89.45602499838792,0.6565084446888161
Lasso Regression_LB,94.05038952140688,0.6388670905630682
Elastic Net Regression_LB,95.11746691731783,0.6347697469312059
Robust Regression_LB,89.64287983411366,0.65579096301956
Quantile Regression_LB,150.51687402826317,0.42204814978669825
Logistic Regression_LB,15337.289264705883,-57.89183365666301
Simple Linear Regression_L/B,96.76950749737485,0.6284262727125471
Multiple Linear Regression_L/B,96.76950749737485,0.6284262727125471
Polynomial Regression_L/B,84.43033328192894,0.6758060008258358
Ridge Regression_L/B,96.60112414445334,0.6290728279309861
Lasso Regression_L/B,96.48794393666837,0.6295074151553033
Elastic Net Regression_L/B,104.26553664668357,0.5996431615559712
Robust Regression_L/B,102.83047269402203,0.6051534930186044
Quantile Regression_L/B,203.65191801524432,0.21802121140054442
Logistic Regression_L/B,15336.918676470588,-57.890410678956094
Simple Linear Regression_a,204.39191567117481,0.21517978237699031
Multiple Linear Regression_a,204.39191567117481,0.21517978237699031
Polynomial Regression_a,188.5678030195367,0.2759409112805886
Ridge Regression_a,201.22900352733993,0.22732467269173506
Lasso Regression_a,200.15348511192025,0.23145442799088878
Elastic Net Regression_a,194.31799803589342,0.2538614210556811
Robust Regression_a,199.59891300957938,0.23358386347573945
Quantile Regression_a,232.6115603048899,0.10682252387217328
Logistic Regression_a,15330.086323529413,-57.86417593916924
Simple Linear Regression_aL,94.6773341834215,0.6364597602904194
Multiple Linear Regression_aL,94.6773341834215,0.6364597602904194
Polynomial Regression_aL,110.09725565502308,0.5772506370463205
Ridge Regression_aL,93.136494216614,0.6423762484944715
Lasso Regression_aL,92.50510077529124,0.6448006611058874
Elastic Net Regression_aL,92.79048343028039,0.6437048541770325
Robust Regression_aL,92.60314905727138,0.6444241771644921
Quantile Regression_aL,160.0061582916202,0.385611375288064
Logistic Regression_aL,15337.695147058825,-57.89339215605629
Simple Linear Regression_a/L,128.72399673459483,0.505728028435932
Multiple Linear Regression_a/L,128.72399673459483,0.505728028435932
Polynomial Regression_a/L,182.83143574068504,0.2979673060201766
Ridge Regression_a/L,128.86091065840697,0.5052023089370516
Lasso Regression_a/L,129.1924663737581,0.5039292075630488
Elastic Net Regression_a/L,130.82970024980506,0.4976425878468065
Robust Regression_a/L,132.7294639584935,0.49034791103735864
Quantile Regression_a/L,176.94532167288148,0.32056869565184554
Logistic Regression_a/L,15355.915735294117,-57.96335522664587
Simple Linear Regression_ab,102.41405653648002,0.6067524399158469
Multiple Linear Regression_ab,102.41405653648002,0.6067524399158469
Polynomial Regression_ab,110.90619208615892,0.5741444982157192
Ridge Regression_ab,104.24062673500302,0.5997388101643906
Lasso Regression_ab,102.65821962878712,0.6058149070853007
Elastic Net Regression_ab,115.24094177899781,0.5575000082117789
Robust Regression_ab,99.25186897635074,0.6188945479877634
Quantile Regression_ab,209.22931968826092,0.1966052097919977
Logistic Regression_ab,15341.58926470588,-57.908344715452664
Simple Linear Regression_a/b,140.16372232859158,0.46180198615218526
Multiple Linear Regression_a/b,140.16372232859158,0.46180198615218526
Polynomial Regression_a/b,99.44722042301613,0.6181444411922894
Ridge Regression_a/b,140.1259061412985,0.46194719203395207
Lasso Regression_a/b,140.01556024422902,0.46237089612551296
Elastic Net Regression_a/b,141.61864065316323,0.45621541824726364
Robust Regression_a/b,149.527218774896,0.4258482093378252
Quantile Regression_a/b,215.41889926854802,0.1728385790167819
Logistic Regression_a/b,15331.0775,-57.86798183986152
Simple Linear Regression_aH,174.067146000737,0.3316202602401619
Multiple Linear Regression_aH,174.067146000737,0.3316202602401619
Polynomial Regression_aH,164.33897411577885,0.36897431091655875
Ridge Regression_aH,170.74318387300232,0.3443835472414749
Lasso Regression_aH,170.5807705660488,0.3450071787901571
Elastic Net Regression_aH,170.19262959024394,0.34649755517857384
Robust Regression_aH,170.02946219296223,0.34712408226905633
Quantile Regression_aH,232.6115603048899,0.10682252387217328
Logistic Regression_aH,15329.227499999999,-57.86087824480085
Simple Linear Regression_a/H,212.32814274875702,0.18470640752906298
Multiple Linear Regression_a/H,212.32814274875702,0.18470640752906298
Polynomial Regression_a/H,219.71078775907853,0.15635866664798326
Ridge Regression_a/H,212.3427510158803,0.1846503149808565
Lasso Regression_a/H,212.41759508224723,0.18436293014833516
Elastic Net Regression_a/H,212.70910624781172,0.18324359108031685
Robust Regression_a/H,228.5696158946849,0.12234270568181316
Quantile Regression_a/H,276.3323459148068,-0.06105572299658513
Logistic Regression_a/H,15343.948088235295,-57.91740208149187
Simple Linear Regression_aS,136.7186530587481,0.475030298070523
Multiple Linear Regression_aS,136.7186530587481,0.475030298070523
Polynomial Regression_aS,139.94601048221799,0.4626379519881575
Ridge Regression_aS,134.85763247880573,0.48217620974591935
Lasso Regression_aS,133.11260190985362,0.48887674516771706
Elastic Net Regression_aS,131.07156283271874,0.4967138884687814
Robust Regression_aS,132.2816362094131,0.49206747157054687
Quantile Regression_aS,221.71405815197352,0.14866654682735914
Logistic Regression_aS,15342.253970588234,-57.910897040546004
Simple Linear Regression_a/S,181.89379820738702,0.30156762891219513
Multiple Linear Regression_a/S,181.89379820738702,0.30156762891219513
Polynomial Regression_a/S,165.10471492996945,0.36603403380010613
Ridge Regression_a/S,181.8763376707182,0.30163467355113427
Lasso Regression_a/S,181.84326692899918,0.30176165796060883
Elastic Net Regression_a/S,182.22362729153198,0.30030115742408847
Robust Regression_a/S,192.86206177257785,0.2594518976225668
Quantile Regression_a/S,253.5627929017107,0.02637437663448816
Logistic Regression_a/S,15321.78338235294,-57.8322944624502
Simple Linear Regression_aV,95.18290996306389,0.6345184599601157
Multiple Linear Regression_aV,95.18290996306389,0.6345184599601157
Polynomial Regression_aV,112.51650688028717,0.5679612418818313
Ridge Regression_aV,93.6444674357636,0.6404257425212263
Lasso Regression_aV,93.0692587425079,0.6426344179981265
Elastic Net Regression_aV,93.80044129203321,0.6398268370536639
Robust Regression_aV,92.97198162924767,0.6430079408204354
Quantile Regression_aV,161.67848183514255,0.37919001892935755
Logistic Regression_aV,15337.695147058825,-57.89339215605629
Simple Linear Regression_a/V,130.62304650223527,0.4984360930038366
Multiple Linear Regression_a/V,130.62304650223527,0.4984360930038366
Polynomial Regression_a/V,179.09044486637706,0.312331892126525
Ridge Regression_a/V,130.75670481393018,0.49792287434287796
Lasso Regression_a/V,131.09116026822744,0.49663863860603474
Elastic Net Regression_a/V,132.68862511429379,0.49050472326002925
Robust Regression_a/V,135.1383054626778,0.4810984869232723
Quantile Regression_a/V,177.36700008916102,0.31894954283288646
Logistic Regression_a/V,15355.915735294117,-57.96335522664587
Simple Linear Regression_aR,97.47645207495766,0.6257117602749879
Multiple Linear Regression_aR,97.47645207495766,0.6257117602749879
Polynomial Regression_aR,112.07804171040166,0.5696448521602498
Ridge Regression_aR,95.82904796241318,0.632037431473257
Lasso Regression_aR,95.32003441837686,0.6339919320663545
Elastic Net Regression_aR,96.3665986341656,0.629973354556111
Robust Regression_aR,95.05701238650852,0.6350018790968557
Quantile Regression_aR,172.34268144998845,0.33824182665367397
Logistic Regression_aR,15337.695147058825,-57.89339215605629
Simple Linear Regression_a/R,126.67096722610677,0.5136112123688537
Multiple Linear Regression_a/R,126.67096722610677,0.5136112123688537
Polynomial Regression_a/R,174.91116440595667,0.3283794143080361
Ridge Regression_a/R,126.79822828091716,0.5131225577740608
Lasso Regression_a/R,127.10345388370524,0.5119505582690038
Elastic Net Regression_a/R,128.62739319014918,0.5060989649014279
Robust Regression_a/R,133.16165122762754,0.4886884065236803
Quantile Regression_a/R,173.76176404298766,0.3327928601140461
Logistic Regression_a/R,15338.409852941177,-57.89613647020532
Simple Linear Regression_aG,94.52989242743438,0.6370259043604554
Multiple Linear Regression_aG,94.52989242743438,0.6370259043604554
Polynomial Regression_aG,111.4766106643794,0.5719542157320645
Ridge Regression_aG,93.02697174371932,0.6427967908174373
Lasso Regression_aG,92.36740213072045,0.6453293937607165
Elastic Net Regression_aG,92.5951813851098,0.6444547712815798
Robust Regression_aG,92.6794417362988,0.6441312299764357
Quantile Regression_aG,158.44054899056297,0.39162297231397136
Logistic Regression_aG,15341.08044117647,-57.90639094447414
Simple Linear Regression_a/G,134.76804628588604,0.48252020111755634
Multiple Linear Regression_a/G,134.76804628588604,0.48252020111755634
Polynomial Regression_a/G,186.18587241932067,0.2850870034138603
Ridge Regression_a/G,134.90808239158991,0.48198249312361396
Lasso Regression_a/G,135.24100102537477,0.48070415844114966
Elastic Net Regression_a/G,136.92529146898528,0.47423685180549313
Robust Regression_a/G,138.51270958604078,0.4681415136997995
Quantile Regression_a/G,181.8786540238141,0.3016257792622634
Logistic Regression_a/G,15359.621617647057,-57.97758500371493
Simple Linear Regression_aB,112.20358303753191,0.5691628009433243
Multiple Linear Regression_aB,112.20358303753191,0.5691628009433243
Polynomial Regression_aB,135.53193889888288,0.47958702068914216
Ridge Regression_aB,113.8432369167774,0.5628668889445048
Lasso Regression_aB,116.52798112073319,0.5525580588545687
Elastic Net Regression_aB,122.79778731609052,0.528483375437976
Robust Regression_aB,120.77458655181029,0.5362520235222377
Quantile Regression_aB,169.96798441816674,0.3473601434676391
Logistic Regression_aB,15341.548088235297,-57.908186606818575
Simple Linear Regression_a/B,181.24360419628957,0.3040642315963621
Multiple Linear Regression_a/B,181.24360419628957,0.3040642315963621
Polynomial Regression_a/B,178.89795197520138,0.3130710226946166
Ridge Regression_a/B,181.3331248194935,0.30372049199808127
Lasso Regression_a/B,181.36558668027328,0.3035958455581379
Elastic Net Regression_a/B,182.6276568825526,0.2987497722310407
Robust Regression_a/B,191.981000854999,0.2628349786940598
Quantile Regression_a/B,249.83108854663607,0.04070330453967064
Logistic Regression_a/B,15369.892205882354,-58.017021814449215
Simple Linear Regression_b,103.45081496993214,0.6027715144634264
Multiple Linear Regression_b,103.45081496993214,0.6027715144634264
Polynomial Regression_b,97.39402257243988,0.6260282715219818
Ridge Regression_b,100.39333281664267,0.6145115766916387
Lasso Regression_b,100.8282742730854,0.6128414967015483
Elastic Net Regression_b,141.9494601700643,0.4549451437141655
Robust Regression_b,103.87098632425347,0.6011581484325119
Quantile Regression_b,234.4938662527446,0.09959488104306524
Logistic Regression_b,15338.53044117647,-57.896599502633755
Simple Linear Regression_bL,98.05822683199465,0.6234778725503878
Multiple Linear Regression_bL,98.05822683199465,0.6234778725503878
Polynomial Regression_bL,86.19550159332087,0.6690281408809415
Ridge Regression_bL,92.56391461467415,0.6445748288361904
Lasso Regression_bL,91.84631772068079,0.6473302438371218
Elastic Net Regression_bL,91.93731672449611,0.6469808275808901
Robust Regression_bL,101.66510716410684,0.6096282415711345
Quantile Regression_bL,157.95521948615283,0.393486531379012
Logistic Regression_bL,15337.289264705883,-57.89183365666301
Simple Linear Regression_b/L,120.51788188908404,0.5372377132380177
Multiple Linear Regression_b/L,120.51788188908404,0.5372377132380177
Polynomial Regression_b/L,117.91528109598738,0.5472311306103076
Ridge Regression_b/L,120.61196870943083,0.5368764404421855
Lasso Regression_b/L,120.92505784701729,0.5356742466847215
Elastic Net Regression_b/L,122.08634723227554,0.5312151496354627
Robust Regression_b/L,126.84658094420247,0.5129368941307723
Quantile Regression_b/L,180.0849317382218,0.3085132802180185
Logistic Regression_b/L,15330.689264705883,-57.866491101311425
Simple Linear Regression_ba,102.41405653647969,0.6067524399158483
Multiple Linear Regression_ba,102.41405653647969,0.6067524399158483
Polynomial Regression_ba,110.9061920861586,0.5741444982157204
Ridge Regression_ba,104.2406267350032,0.5997388101643899
Lasso Regression_ba,102.65751049287366,0.6058176300119884
Elastic Net Regression_ba,115.24111279607115,0.5574993515436506
Robust Regression_ba,99.25186897635064,0.6188945479877639
Quantile Regression_ba,209.22931968826083,0.19660520979199814
Logistic Regression_ba,15341.58926470588,-57.908344715452664
Simple Linear Regression_b/a,200.87919446994468,0.22866786290378394
Multiple Linear Regression_b/a,200.87919446994468,0.22866786290378394
Polynomial Regression_b/a,145.13437106784835,0.442715782999478
Ridge Regression_b/a,200.86099835918677,0.22873773198621805
Lasso Regression_b/a,200.8651957357782,0.22872161497885446
Elastic Net Regression_b/a,201.09237646878503,0.2278492906908185
Robust Regression_b/a,216.353688975462,0.16924919115472836
Quantile Regression_b/a,247.14306021518283,0.051024744960347035
Logistic Regression_b/a,15304.242205882354,-57.76494018432329
Simple Linear Regression_bH,103.25625845489522,0.6035185688954465
Multiple Linear Regression_bH,103.25625845489522,0.6035185688954465
Polynomial Regression_bH,110.17650664038771,0.5769463306094613
Ridge Regression_bH,100.45323588258434,0.6142815620303725
Lasso Regression_bH,100.73900261692566,0.6131842803208749
Elastic Net Regression_bH,138.75952927924905,0.46719378010328594
Robust Regression_bH,103.38236900230464,0.6030343319972433
Quantile Regression_bH,234.4938662527446,0.09959488104306524
Logistic Regression_bH,15338.4275,-57.8962042310485
Simple Linear Regression_b/H,199.5055527933513,0.23394234627079935
Multiple Linear Regression_b/H,199.5055527933513,0.23394234627079935
Polynomial Regression_b/H,203.0161939163364,0.22046225278916665
Ridge Regression_b/H,199.500804322936,0.2339605793578199
Lasso Regression_b/H,199.66867205080132,0.23331600402673347
Elastic Net Regression_b/H,199.71858322641526,0.2331243560372397
Robust Regression_b/H,211.2687506166586,0.1887742414300828
Quantile Regression_b/H,238.92661552236493,0.0825740941150318
Logistic Regression_b/H,15343.736323529412,-57.91658895137364
Simple Linear Regression_bS,101.81441533739837,0.6090549308671823
Multiple Linear Regression_bS,101.81441533739837,0.6090549308671823
Polynomial Regression_bS,100.66893778566244,0.6134533139367063
Ridge Regression_bS,99.8083137982381,0.6167579216697665
Lasso Regression_bS,98.72384876821769,0.6209220300106972
Elastic Net Regression_bS,96.86700814552653,0.6280518915651836
Robust Regression_bS,101.11668363034676,0.6117340678984712
Quantile Regression_bS,222.0858469278912,0.14723895930723963
Logistic Regression_bS,15347.398088235293,-57.93064932633474
Simple Linear Regression_b/S,105.42003083715565,0.5952101565673176
Multiple Linear Regression_b/S,105.42003083715565,0.5952101565673176
Polynomial Regression_b/S,85.8378900686637,0.6704012908594243
Ridge Regression_b/S,105.59378845057829,0.5945429653649053
Lasso Regression_b/S,105.87936306701324,0.5934464213461161
Elastic Net Regression_b/S,108.59005899091078,0.5830379423320751
Robust Regression_b/S,121.05971557135723,0.5351571904979635
Quantile Regression_b/S,199.20916659776265,0.23508040438703415
Logistic Regression_b/S,15340.418676470588,-57.90384991285466
Simple Linear Regression_bV,98.67346484875321,0.6211154932331
Multiple Linear Regression_bV,98.67346484875321,0.6211154932331
Polynomial Regression_bV,85.7533801942355,0.6707257902791897
Ridge Regression_bV,93.78356502602637,0.6398916382211497
Lasso Regression_bV,93.24103860486125,0.641974820926918
Elastic Net Regression_bV,93.71638372226481,0.6401495997225388
Robust Regression_bV,101.87883268212755,0.6088075823634852
Quantile Regression_bV,161.98600653400732,0.37800919139860645
Logistic Regression_bV,15337.289264705883,-57.89183365666301
Simple Linear Regression_b/V,125.30226112555192,0.5188667442042103
Multiple Linear Regression_b/V,125.30226112555192,0.5188667442042103
Polynomial Regression_b/V,124.6776203489876,0.5212652280610184
Ridge Regression_b/V,125.39503361407878,0.5185105181548776
Lasso Regression_b/V,125.72165657923846,0.5172563574618995
Elastic Net Regression_b/V,126.84790143022543,0.5129318237534801
Robust Regression_b/V,132.65588085772114,0.49063045403800476
Quantile Regression_b/V,182.69197121455204,0.2985028192736777
Logistic Regression_b/V,15330.689264705883,-57.866491101311425
Simple Linear Regression_bR,103.14280696817002,0.603954197771515
Multiple Linear Regression_bR,103.14280696817002,0.603954197771515
Polynomial Regression_bR,91.30361179583686,0.6494141157977259
Ridge Regression_bR,99.01598276007276,0.6198002994260512
Lasso Regression_bR,98.92068388054082,0.6201662262638514
Elastic Net Regression_bR,102.6356310692415,0.6059016422096337
Robust Regression_bR,104.33556046908552,0.5993742854051909
Quantile Regression_bR,172.34268144998845,0.33824182665367397
Logistic Regression_bR,15337.289264705883,-57.89183365666301
Simple Linear Regression_b/R,127.96670524607602,0.5086358619912452
Multiple Linear Regression_b/R,127.96670524607602,0.5086358619912452
Polynomial Regression_b/R,123.73575315660392,0.5248817919181122
Ridge Regression_b/R,128.05749554928886,0.5082872470996456
Lasso Regression_b/R,128.30491295671416,0.5073372184113698
Elastic Net Regression_b/R,129.43375058384458,0.5030027290100824
Robust Regression_b/R,135.2304601381952,0.4807446331406652
Quantile Regression_b/R,176.97412476366299,0.32045809808784154
Logistic Regression_b/R,15330.315735294118,-57.865056830130655
Simple Linear Regression_bG,96.17538803987458,0.6307075613848425
Multiple Linear Regression_bG,96.17538803987458,0.6307075613848425
Polynomial Regression_bG,86.81578410619952,0.6666463918027228
Ridge Regression_bG,90.75741227250627,0.6515114024118185
Lasso Regression_bG,89.78133232818998,0.6552593357476368
Elastic Net Regression_bG,89.93475674449346,0.6546702195715073
Robust Regression_bG,100.24590919903777,0.6150776511142572
Quantile Regression_bG,159.56779901797645,0.3872945789480934
Logistic Regression_bG,15337.289264705883,-57.89183365666301
Simple Linear Regression_b/G,121.74946775356891,0.5325086930954527
Multiple Linear Regression_b/G,121.74946775356891,0.5325086930954527
Polynomial Regression_b/G,125.25246616201642,0.51905794596476
Ridge Regression_b/G,121.84967477822053,0.5321239200547176
Lasso Regression_b/G,122.22205775599396,0.5306940509295346
Elastic Net Regression_b/G,123.43198937191598,0.5260481783616364
Robust Regression_b/G,128.39015380743933,0.5070099122026246
Quantile Regression_b/G,182.87771629325977,0.29778959882846046
Logistic Regression_b/G,15330.689264705883,-57.866491101311425
Simple Linear Regression_bB,100.89946971841194,0.6125681217751896
Multiple Linear Regression_bB,100.89946971841194,0.6125681217751896
Polynomial Regression_bB,89.29082951949464,0.6571427591687681
Ridge Regression_bB,95.89574840128644,0.6317813163877842
Lasso Regression_bB,95.58479296968054,0.6329753171813216
Elastic Net Regression_bB,97.37551863524064,0.6260993225905718
Robust Regression_bB,103.86832845938982,0.6011683540518185
Quantile Regression_bB,161.6109498960088,0.3794493267938267
Logistic Regression_bB,15337.289264705883,-57.89183365666301
Simple Linear Regression_b/B,105.50052367073057,0.5949010817051543
Multiple Linear Regression_b/B,105.50052367073057,0.5949010817051543
Polynomial Regression_b/B,98.82644572086826,0.6205280801695684
Ridge Regression_b/B,105.62365807760528,0.5944282725351685
Lasso Regression_b/B,105.93269160261562,0.5932416514422794
Elastic Net Regression_b/B,107.6189634129147,0.5867667367922325
Robust Regression_b/B,109.54791228175563,0.5793599953560256
Quantile Regression_b/B,172.72339832289111,0.3367799571953686
Logistic Regression_b/B,15340.562794117648,-57.90440329307402
Simple Linear Regression_H,257.89243974499925,0.009749480455878201
Multiple Linear Regression_H,257.89243974499925,0.009749480455878201
Polynomial Regression_H,260.9844772404207,-0.0021232667224360124
Ridge Regression_H,257.91394625990523,0.00966690014611693
Lasso Regression_H,257.595338020003,0.010890286048418685
Elastic Net Regression_H,258.0388812028429,0.009187177311761663
Robust Regression_H,272.4611414626655,-0.046191145253302146
Quantile Regression_H,292.80426470588236,-0.12430428567984775
Logistic Regression_H,15386.692205882355,-58.081530137162325
Simple Linear Regression_HL,119.87433476836364,0.5397087933180489
Multiple Linear Regression_HL,119.87433476836364,0.5397087933180489
Polynomial Regression_HL,110.28205662985432,0.5765410417533376
Ridge Regression_HL,118.0490998889194,0.5467172957365256
Lasso Regression_HL,113.75757391508763,0.563195816120551
Elastic Net Regression_HL,111.62670315116141,0.5713778934359843
Robust Regression_HL,133.72643374194107,0.4865197652917721
Quantile Regression_HL,157.95521948615283,0.393486531379012
Logistic Regression_HL,15344.942205882353,-57.92121927565801
Simple Linear Regression_H/L,140.21037155651516,0.4616228633278273
Multiple Linear Regression_H/L,140.21037155651516,0.4616228633278273
Polynomial Regression_H/L,112.9328537780469,0.5663625609269929
Ridge Regression_H/L,140.26884646273845,0.46139833248727546
Lasso Regression_H/L,140.52791930699053,0.4604035494727984
Elastic Net Regression_H/L,141.3538682412686,0.45723208635393187
Robust Regression_H/L,149.78595630457045,0.4248547138579305
Quantile Regression_H/L,204.75766643952994,0.21377537948427483
Logistic Regression_H/L,15334.8275,-57.882381019038554
Simple Linear Regression_Ha,174.0671460007379,0.33162026024015845
Multiple Linear Regression_Ha,174.0671460007379,0.33162026024015845
Polynomial Regression_Ha,164.33897411577837,0.3689743109165605
Ridge Regression_Ha,170.7431838730022,0.34438354724147535
Lasso Regression_Ha,170.58151142949012,0.34500433403670716
Elastic Net Regression_Ha,170.19326057349895,0.34649513234098817
Robust Regression_Ha,170.02946219296226,0.3471240822690562
Quantile Regression_Ha,232.6115603048899,0.10682252387217328
Logistic Regression_Ha,15329.227499999999,-57.86087824480085
Simple Linear Regression_H/a,215.2263462019764,0.17357794064522236
Multiple Linear Regression_H/a,215.2263462019764,0.17357794064522236
Polynomial Regression_H/a,224.6421690276909,0.13742324198744615
Ridge Regression_H/a,215.2472551653654,0.17349765480249058
Lasso Regression_H/a,215.36403229210168,0.17304925619671596
Elastic Net Regression_H/a,215.68529493851105,0.17181567795443964
Robust Regression_H/a,233.22219183385556,0.10447783245971398
Quantile Regression_H/a,269.7384019053704,-0.035736421323198764
Logistic Regression_H/a,15332.459852941176,-57.87328977257776
Simple Linear Regression_Hb,103.25625845489522,0.6035185688954465
Multiple Linear Regression_Hb,103.25625845489522,0.6035185688954465
Polynomial Regression_Hb,110.17650664038801,0.5769463306094602
Ridge Regression_Hb,100.45323588258435,0.6142815620303725
Lasso Regression_Hb,100.73901180650955,0.6131842450348842
Elastic Net Regression_Hb,138.7596410231256,0.46719335103125914
Robust Regression_Hb,103.38236900230466,0.6030343319972433
Quantile Regression_Hb,234.4938662527446,0.09959488104306524
Logistic Regression_Hb,15338.4275,-57.8962042310485
Simple Linear Regression_H/b,209.2409453356202,0.19656056985083092
Multiple Linear Regression_H/b,209.2409453356202,0.19656056985083092
Polynomial Regression_H/b,202.2965604608033,0.22322548774063544
Ridge Regression_H/b,209.1832608843583,0.19678206551735067
Lasso Regression_H/b,209.31052897545433,0.19629338390476114
Elastic Net Regression_H/b,208.7730870084753,0.19835704341937133
Robust Regression_H/b,215.37465894466672,0.17300845217689298
Quantile Regression_H/b,237.96638644430564,0.08626116359395797
Logistic Regression_H/b,15358.503970588234,-57.97329348364648
Simple Linear Regression_HS,127.15070768717385,0.5117691140068863
Multiple Linear Regression_HS,127.15070768717385,0.5117691140068863
Polynomial Regression_HS,129.05934615557214,0.5044403600627143
Ridge Regression_HS,125.65586888895162,0.5175089677925884
Lasso Regression_HS,125.52674221889177,0.5180047859415817
Elastic Net Regression_HS,136.8961661647249,0.474348686598728
Robust Regression_HS,127.11092083230803,0.5119218868207807
Quantile Regression_HS,286.6238126094285,-0.10057270244467231
Logistic Regression_HS,15349.756911764707,-57.939706692373946
Simple Linear Regression_H/S,261.70108131912224,-0.004874869529960302
Multiple Linear Regression_H/S,261.70108131912224,-0.004874869529960302
Polynomial Regression_H/S,256.28620121930993,0.015917084811199134
Ridge Regression_H/S,261.6688973125389,-0.004751289989312735
Lasso Regression_H/S,261.8415869091136,-0.005414380240802874
Elastic Net Regression_H/S,262.0754305608675,-0.006312288678407496
Robust Regression_H/S,272.6383753317324,-0.04687168451648427
Quantile Regression_H/S,294.58636330345263,-0.13114715421786216
Logistic Regression_H/S,15386.58926470588,-58.08113486557706
Simple Linear Regression_HV,124.30490802964657,0.5226963617857329
Multiple Linear Regression_HV,124.30490802964657,0.5226963617857329
Polynomial Regression_HV,112.96572767009071,0.5662363323771834
Ridge Regression_HV,122.11500805012025,0.5311050983683944
Lasso Regression_HV,117.34554396505816,0.5494187964855233
Elastic Net Regression_HV,114.31061076051829,0.561072275686189
Robust Regression_HV,136.36051298624054,0.47640547755705964
Quantile Regression_HV,161.98600653400732,0.37800919139860645
Logistic Regression_HV,15348.512794117647,-57.934929552929326
Simple Linear Regression_H/V,140.3392640572977,0.4611279443376024
Multiple Linear Regression_H/V,140.3392640572977,0.4611279443376024
Polynomial Regression_H/V,111.7258320872255,0.5709972600194468
Ridge Regression_H/V,140.39743173405057,0.46090459319096866
Lasso Regression_H/V,140.65977132755634,0.45989726657440344
Elastic Net Regression_H/V,141.47987010193825,0.4567482667890195
Robust Regression_H/V,149.85696271374516,0.4245820647890173
Quantile Regression_H/V,208.5700957237671,0.1991364855206751
Logistic Regression_H/V,15334.8275,-57.882381019038554
Simple Linear Regression_HR,130.06887560224197,0.5005639879594903
Multiple Linear Regression_HR,130.06887560224197,0.5005639879594903
Polynomial Regression_HR,119.19467680842193,0.5423185311165282
Ridge Regression_HR,127.49049639018007,0.5104643997623748
Lasso Regression_HR,122.16396880371619,0.5309170997914157
Elastic Net Regression_HR,119.477579724171,0.5412322458435745
Robust Regression_HR,144.629877573459,0.44465292759130737
Quantile Regression_HR,172.34268144998845,0.33824182665367397
Logistic Regression_HR,15345.109852941177,-57.92186300366829
Simple Linear Regression_H/R,151.76249698358413,0.417265230287847
Multiple Linear Regression_H/R,151.76249698358413,0.417265230287847
Polynomial Regression_H/R,118.1987159470972,0.546142802822002
Ridge Regression_H/R,151.8098586643389,0.41708337180056354
Lasso Regression_H/R,152.0632871884372,0.41611026174001353
Elastic Net Regression_H/R,152.7311622001756,0.41354576788351105
Robust Regression_H/R,162.64071577525684,0.37549525121897664
Quantile Regression_H/R,214.22531151510051,0.17742169473022262
Logistic Regression_H/R,15331.433382352943,-57.86934835019911
Simple Linear Regression_HG,120.60173233992948,0.5369157458604714
Multiple Linear Regression_HG,120.60173233992948,0.5369157458604714
Polynomial Regression_HG,110.45547844060006,0.5758751399597022
Ridge Regression_HG,118.65189087621462,0.5444027102878951
Lasso Regression_HG,113.23577794415446,0.5651993984350365
Elastic Net Regression_HG,111.37164330062149,0.5723572674329954
Robust Regression_HG,133.08321877737464,0.4889895699648764
Quantile Regression_HG,159.56779901797645,0.3872945789480934
Logistic Regression_HG,15348.512794117647,-57.934929552929326
Simple Linear Regression_H/G,133.63455835483109,0.48687254666802704
Multiple Linear Regression_H/G,133.63455835483109,0.48687254666802704
Polynomial Regression_H/G,110.92721312524826,0.57406378202683
Ridge Regression_H/G,133.70228190167913,0.4866125030718752
Lasso Regression_H/G,133.97384998565892,0.48556974107187834
Elastic Net Regression_H/G,134.91694937478934,0.48194844584898777
Robust Regression_H/G,142.42356552931508,0.4531246829097272
Quantile Regression_H/G,197.6310546555369,0.24114000881837394
Logistic Regression_H/G,15334.8275,-57.882381019038554
Simple Linear Regression_HB,118.91351702684416,0.5433981231358118
Multiple Linear Regression_HB,118.91351702684416,0.5433981231358118
Polynomial Regression_HB,117.27932295839918,0.5496730706562343
Ridge Regression_HB,117.01620780812215,0.5506833752410425
Lasso Regression_HB,114.48578040735367,0.5603996625845463
Elastic Net Regression_HB,111.03023787061954,0.5736681895552915
Robust Regression_HB,123.62488717972437,0.5253074930023057
Quantile Regression_HB,169.96798441816674,0.3473601434676391
Logistic Regression_HB,15333.824558823531,-57.878529944450825
Simple Linear Regression_H/B,145.54620813904796,0.44113441879149196
Multiple Linear Regression_H/B,145.54620813904796,0.44113441879149196
Polynomial Regression_H/B,134.08569577614185,0.48514027771791557
Ridge Regression_H/B,145.42788979051883,0.44158873535159904
Lasso Regression_H/B,145.25183484512408,0.44226474780593017
Elastic Net Regression_H/B,144.71152392336214,0.4443394234789324
Robust Regression_H/B,154.33494650356636,0.4073875872046213
Quantile Regression_H/B,211.69482360302953,0.18713821442388312
Logistic Regression_H/B,15343.139264705884,-57.91429637617918
Simple Linear Regression_S,132.80804817101316,0.4900461648622769
Multiple Linear Regression_S,132.80804817101316,0.4900461648622769
Polynomial Regression_S,133.56393256776838,0.48714373423134294
Ridge Regression_S,132.09419295378947,0.49278721264341385
Lasso Regression_S,131.92877066457837,0.4934223980253407
Elastic Net Regression_S,137.90780375876164,0.4704642196710592
Robust Regression_S,128.18653944189572,0.5077917467979528
Quantile Regression_S,286.6238126094285,-0.10057270244467231
Logistic Regression_S,15357.056911764706,-57.96773709450523
Simple Linear Regression_SL,98.41409272729194,0.6221114254065527
Multiple Linear Regression_SL,98.41409272729194,0.6221114254065527
Polynomial Regression_SL,102.6113693883755,0.6059948017536139
Ridge Regression_SL,96.37046672124858,0.629958501948383
Lasso Regression_SL,94.62000864549678,0.6366798778082856
Elastic Net Regression_SL,90.45621048245076,0.652667951356739
Robust Regression_SL,100.01259211846563,0.6159735376337826
Quantile Regression_SL,157.41529593350768,0.3955597196393954
Logistic Regression_SL,15341.08044117647,-57.90639094447414
Simple Linear Regression_S/L,119.43133236192072,0.5414098255917097
Multiple Linear Regression_S/L,119.43133236192072,0.5414098255917097
Polynomial Regression_S/L,89.03992028911337,0.6581061956928831
Ridge Regression_S/L,119.34941457006066,0.5417243719817844
Lasso Regression_S/L,119.14960783560362,0.5424915861071777
Elastic Net Regression_S/L,119.16405354706067,0.5424361177371484
Robust Regression_S/L,128.35796212500927,0.5071335212168435
Quantile Regression_S/L,185.58035246276685,0.28741206750711035
Logistic Regression_S/L,15340.365735294117,-57.903646630325106
Simple Linear Regression_Sa,136.71865305874806,0.4750302980705231
Multiple Linear Regression_Sa,136.71865305874806,0.4750302980705231
Polynomial Regression_Sa,139.94601048221784,0.46263795198815805
Ridge Regression_Sa,134.85763247880584,0.4821762097459189
Lasso Regression_Sa,133.07762611958066,0.4890110445466501
Elastic Net Regression_Sa,131.070361024189,0.4967185031504765
Robust Regression_Sa,132.28163620941314,0.49206747157054676
Quantile Regression_Sa,221.7140581519734,0.14866654682735958
Logistic Regression_Sa,15342.253970588234,-57.910897040546004
Simple Linear Regression_S/a,209.0140697022629,0.1974317226229948
Multiple Linear Regression_S/a,209.0140697022629,0.1974317226229948
Polynomial Regression_S/a,175.664966453905,0.3254849794407234
Ridge Regression_S/a,208.9396168936908,0.19771760511122494
Lasso Regression_S/a,208.76849307180473,0.19837468313063733
Elastic Net Regression_S/a,208.3667677766406,0.19991722033197468
Robust Regression_S/a,223.0695611033188,0.14346171219498105
Quantile Regression_S/a,258.4372053729857,0.007657699686047126
Logistic Regression_S/a,15314.57455882353,-57.80461415800871
Simple Linear Regression_Sb,101.81441533739837,0.6090549308671823
Multiple Linear Regression_Sb,101.81441533739837,0.6090549308671823
Polynomial Regression_Sb,100.66893778566057,0.6134533139367135
Ridge Regression_Sb,99.80831379823813,0.6167579216697664
Lasso Regression_Sb,98.73563382490154,0.6208767779726168
Elastic Net Regression_Sb,96.86860356292897,0.628045765511573
Robust Regression_Sb,101.11668363034683,0.611734067898471
Quantile Regression_Sb,222.0858469278912,0.14723895930723963
Logistic Regression_Sb,15347.398088235293,-57.93064932633474
Simple Linear Regression_S/b,89.62550712551909,0.6558576704179183
Multiple Linear Regression_S/b,89.62550712551909,0.6558576704179183
Polynomial Regression_S/b,81.92598104629505,0.6854221652427146
Ridge Regression_S/b,89.75107860090314,0.6553755034382971
Lasso Regression_S/b,89.89338507525679,0.6548290777256918
Elastic Net Regression_S/b,92.31376264259964,0.6455353576541608
Robust Regression_S/b,102.39301407087466,0.6068332383778678
Quantile Regression_S/b,169.9250914273309,0.3475248431637683
Logistic Regression_S/b,15343.82161764706,-57.9169164621157
Simple Linear Regression_SH,127.1507076871739,0.5117691140068861
Multiple Linear Regression_SH,127.1507076871739,0.5117691140068861
Polynomial Regression_SH,129.05934615557237,0.5044403600627134
Ridge Regression_SH,125.65586888895162,0.5175089677925884
Lasso Regression_SH,125.52615844979391,0.5180070274871387
Elastic Net Regression_SH,136.8972669687032,0.4743444597524019
Robust Regression_SH,127.11092083230803,0.5119218868207807
Quantile Regression_SH,286.6238126094285,-0.10057270244467231
Logistic Regression_SH,15349.756911764707,-57.939706692373946
Simple Linear Regression_S/H,257.2226641527941,0.01232127212536227
Multiple Linear Regression_S/H,257.2226641527941,0.01232127212536227
Polynomial Regression_S/H,253.35167108680076,0.027185038192106492
Ridge Regression_S/H,256.8562340449247,0.013728283533114616
Lasso Regression_S/H,256.4673360328721,0.015221566775017736
Elastic Net Regression_S/H,255.67600137342131,0.018260118655131996
Robust Regression_S/H,267.3275567623708,-0.026479303674630472
Quantile Regression_S/H,300.88710419028695,-0.15534062007855165
Logistic Regression_S/H,15363.106911764704,-57.990967770244175
Simple Linear Regression_SV,98.34400959028399,0.6223805293124371
Multiple Linear Regression_SV,98.34400959028399,0.6223805293124371
Polynomial Regression_SV,104.16038176888978,0.6000469332697558
Ridge Regression_SV,96.53024407827208,0.6293449918704592
Lasso Regression_SV,94.91283436657724,0.6355554911348238
Elastic Net Regression_SV,91.2061734386067,0.6497882577615853
Robust Regression_SV,99.65652532396953,0.6173407561865669
Quantile Regression_SV,157.02243084933957,0.39706823556988524
Logistic Regression_SV,15341.08044117647,-57.90639094447414
Simple Linear Regression_S/V,120.06529831086243,0.5389755351141232
Multiple Linear Regression_S/V,120.06529831086243,0.5389755351141232
Polynomial Regression_S/V,87.44288568688015,0.6642384589967438
Ridge Regression_S/V,119.9925044014829,0.539255047792564
Lasso Regression_S/V,119.80311269769034,0.5399822704799113
Elastic Net Regression_S/V,119.87020393989438,0.5397246547951897
Robust Regression_S/V,128.82392203166978,0.5053443371674252
Quantile Regression_S/V,187.96660458173858,0.2782493816877374
Logistic Regression_S/V,15340.365735294117,-57.903646630325106
Simple Linear Regression_SR,102.3300524455035,0.6070749972378668
Multiple Linear Regression_SR,102.3300524455035,0.6070749972378668
Polynomial Regression_SR,105.00441457700381,0.5968060320336681
Ridge Regression_SR,100.48483739021206,0.6141602191582136
Lasso Regression_SR,99.12658230915011,0.6193756213663009
Elastic Net Regression_SR,96.07593270492072,0.6310894481016726
Robust Regression_SR,103.28109832292239,0.6034231892393247
Quantile Regression_SR,172.52274472881524,0.3375504230763323
Logistic Regression_SR,15337.695147058825,-57.89339215605629
Simple Linear Regression_S/R,133.0888119836047,0.48896809327722823
Multiple Linear Regression_S/R,133.0888119836047,0.48896809327722823
Polynomial Regression_S/R,93.70526179454153,0.6401923054905606
Ridge Regression_S/R,133.0139520235731,0.48925553913794306
Lasso Regression_S/R,132.80904330650867,0.4900423437597955
Elastic Net Regression_S/R,132.68193958416538,0.49053039423235256
Robust Regression_S/R,142.12764089217734,0.4542609687425392
Quantile Regression_S/R,197.88264901748607,0.24017394153900395
Logistic Regression_S/R,15336.57455882353,-57.88908934251397
Simple Linear Regression_SG,97.50154408536615,0.6256154124473122
Multiple Linear Regression_SG,97.50154408536615,0.6256154124473122
Polynomial Regression_SG,103.30285023150655,0.6033396666715525
Ridge Regression_SG,95.50605500409033,0.6332776537345399
Lasso Regression_SG,93.63739421688828,0.6404529021334779
Elastic Net Regression_SG,89.3709782861205,0.6568350054483776
Robust Regression_SG,99.18250637122961,0.6191608852089168
Quantile Regression_SG,156.95783818108904,0.3973162572775285
Logistic Regression_SG,15341.08044117647,-57.90639094447414
Simple Linear Regression_S/G,111.66725994971769,0.5712221642068487
Multiple Linear Regression_S/G,111.66725994971769,0.5712221642068487
Polynomial Regression_S/G,86.92302624356245,0.6662346054690651
Ridge Regression_S/G,111.59790761198427,0.5714884620034806
Lasso Regression_S/G,111.42432911171326,0.5721549654505961
Elastic Net Regression_S/G,111.64504435678379,0.5713074672210299
Robust Regression_S/G,120.20448587850031,0.5384410853206211
Quantile Regression_S/G,176.76960789249117,0.321243398107236
Logistic Regression_S/G,15344.012794117647,-57.917650537916884
Simple Linear Regression_SB,102.20401779704355,0.6075589427007173
Multiple Linear Regression_SB,102.20401779704355,0.6075589427007173
Polynomial Regression_SB,115.44088300532944,0.5567322776670256
Ridge Regression_SB,100.1781018659133,0.6153380164313708
Lasso Regression_SB,99.38435554093554,0.6183858285792284
Elastic Net Regression_SB,94.66203203903717,0.6365185171754282
Robust Regression_SB,104.60905846858579,0.598324112952027
Quantile Regression_SB,158.65061021117864,0.39081638320629375
Logistic Regression_SB,15347.898088235293,-57.93256921689168
Simple Linear Regression_S/B,99.764592914411,0.6169258002937678
Multiple Linear Regression_S/B,99.764592914411,0.6169258002937678
Polynomial Regression_S/B,98.21440511020893,0.6228781821473031
Ridge Regression_S/B,99.58188716763888,0.6176273503696199
Lasso Regression_S/B,99.30898168382234,0.6186752476922517
Elastic Net Regression_S/B,98.91047680107818,0.6202054192147999
Robust Regression_S/B,99.21735942566532,0.6190270571087335
Quantile Regression_S/B,160.38784874558445,0.38414576749158547
Logistic Regression_S/B,15351.792205882353,-57.94752177628806
Simple Linear Regression_V,113.17195215340556,0.5654444755009324
Multiple Linear Regression_V,113.17195215340556,0.5654444755009324
Polynomial Regression_V,104.39137218471049,0.5991599806336011
Ridge Regression_V,113.15564761672078,0.565507081352965
Lasso Regression_V,113.51697652438179,0.564119657437431
Elastic Net Regression_V,113.4752019801134,0.5642800625435536
Robust Regression_V,122.44617339032244,0.5298334959495159
Quantile Regression_V,161.98600653400732,0.37800919139860645
Logistic Regression_V,15338.23044117647,-57.895447568299595
Simple Linear Regression_VL,97.53348115628957,0.625492781085548
Multiple Linear Regression_VL,97.53348115628957,0.625492781085548
Polynomial Regression_VL,109.41456238656336,0.5798720297651221
Ridge Regression_VL,103.9888586686045,0.6007055444308245
Lasso Regression_VL,110.52077052384524,0.5756244326515717
Elastic Net Regression_VL,110.94397539713718,0.5739994185718053
Robust Regression_VL,98.20175466897666,0.6229267570726288
Quantile Regression_VL,158.24862441793022,0.3923599206632552
Logistic Regression_VL,15334.8275,-57.882381019038554
Simple Linear Regression_V/L,199.08619639003624,0.23555258306823135
Multiple Linear Regression_V/L,199.08619639003624,0.23555258306823135
Polynomial Regression_V/L,231.12258725665228,0.11253985446186565
Ridge Regression_V/L,199.1241876272144,0.23540670503322192
Lasso Regression_V/L,199.78049861430068,0.232886614500179
Elastic Net Regression_V/L,200.04352175782088,0.23187666320117795
Robust Regression_V/L,211.84525709434402,0.1865605827450394
Quantile Regression_V/L,266.97537553170037,-0.025127004836440703
Logistic Regression_V/L,15328.083382352941,-57.856485083467625
Simple Linear Regression_Va,95.18290996306386,0.6345184599601158
Multiple Linear Regression_Va,95.18290996306386,0.6345184599601158
Polynomial Regression_Va,112.51650688028718,0.5679612418818312
Ridge Regression_Va,93.64446743576353,0.6404257425212265
Lasso Regression_Va,93.06792357135231,0.6426395447631135
Elastic Net Regression_Va,93.80012026924716,0.6398280697108949
Robust Regression_Va,92.97198162924767,0.6430079408204354
Quantile Regression_Va,161.67848183514255,0.37919001892935755
Logistic Regression_Va,15337.695147058825,-57.89339215605629
Simple Linear Regression_V/a,127.15798235002785,0.5117411808938497
Multiple Linear Regression_V/a,127.15798235002785,0.5117411808938497
Polynomial Regression_V/a,152.94291404915947,0.41273268713295463
Ridge Regression_V/a,127.28225215957343,0.5112640120261316
Lasso Regression_V/a,127.60680979716165,0.5100177817389564
Elastic Net Regression_V/a,129.10055676234222,0.5042821203531471
Robust Regression_V/a,129.99334488279692,0.5008540093895328
Quantile Regression_V/a,173.50852561946954,0.33376524022997855
Logistic Regression_V/a,15359.621617647057,-57.97758500371493
Simple Linear Regression_Vb,98.67346484875304,0.6211154932331007
Multiple Linear Regression_Vb,98.67346484875304,0.6211154932331007
Polynomial Regression_Vb,85.75338019423566,0.6707257902791891
Ridge Regression_Vb,93.78356502602641,0.6398916382211495
Lasso Regression_Vb,93.25075360165756,0.641937517465698
Elastic Net Regression_Vb,93.71992069193641,0.6401360185331935
Robust Regression_Vb,101.8788326821273,0.6088075823634862
Quantile Regression_Vb,161.98600653400732,0.37800919139860645
Logistic Regression_Vb,15337.289264705883,-57.89183365666301
Simple Linear Regression_V/b,106.99240044116561,0.5891726014578083
Multiple Linear Regression_V/b,106.99240044116561,0.5891726014578083
Polynomial Regression_V/b,132.14910571384232,0.4925763596644521
Ridge Regression_V/b,107.07182192046773,0.5888676403615479
Lasso Regression_V/b,107.47720377002422,0.587311062791713
Elastic Net Regression_V/b,108.45232518235167,0.5835668100089224
Robust Regression_V/b,109.75863732481898,0.5785508573154503
Quantile Regression_V/b,155.33396578558748,0.40355157183311907
Logistic Regression_V/b,15337.09220588235,-57.89107699391409
Simple Linear Regression_VH,124.30490802964636,0.5226963617857336
Multiple Linear Regression_VH,124.30490802964636,0.5226963617857336
Polynomial Regression_VH,112.9657276700908,0.5662363323771831
Ridge Regression_VH,122.11500805012025,0.5311050983683944
Lasso Regression_VH,117.3462003891151,0.5494162759608268
Elastic Net Regression_VH,114.30947626702456,0.5610766318928802
Robust Regression_VH,136.36051298623383,0.4764054775570853
Quantile Regression_VH,161.98600653400732,0.37800919139860645
Logistic Regression_VH,15348.512794117647,-57.934929552929326
Simple Linear Regression_V/H,112.38474807350165,0.568467166859713
Multiple Linear Regression_V/H,112.38474807350165,0.568467166859713
Polynomial Regression_V/H,100.80774199822284,0.6129203361427905
Ridge Regression_V/H,112.45592463041234,0.5681938644607367
Lasso Regression_V/H,112.72244092108917,0.5671705002412557
Elastic Net Regression_V/H,113.74888080194513,0.5632291957722163
Robust Regression_V/H,117.93823211376223,0.5471430037257116
Quantile Regression_V/H,164.98510791876723,0.36649329854280743
Logistic Regression_V/H,15341.915735294118,-57.909598291051616
Simple Linear Regression_VS,98.34400959028393,0.6223805293124374
Multiple Linear Regression_VS,98.34400959028393,0.6223805293124374
Polynomial Regression_VS,104.1603817688898,0.6000469332697557
Ridge Regression_VS,96.53024407827215,0.6293449918704589
Lasso Regression_VS,94.91804801144747,0.6355354718797166
Elastic Net Regression_VS,91.20568171218959,0.649790145883395
Robust Regression_VS,99.65652532396953,0.6173407561865669
Quantile Regression_VS,157.0224308493394,0.3970682355698859
Logistic Regression_VS,15341.08044117647,-57.90639094447414
Simple Linear Regression_V/S,87.8932611265651,0.6625091158892883
Multiple Linear Regression_V/S,87.8932611265651,0.6625091158892883
Polynomial Regression_V/S,88.49149111502976,0.6602120436778277
Ridge Regression_V/S,88.00458029225919,0.6620816746592437
Lasso Regression_V/S,88.15879851915574,0.6614895104241909
Elastic Net Regression_V/S,90.31705690795364,0.6532022706240215
Robust Regression_V/S,89.36377738304608,0.6568626553400057
Quantile Regression_V/S,157.18746643076952,0.39643453506119297
Logistic Regression_V/S,15344.268676470587,-57.91863307014308
Simple Linear Regression_VR,105.6792545225527,0.5942147943558609
Multiple Linear Regression_VR,105.6792545225527,0.5942147943558609
Polynomial Regression_VR,152.21552944781087,0.41552568478773677
Ridge Regression_VR,105.67774360505857,0.5942205959483193
Lasso Regression_VR,109.1654984047782,0.5808283809385273
Elastic Net Regression_VR,114.08273402331474,0.5619472724779948
Robust Regression_VR,102.18738572513365,0.6076228062163216
Quantile Regression_VR,164.75437403228756,0.3673792661624431
Logistic Regression_VR,15334.8275,-57.882381019038554
Simple Linear Regression_V/R,104.79614028429694,0.5976057597293098
Multiple Linear Regression_V/R,104.79614028429694,0.5976057597293098
Polynomial Regression_V/R,108.09246439572179,0.5849485966610481
Ridge Regression_V/R,104.99740434062237,0.5968329498069295
Lasso Regression_V/R,105.39575925703154,0.5953033541222821
Elastic Net Regression_V/R,109.84204533603545,0.5782305888092353
Robust Regression_V/R,105.2355903892916,0.5959183675156607
Quantile Regression_V/R,183.0176597044018,0.297252246761346
Logistic Regression_V/R,15347.398088235293,-57.93064932633474
Simple Linear Regression_VG,112.83485287503757,0.5667388629435108
Multiple Linear Regression_VG,112.83485287503757,0.5667388629435108
Polynomial Regression_VG,118.35800309757909,0.5455311750298986
Ridge Regression_VG,106.38726228134969,0.5914961995351549
Lasso Regression_VG,109.44080842790238,0.5797712507112744
Elastic Net Regression_VG,110.65614785413698,0.5751046133354707
Robust Regression_VG,119.32200210339118,0.5418296298535865
Quantile Regression_VG,159.56779901797645,0.3872945789480934
Logistic Regression_VG,15338.23044117647,-57.895447568299595
Simple Linear Regression_V/G,218.31168468226133,0.16173091621871105
Multiple Linear Regression_V/G,218.31168468226133,0.16173091621871105
Polynomial Regression_V/G,177.40453063925864,0.31880543373542836
Ridge Regression_V/G,218.36366025950042,0.1615313413788455
Lasso Regression_V/G,218.58104725508815,0.16069662289878572
Elastic Net Regression_V/G,219.6592838797339,0.15655643027118216
Robust Regression_V/G,232.42915166817698,0.10752293311043126
Quantile Regression_V/G,266.0311529827103,-0.021501396925533323
Logistic Regression_V/G,15284.033382352942,-57.68734272540141
Simple Linear Regression_VB,83.90499476587573,0.6778231857381682
Multiple Linear Regression_VB,83.90499476587573,0.6778231857381682
Polynomial Regression_VB,87.18745526582917,0.6652192559034047
Ridge Regression_VB,85.8727940555181,0.6702672671899018
Lasso Regression_VB,89.29391522710328,0.6571309107269694
Elastic Net Regression_VB,94.86343844836412,0.635745160648681
Robust Regression_VB,86.23731230992593,0.6688675968809639
Quantile Regression_VB,148.7416024721411,0.4288648039798961
Logistic Regression_VB,15337.289264705883,-57.89183365666301
Simple Linear Regression_V/B,90.95625484597122,0.6507478904535934
Multiple Linear Regression_V/B,90.95625484597122,0.6507478904535934
Polynomial Regression_V/B,83.69173009532783,0.678642075392395
Ridge Regression_V/B,90.46967092235498,0.6526162662138104
Lasso Regression_V/B,90.33515446133384,0.6531327799803448
Elastic Net Regression_V/B,102.61082118614937,0.6059969067301683
Robust Regression_V/B,95.1357720782316,0.6346994591200428
Quantile Regression_V/B,208.23095636148474,0.2004387064389388
Logistic Regression_V/B,15340.709852941174,-57.904967966767224
Simple Linear Regression_R,118.43553399516043,0.5452334733536239
Multiple Linear Regression_R,118.43553399516043,0.5452334733536239
Polynomial Regression_R,105.07059656069563,0.5965519077026096
Ridge Regression_R,118.43212648527687,0.5452465574457201
Lasso Regression_R,118.75456842709832,0.5440084509671929
Elastic Net Regression_R,118.84346876135896,0.5436670931426817
Robust Regression_R,129.8381583815557,0.5014498915861272
Quantile Regression_R,172.34268144998845,0.33824182665367397
Logistic Regression_R,15334.8275,-57.882381019038554
Simple Linear Regression_RL,100.26518249006679,0.6150036458953616
Multiple Linear Regression_RL,100.26518249006679,0.6150036458953616
Polynomial Regression_RL,120.15093184302404,0.5386467210946146
Ridge Regression_RL,101.66115309151618,0.6096434243443909
Lasso Regression_RL,108.16515902238963,0.5846694652064888
Elastic Net Regression_RL,111.53346924608682,0.5717358912238626
Robust Regression_RL,99.38583754888721,0.618380137993085
Quantile Regression_RL,157.95521948615283,0.393486531379012
Logistic Regression_RL,15334.8275,-57.882381019038554
Simple Linear Regression_R/L,115.80535213637434,0.5553327959810488
Multiple Linear Regression_R/L,115.80535213637434,0.5553327959810488
Polynomial Regression_R/L,122.71643087316863,0.5287957663709996
Ridge Regression_R/L,116.35887689356684,0.5532073820723185
Lasso Regression_R/L,117.41881131087018,0.5491374659148105
Elastic Net Regression_R/L,124.30169283879837,0.5227087074148293
Robust Regression_R/L,118.10802804482,0.546491024516423
Quantile Regression_R/L,210.88249515374415,0.19025737786171293
Logistic Regression_R/L,15346.906911764707,-57.9287633161994
Simple Linear Regression_Ra,97.4764520749577,0.6257117602749878
Multiple Linear Regression_Ra,97.4764520749577,0.6257117602749878
Polynomial Regression_Ra,112.07804171040164,0.56964485216025
Ridge Regression_Ra,95.82904796241324,0.6320374314732569
Lasso Regression_Ra,95.32034166539972,0.6339907523050388
Elastic Net Regression_Ra,96.36655366881148,0.6299735272132285
Robust Regression_Ra,95.05701238650852,0.6350018790968557
Quantile Regression_Ra,172.34268144998845,0.33824182665367397
Logistic Regression_Ra,15337.695147058825,-57.89339215605629
Simple Linear Regression_R/a,123.70168750202605,0.5250125965751922
Multiple Linear Regression_R/a,123.70168750202605,0.5250125965751922
Polynomial Regression_R/a,149.39266204107116,0.4263648777431106
Ridge Regression_R/a,123.8088861061177,0.5246009773997673
Lasso Regression_R/a,124.09915354737252,0.523486413960864
Elastic Net Regression_R/a,125.39499159357165,0.5185106795044273
Robust Regression_R/a,128.67594430494182,0.5059125392477895
Quantile Regression_R/a,165.1569173628783,0.36583358788412434
Logistic Regression_R/a,15348.545147058823,-57.93505378114183
Simple Linear Regression_Rb,103.14280696816994,0.6039541977715155
Multiple Linear Regression_Rb,103.14280696816994,0.6039541977715155
Polynomial Regression_Rb,91.30361179583713,0.6494141157977249
Ridge Regression_Rb,99.0159827600728,0.619800299426051
Lasso Regression_Rb,98.92656419439824,0.620143647145758
Elastic Net Regression_Rb,102.64157204660397,0.6058788301569593
Robust Regression_Rb,104.33556046908541,0.5993742854051913
Quantile Regression_Rb,172.34268144998845,0.33824182665367397
Logistic Regression_Rb,15337.289264705883,-57.89183365666301
Simple Linear Regression_R/b,108.16639601119267,0.5846647154402448
Multiple Linear Regression_R/b,108.16639601119267,0.5846647154402448
Polynomial Regression_R/b,129.14596914436657,0.504107746746314
Ridge Regression_R/b,108.24467503154936,0.5843641411362666
Lasso Regression_R/b,108.602554413968,0.58298996264261
Elastic Net Regression_R/b,109.56715513568706,0.5792861070089226
Robust Regression_R/b,112.50764215034225,0.5679952805044535
Quantile Regression_R/b,159.7374542275339,0.38664314007856415
Logistic Regression_R/b,15337.09220588235,-57.89107699391409
Simple Linear Regression_RH,130.068875602242,0.5005639879594902
Multiple Linear Regression_RH,130.068875602242,0.5005639879594902
Polynomial Regression_RH,119.1946768084219,0.5423185311165283
Ridge Regression_RH,127.49049639018013,0.5104643997623746
Lasso Regression_RH,122.16473327961879,0.5309141643712828
Elastic Net Regression_RH,119.4754813570918,0.5412403031138553
Robust Regression_RH,144.62987757345894,0.4446529275913075
Quantile Regression_RH,172.34268144998845,0.33824182665367397
Logistic Regression_RH,15345.109852941177,-57.92186300366829
Simple Linear Regression_R/H,119.00852189614066,0.5430333252329609
Multiple Linear Regression_R/H,119.00852189614066,0.5430333252329609
Polynomial Regression_R/H,100.6267632856146,0.6136152547854772
Ridge Regression_R/H,119.07745128984821,0.5427686514488118
Lasso Regression_R/H,119.3393579635502,0.541762987149533
Elastic Net Regression_R/H,120.32154978587658,0.5379915855399611
Robust Regression_R/H,127.00086715172371,0.5123444688650007
Quantile Regression_R/H,172.00657342267564,0.3395324079091716
Logistic Regression_R/H,15338.512794117647,-57.89653174179057
Simple Linear Regression_RS,102.33005244550351,0.6070749972378668
Multiple Linear Regression_RS,102.33005244550351,0.6070749972378668
Polynomial Regression_RS,105.00441457700364,0.5968060320336688
Ridge Regression_RS,100.48483739021216,0.6141602191582133
Lasso Regression_RS,99.13017744997383,0.6193618168124642
Elastic Net Regression_RS,96.07529138501718,0.6310919106297261
Robust Regression_RS,103.28109832292247,0.6034231892393244
Quantile Regression_RS,172.5227447288149,0.33755042307633365
Logistic Regression_RS,15337.695147058825,-57.89339215605629
Simple Linear Regression_R/S,92.42108159037384,0.6451232763853364
Multiple Linear Regression_R/S,92.42108159037384,0.6451232763853364
Polynomial Regression_R/S,90.24593689553902,0.6534753559045097
Ridge Regression_R/S,92.52267467060452,0.6447331811945662
Lasso Regression_R/S,92.67231387972014,0.6441585993855088
Elastic Net Regression_R/S,94.60627109687016,0.636732626988053
Robust Regression_R/S,95.8107822285866,0.6321075678930355
Quantile Regression_R/S,165.80500192776452,0.36334508501167995
Logistic Regression_R/S,15344.268676470587,-57.91863307014308
Simple Linear Regression_RV,105.67925452255274,0.5942147943558607
Multiple Linear Regression_RV,105.67925452255274,0.5942147943558607
Polynomial Regression_RV,152.21552944779637,0.4155256847877924
Ridge Regression_RV,105.67774360505864,0.5942205959483191
Lasso Regression_RV,109.14388368277957,0.5809113767398393
Elastic Net Regression_RV,114.07365890437642,0.5619821189483004
Robust Regression_RV,102.18738572513146,0.60762280621633
Quantile Regression_RV,164.75437403228756,0.3673792661624431
Logistic Regression_RV,15334.8275,-57.882381019038554
Simple Linear Regression_R/V,100.89000986416698,0.6126044455448594
Multiple Linear Regression_R/V,100.89000986416698,0.6126044455448594
Polynomial Regression_R/V,108.56251232459367,0.5831437155011497
Ridge Regression_R/V,101.1259855328894,0.6116983506287649
Lasso Regression_R/V,101.53615284273685,0.6101233979388836
Elastic Net Regression_R/V,106.42866244574645,0.5913372319657928
Robust Regression_R/V,101.32509072853043,0.610933830258868
Quantile Regression_R/V,184.07032973971212,0.2932102242406187
Logistic Regression_R/V,15350.612794117646,-57.94299309326846
Simple Linear Regression_RG,96.1277244031163,0.6308905793170856
Multiple Linear Regression_RG,96.1277244031163,0.6308905793170856
Polynomial Regression_RG,128.10723435037696,0.5080962609906007
Ridge Regression_RG,102.31606161971212,0.6071287189465082
Lasso Regression_RG,105.23672130117566,0.5959140250615668
Elastic Net Regression_RG,110.46208746160383,0.5758497627656707
Robust Regression_RG,96.82252491733432,0.6282226974246803
Quantile Regression_RG,159.56779901797645,0.3872945789480934
Logistic Regression_RG,15334.8275,-57.882381019038554
Simple Linear Regression_R/G,118.866076653285,0.5435802837862395
Multiple Linear Regression_R/G,118.866076653285,0.5435802837862395
Polynomial Regression_R/G,130.25983987151045,0.49983072696492814
Ridge Regression_R/G,119.40057648968029,0.5415279214090793
Lasso Regression_R/G,119.85120077255458,0.539797622798245
Elastic Net Regression_R/G,132.34244746365547,0.49183396966499604
Robust Regression_R/G,119.59865615197552,0.5407673388627552
Quantile Regression_R/G,219.05648541558557,0.158871044429292
Logistic Regression_R/G,15337.289264705883,-57.89183365666301
Simple Linear Regression_RB,87.56548871022147,0.6637676902232139
Multiple Linear Regression_RB,87.56548871022147,0.6637676902232139
Polynomial Regression_RB,84.07770142868613,0.6771600299560684
Ridge Regression_RB,92.95166657879267,0.6430859461675
Lasso Regression_RB,97.34474771388393,0.6262174761932539
Elastic Net Regression_RB,100.4185105597381,0.6144148996692109
Robust Regression_RB,94.76537479694193,0.6361217036053697
Quantile Regression_RB,157.633523641916,0.39472177300612477
Logistic Regression_RB,15337.289264705883,-57.89183365666301
Simple Linear Regression_R/B,104.07346611241158,0.6003806703660008
Multiple Linear Regression_R/B,104.07346611241158,0.6003806703660008
Polynomial Regression_R/B,84.66429912443348,0.6749076232024949
Ridge Regression_R/B,104.50770795617952,0.5987132767354462
Lasso Regression_R/B,104.40964396520575,0.5990898209959385
Elastic Net Regression_R/B,134.2473264774798,0.4845196512034956
Robust Regression_R/B,113.3059790512175,0.5649298415499626
Quantile Regression_R/B,211.78566030682626,0.18678942136419774
Logistic Regression_R/B,15330.762794117647,-57.866773438158035
Simple Linear Regression_G,109.087819363726,0.5811266514533036
Multiple Linear Regression_G,109.087819363726,0.5811266514533036
Polynomial Regression_G,102.91636930712843,0.6048236688258527
Ridge Regression_G,109.09137629625309,0.5811129936109627
Lasso Regression_G,109.44087006069859,0.5797710140548276
Elastic Net Regression_G,109.59966631525732,0.5791612711956189
Robust Regression_G,117.59523028185157,0.5484600556819068
Quantile Regression_G,159.56779901797643,0.3872945789480935
Logistic Regression_G,15338.23044117647,-57.895447568299595
Simple Linear Regression_GL,95.82345170241214,0.6320589198867174
Multiple Linear Regression_GL,95.82345170241214,0.6320589198867174
Polynomial Regression_GL,108.43833631982709,0.5836205241790489
Ridge Regression_GL,106.74648371184544,0.5901168678706379
Lasso Regression_GL,108.82787425536809,0.5821247837710206
Elastic Net Regression_GL,109.53571745247301,0.5794068208311918
Robust Regression_GL,98.12408392662392,0.6232249957222156
Quantile Regression_GL,156.84003214383984,0.39776860667445846
Logistic Regression_GL,15338.23044117647,-57.895447568299595
Simple Linear Regression_G/L,196.12815310009782,0.246910821826963
Multiple Linear Regression_G/L,196.12815310009782,0.246910821826963
Polynomial Regression_G/L,180.81589996628728,0.30570652222104955
Ridge Regression_G/L,196.12793893309401,0.24691164418137945
Lasso Regression_G/L,196.60242712746273,0.24508971337388552
Elastic Net Regression_G/L,196.55302114806852,0.245279421520476
Robust Regression_G/L,214.69232437792036,0.17562846755963024
Quantile Regression_G/L,251.15769824313497,0.03560941368157
Logistic Regression_G/L,15289.959852941176,-57.710099075238055
Simple Linear Regression_Ga,94.52989242743446,0.6370259043604551
Multiple Linear Regression_Ga,94.52989242743446,0.6370259043604551
Polynomial Regression_Ga,111.47661066437936,0.5719542157320646
Ridge Regression_Ga,93.02697174371934,0.6427967908174372
Lasso Regression_Ga,92.3671532296937,0.6453303494861783
Elastic Net Regression_Ga,92.59490922524274,0.6444558163158972
Robust Regression_Ga,92.67944173629874,0.6441312299764359
Quantile Regression_Ga,158.44054899056306,0.39162297231397103
Logistic Regression_Ga,15341.08044117647,-57.90639094447414
Simple Linear Regression_G/a,130.0697994630127,0.500560440536351
Multiple Linear Regression_G/a,130.0697994630127,0.500560440536351
Polynomial Regression_G/a,154.93119462095717,0.4050981249442801
Ridge Regression_G/a,130.2121161864234,0.50001397546961
Lasso Regression_G/a,130.56068815785417,0.4986755353968837
Elastic Net Regression_G/a,132.26935463136354,0.4921146301419902
Robust Regression_G/a,132.63324452513592,0.49071737260035286
Quantile Regression_G/a,176.36826439442535,0.3227844692912859
Logistic Regression_G/a,15363.598088235294,-57.99285378037953
Simple Linear Regression_Gb,96.17538803987452,0.6307075613848427
Multiple Linear Regression_Gb,96.17538803987452,0.6307075613848427
Polynomial Regression_Gb,86.8157841061996,0.6666463918027226
Ridge Regression_Gb,90.7574122725063,0.6515114024118183
Lasso Regression_Gb,89.79220579539759,0.6552175840136106
Elastic Net Regression_Gb,89.93755319228968,0.6546594818240734
Robust Regression_Gb,100.24590919903746,0.6150776511142584
Quantile Regression_Gb,159.56779901797643,0.3872945789480935
Logistic Regression_Gb,15337.289264705883,-57.89183365666301
Simple Linear Regression_G/b,106.20104387085713,0.5922112374708199
Multiple Linear Regression_G/b,106.20104387085713,0.5922112374708199
Polynomial Regression_G/b,128.98746814922353,0.5047163558739947
Ridge Regression_G/b,106.28430409063235,0.59189153645139
Lasso Regression_G/b,106.70977335741865,0.5902578275962496
Elastic Net Regression_G/b,107.73098661140118,0.586336592230368
Robust Regression_G/b,108.05720044052092,0.5850840025302291
Quantile Regression_G/b,154.97074562395838,0.4049462577499213
Logistic Regression_G/b,15337.09220588235,-57.89107699391409
Simple Linear Regression_GH,120.60173233992948,0.5369157458604714
Multiple Linear Regression_GH,120.60173233992948,0.5369157458604714
Polynomial Regression_GH,110.45547844060015,0.5758751399597017
Ridge Regression_GH,118.65189087621475,0.5444027102878946
Lasso Regression_GH,113.23367769091898,0.5652074629477445
Elastic Net Regression_GH,111.3698649157826,0.5723640960415131
Robust Regression_GH,133.08321877737458,0.48898956996487664
Quantile Regression_GH,159.56779901797643,0.3872945789480935
Logistic Regression_GH,15348.512794117647,-57.934929552929326
Simple Linear Regression_G/H,109.83661359865205,0.5782514454918557
Multiple Linear Regression_G/H,109.83661359865205,0.5782514454918557
Polynomial Regression_G/H,100.94994962072263,0.6123742899996667
Ridge Regression_G/H,109.9078229965152,0.5779780169908102
Lasso Regression_G/H,110.17503306997628,0.5769519887972971
Elastic Net Regression_G/H,111.20921007675608,0.5729809754582598
Robust Regression_G/H,114.67869679263563,0.5596589058917836
Quantile Regression_G/H,162.6179688123879,0.37558259457739895
Logistic Regression_G/H,15341.915735294118,-57.909598291051616
Simple Linear Regression_GS,97.50154408536612,0.6256154124473123
Multiple Linear Regression_GS,97.50154408536612,0.6256154124473123
Polynomial Regression_GS,103.30285023150672,0.6033396666715518
Ridge Regression_GS,95.50605500409036,0.6332776537345397
Lasso Regression_GS,93.64197071617316,0.6404353293779563
Elastic Net Regression_GS,89.37039364467553,0.6568372503435564
Robust Regression_GS,99.18250637122958,0.6191608852089169
Quantile Regression_GS,156.95783818108816,0.39731625727753184
Logistic Regression_GS,15341.08044117647,-57.90639094447414
Simple Linear Regression_G/S,86.817065354094,0.6666414720912555
Multiple Linear Regression_G/S,86.817065354094,0.6666414720912555
Polynomial Regression_G/S,87.83276635287847,0.6627414025787783
Ridge Regression_G/S,86.92523489905385,0.6662261247154221
Lasso Regression_G/S,87.07431206466137,0.6656537010304122
Elastic Net Regression_G/S,89.25667764365681,0.6572738948966136
Robust Regression_G/S,87.63691571152792,0.6634934261725766
Quantile Regression_G/S,156.660064691516,0.3984596422990039
Logistic Regression_G/S,15344.268676470587,-57.91863307014308
Simple Linear Regression_GV,112.83485287503788,0.5667388629435095
Multiple Linear Regression_GV,112.83485287503788,0.5667388629435095
Polynomial Regression_GV,118.35800309758534,0.5455311750298746
Ridge Regression_GV,106.38726228134975,0.5914961995351546
Lasso Regression_GV,109.4446498748366,0.5797565003958864
Elastic Net Regression_GV,110.65653344918131,0.5751031327349018
Robust Regression_GV,119.32200210339323,0.5418296298535787
Quantile Regression_GV,159.56779901797643,0.3872945789480935
Logistic Regression_GV,15338.23044117647,-57.895447568299595
Simple Linear Regression_G/V,224.32209254974205,0.1386522656024698
Multiple Linear Regression_G/V,224.32209254974205,0.1386522656024698
Polynomial Regression_G/V,179.35252045798154,0.31132557921947435
Ridge Regression_G/V,224.28453998608194,0.13879645922718953
Lasso Regression_G/V,224.26931237036828,0.1388549299384162
Elastic Net Regression_G/V,224.57488343388667,0.13768160393977147
Robust Regression_G/V,238.56534579527028,0.0839612907901448
Quantile Regression_G/V,268.1828746621406,-0.029763537192526
Logistic Regression_G/V,15284.033382352942,-57.68734272540141
Simple Linear Regression_GR,96.1277244031163,0.6308905793170856
Multiple Linear Regression_GR,96.1277244031163,0.6308905793170856
Polynomial Regression_GR,128.10723435037747,0.5080962609905987
Ridge Regression_GR,102.31606161971222,0.6071287189465078
Lasso Regression_GR,105.2533895575671,0.5958500226054737
Elastic Net Regression_GR,110.47174966770001,0.5758126620091841
Robust Regression_GR,96.82252491733071,0.6282226974246942
Quantile Regression_GR,159.56779901797643,0.3872945789480935
Logistic Regression_GR,15334.8275,-57.882381019038554
Simple Linear Regression_G/R,124.67302331218373,0.5212828796761177
Multiple Linear Regression_G/R,124.67302331218373,0.5212828796761177
Polynomial Regression_G/R,132.9658464820334,0.48944025388781975
Ridge Regression_G/R,125.1355699415591,0.5195068018643554
Lasso Regression_G/R,125.63029905452517,0.517607150359904
Elastic Net Regression_G/R,136.45991668274198,0.47602378912058396
Robust Regression_G/R,125.75727403759747,0.5171195942179683
Quantile Regression_G/R,218.84340495197554,0.1596892267691976
Logistic Regression_G/R,15337.289264705883,-57.89183365666301
Simple Linear Regression_GB,85.85808246457998,0.670323756478941
Multiple Linear Regression_GB,85.85808246457998,0.670323756478941
Polynomial Regression_GB,88.46734438479524,0.6603047618365441
Ridge Regression_GB,87.79280057190712,0.6628948624297535
Lasso Regression_GB,90.34638705933925,0.6530896492626639
Elastic Net Regression_GB,93.58905229677724,0.6406385245253288
Robust Regression_GB,88.92882209040646,0.6585327884580635
Quantile Regression_GB,151.43646502829378,0.4185171216322908
Logistic Regression_GB,15337.289264705883,-57.89183365666301
Simple Linear Regression_G/B,95.25302652583599,0.6342492277066135
Multiple Linear Regression_G/B,95.25302652583599,0.6342492277066135
Polynomial Regression_G/B,84.6284583917197,0.6750452437710766
Ridge Regression_G/B,94.8359616685698,0.6358506654688054
Lasso Regression_G/B,94.68781564509264,0.6364195137718488
Elastic Net Regression_G/B,104.48486087917996,0.5988010045102163
Robust Regression_G/B,100.48875068494405,0.6141451929630087
Quantile Regression_G/B,204.88987851327164,0.21326771406049527
Logistic Regression_G/B,15333.727499999999,-57.878157259813285
Simple Linear Regression_B,129.69107269719132,0.502014668419071
Multiple Linear Regression_B,129.69107269719132,0.502014668419071
Polynomial Regression_B,132.1750231991848,0.492476842193715
Ridge Regression_B,129.63154673109076,0.5022432350994892
Lasso Regression_B,129.48327686693415,0.5028125589236345
Elastic Net Regression_B,129.09600048354625,0.5042996154664176
Robust Regression_B,138.00571589613182,0.470088258495166
Quantile Regression_B,169.96798441816674,0.3473601434676391
Logistic Regression_B,15332.21573529412,-57.872352414247025
Simple Linear Regression_BL,84.9409799974016,0.6738452292119013
Multiple Linear Regression_BL,84.9409799974016,0.6738452292119013
Polynomial Regression_BL,79.91897612059414,0.693128624851876
Ridge Regression_BL,89.45602499838785,0.6565084446888163
Lasso Regression_BL,94.05077337444357,0.6388656166514275
Elastic Net Regression_BL,95.1181557628967,0.6347671019149618
Robust Regression_BL,89.64287983411383,0.6557909630195594
Quantile Regression_BL,150.51687402826317,0.42204814978669825
Logistic Regression_BL,15337.289264705883,-57.89183365666301
Simple Linear Regression_B/L,140.59050866178495,0.46016322005032917
Multiple Linear Regression_B/L,140.59050866178495,0.46016322005032917
Polynomial Regression_B/L,88.51084239904962,0.660137738982919
Ridge Regression_B/L,140.60630635449624,0.4601025603682135
Lasso Regression_B/L,140.64383315595703,0.4599584656647002
Elastic Net Regression_B/L,145.62060114778305,0.44084876592154665
Robust Regression_B/L,153.11150002855243,0.4120853538732172
Quantile Regression_B/L,223.5520512354209,0.1416090556981041
Logistic Regression_B/L,15330.5775,-57.86606194930458
Simple Linear Regression_Ba,112.20358303753189,0.5691628009433244
Multiple Linear Regression_Ba,112.20358303753189,0.5691628009433244
Polynomial Regression_Ba,135.53193889888277,0.4795870206891425
Ridge Regression_Ba,113.84323691677744,0.5628668889445045
Lasso Regression_Ba,116.52631090472553,0.5525644721184508
Elastic Net Regression_Ba,122.77607022839872,0.5285667643011434
Robust Regression_Ba,120.77458655181029,0.5362520235222377
Quantile Regression_Ba,169.96798441816674,0.3473601434676391
Logistic Regression_Ba,15341.548088235297,-57.908186606818575
Simple Linear Regression_B/a,178.64228494003228,0.31405272814769947
Multiple Linear Regression_B/a,178.64228494003228,0.31405272814769947
Polynomial Regression_B/a,157.65925242157334,0.3946229801239135
Ridge Regression_B/a,178.73829439684053,0.3136840728486937
Lasso Regression_B/a,178.83974131238477,0.31329453889832604
Elastic Net Regression_B/a,180.1232440360808,0.3083661693802703
Robust Regression_B/a,189.25696761738803,0.2732946700734076
Quantile Regression_B/a,244.86170274049496,0.05978465830565227
Logistic Regression_B/a,15363.401029411767,-57.99209711763062
Simple Linear Regression_Bb,100.89946971841138,0.6125681217751917
Multiple Linear Regression_Bb,100.89946971841138,0.6125681217751917
Polynomial Regression_Bb,89.29082951949465,0.657142759168768
Ridge Regression_Bb,95.89574840128648,0.6317813163877841
Lasso Regression_Bb,95.58615121216653,0.6329701018274758
Elastic Net Regression_Bb,97.37535113923862,0.6260999657385571
Robust Regression_Bb,103.86832845938959,0.6011683540518193
Quantile Regression_Bb,161.6109498960083,0.3794493267938287
Logistic Regression_Bb,15337.289264705883,-57.89183365666301
Simple Linear Regression_B/b,92.40430820930469,0.6451876824971816
Multiple Linear Regression_B/b,92.40430820930469,0.6451876824971816
Polynomial Regression_B/b,97.78710980692918,0.6245189025828842
Ridge Regression_B/b,92.55224628858372,0.644619632654343
Lasso Regression_B/b,92.93391930834312,0.6431540918013949
Elastic Net Regression_B/b,94.90389589517768,0.6355898129084907
Robust Regression_B/b,91.26093144867684,0.6495779989886845
Quantile Regression_B/b,159.84430762898901,0.38623284640570343
Logistic Regression_B/b,15348.224558823527,-57.933822792490616
Simple Linear Regression_BH,118.91351702684406,0.5433981231358123
Multiple Linear Regression_BH,118.91351702684406,0.5433981231358123
Polynomial Regression_BH,117.2793229583994,0.5496730706562334
Ridge Regression_BH,117.0162078081222,0.5506833752410423
Lasso Regression_BH,114.48310719880864,0.560409927120231
Elastic Net Regression_BH,111.02897825922243,0.573673026187345
Robust Regression_BH,123.62488717972437,0.5253074930023057
Quantile Regression_BH,169.96798441816674,0.3473601434676391
Logistic Regression_BH,15333.824558823531,-57.878529944450825
Simple Linear Regression_B/H,133.32648890525954,0.4880554659222539
Multiple Linear Regression_B/H,133.32648890525954,0.4880554659222539
Polynomial Regression_B/H,135.44692902594056,0.479913439993759
Ridge Regression_B/H,133.22301067083535,0.4884527996924931
Lasso Regression_B/H,133.0867785030886,0.4889759013973093
Elastic Net Regression_B/H,132.7762580369642,0.4901682320186056
Robust Regression_B/H,140.63185089582507,0.4600044749208564
Quantile Regression_B/H,194.42431538328987,0.25345318571307096
Logistic Regression_B/H,15335.180441176473,-57.88373623590228
Simple Linear Regression_BS,102.2040177970436,0.6075589427007171
Multiple Linear Regression_BS,102.2040177970436,0.6075589427007171
Polynomial Regression_BS,115.44088300532981,0.5567322776670242
Ridge Regression_BS,100.17810186591336,0.6153380164313705
Lasso Regression_BS,99.38253053191366,0.6183928362144033
Elastic Net Regression_BS,94.66154047587015,0.6365204046703932
Robust Regression_BS,104.60905846858581,0.5983241129520269
Quantile Regression_BS,158.65061021117867,0.3908163832062935
Logistic Regression_BS,15347.898088235293,-57.93256921689168
Simple Linear Regression_B/S,98.33933219712446,0.6223984894783532
Multiple Linear Regression_B/S,98.33933219712446,0.6223984894783532
Polynomial Regression_B/S,98.52312780318914,0.6216927545813729
Ridge Regression_B/S,98.38351872205287,0.6222288228944453
Lasso Regression_B/S,98.44379814000976,0.6219973631238191
Elastic Net Regression_B/S,100.2211864957987,0.6151725808832385
Robust Regression_B/S,97.61420398578646,0.6251828230893872
Quantile Regression_B/S,171.5148053890458,0.34142068951711124
Logistic Regression_B/S,15351.792205882353,-57.94752177628806
Simple Linear Regression_BV,83.90499476587581,0.6778231857381678
Multiple Linear Regression_BV,83.90499476587581,0.6778231857381678
Polynomial Regression_BV,87.18745526582904,0.6652192559034051
Ridge Regression_BV,85.87279405551824,0.6702672671899013
Lasso Regression_BV,89.29401159884827,0.6571305406805631
Elastic Net Regression_BV,94.86375202914509,0.6357439565671206
Robust Regression_BV,86.23731230992588,0.6688675968809639
Quantile Regression_BV,148.7416024721397,0.42886480397990157
Logistic Regression_BV,15337.289264705883,-57.89183365666301
Simple Linear Regression_B/V,138.62360490391896,0.46771569995259366
Multiple Linear Regression_B/V,138.62360490391896,0.46771569995259366
Polynomial Regression_B/V,86.44517306950036,0.668069457062034
Ridge Regression_B/V,138.32525452460794,0.46886130010438976
Lasso Regression_B/V,138.1640010588395,0.4694804781167944
Elastic Net Regression_B/V,144.79288058940733,0.44402703168916413
Robust Regression_B/V,150.18347760919372,0.42332831906007484
Quantile Regression_B/V,221.50244062501775,0.14947911181072893
Logistic Regression_B/V,15330.256911764707,-57.86483096065337
Simple Linear Regression_BR,87.56548871022142,0.663767690223214
Multiple Linear Regression_BR,87.56548871022142,0.663767690223214
Polynomial Regression_BR,84.0777014286863,0.6771600299560677
Ridge Regression_BR,92.95166657879278,0.6430859461674996
Lasso Regression_BR,97.3457336233605,0.6262136905166658
Elastic Net Regression_BR,100.41919267245703,0.6144122805056751
Robust Regression_BR,94.76537479694184,0.63612170360537
Quantile Regression_BR,157.6335236419159,0.3947217730061252
Logistic Regression_BR,15337.289264705883,-57.89183365666301
Simple Linear Regression_B/R,177.2894732380348,0.31924722897165925
Multiple Linear Regression_B/R,177.2894732380348,0.31924722897165925
Polynomial Regression_B/R,104.52501403820021,0.598646825168548
Ridge Regression_B/R,177.37134904665095,0.31893284378805153
Lasso Regression_B/R,177.6768105321396,0.3177599385450559
Elastic Net Regression_B/R,183.23159487703646,0.29643078252586974
Robust Regression_B/R,192.59430218118186,0.26048003584466806
Quantile Regression_B/R,232.01686419529787,0.10910602676227998
Logistic Regression_B/R,15306.84220588235,-57.77492361521936
Simple Linear Regression_BG,85.8580824645799,0.6703237564789415
Multiple Linear Regression_BG,85.8580824645799,0.6703237564789415
Polynomial Regression_BG,88.46734438479503,0.6603047618365449
Ridge Regression_BG,87.79280057190722,0.662894862429753
Lasso Regression_BG,90.35021330127617,0.6530749573311374
Elastic Net Regression_BG,93.58991958631763,0.6406351943233314
Robust Regression_BG,88.92882209040641,0.6585327884580636
Quantile Regression_BG,151.43646502829498,0.41851712163228627
Logistic Regression_BG,15337.289264705883,-57.89183365666301
Simple Linear Regression_B/G,132.7818062708692,0.49014692801484183
Multiple Linear Regression_B/G,132.7818062708692,0.49014692801484183
Polynomial Regression_B/G,85.82900511055475,0.6704354071537686
Ridge Regression_B/G,132.70748002285728,0.49043232453822316
Lasso Regression_B/G,132.68021361192874,0.4905370215879499
Elastic Net Regression_B/G,139.50031917419597,0.4643493090553189
Robust Regression_B/G,144.94749496241275,0.4434333463397643
Quantile Regression_B/G,217.3892761599341,0.165272763042021
Logistic Regression_B/G,15330.256911764707,-57.86483096065337
