Feature Set,MSE,R2 Score
H,255.2455775,0.019912852
Day,241.1275531,0.074122976
a,163.8459891,0.370867265
a Day,162.196316,0.377201649
H Day,160.8602631,0.3823318
Temp,149.8431177,0.424635227
a H,137.450906,0.472218607
H Temp,131.5350871,0.494934057
S,127.0298366,0.512233233
B,125.843185,0.516789715
Day Temp,125.0674174,0.519768493
a H Day,124.3066656,0.522689613
B Day,123.9345782,0.524118347
H S,112.5138829,0.567971317
a S,112.2346186,0.569043631
a B Day,104.5368055,0.598601548
H Day Temp,104.2143152,0.599839841
H B,104.1808076,0.599968502
a H S,103.6671287,0.601940917
a B,101.7608448,0.60926063
S Day,97.74238915,0.62469062
a H S Day,95.62286973,0.632829111
a S Day,95.47891625,0.633381861
H S Day,94.79251541,0.63601749
b H,94.28149776,0.637979685
H B Day,94.26012266,0.638061761
a b,92.8220635,0.643583594
a b H,92.77315153,0.643771405
L H G,92.48807061,0.644866053
H V,92.3614369,0.645352299
G,91.7135798,0.647839928
H V G,91.50131238,0.648654989
L H R G,91.4174937,0.648976834
H G,91.35382991,0.649221289
H R,91.22322815,0.649722771
V G,91.11470771,0.650139466
H R G,90.99926152,0.650582754
V R,90.95336241,0.650758997
R G,90.79736897,0.651357977
L H V,90.73455537,0.651599168
L G,90.70492453,0.651712944
L H R,90.54783894,0.652316118
a H B,90.35309361,0.653063898
b,90.320657,0.653188447
L V G,90.20972501,0.653614402
L R G,90.1283896,0.653926712
R B,89.95338943,0.654598674
L V,89.94815596,0.65461877
L H V R,89.87599622,0.654895847
a H R,89.70866683,0.655538355
H V R G,89.70691943,0.655545065
V,89.68906937,0.655613605
L R,89.68708437,0.655621227
V R G,89.42001013,0.656646734
R,89.38118633,0.656795809
L,89.31853575,0.657036373
H R B,89.20259985,0.657481542
a S B,89.19332852,0.657517142
a H R G,89.15470661,0.657665441
L a b H R G,89.03911036,0.658109306
a b S,88.77774115,0.659112906
L a H V R G,88.6874424,0.659459634
a R G,88.59672396,0.659807973
H V R,88.4950007,0.660198568
L H V R G,88.39983981,0.660563965
L V R G,88.28296433,0.661012741
V Day,88.19775773,0.661339916
a V R,88.11175562,0.661670145
L a V R G,88.03137701,0.661978781
L V R,87.97758202,0.662185342
a H V R,87.96248588,0.662243308
a R,87.96094352,0.66224923
V B,87.9345925,0.662350412
a V R G,87.65347457,0.663429844
L a G B,87.60729786,0.663607152
a H V,87.58680672,0.663685834
L a V R,87.44674154,0.664223653
a H B Day,87.42226987,0.664317619
a b H V B,87.35549371,0.664574025
L a R,87.35377955,0.664580607
L a G,87.31945684,0.664712399
a b Day,87.2262837,0.665070163
L a b H V R,87.19387296,0.665194613
L H,87.17118364,0.665281735
L a b V R G,87.13494382,0.665420888
L a V G,86.93103396,0.666203858
R G B,86.8765752,0.666412967
S B,86.87468202,0.666420237
a H G,86.86118564,0.66647206
a H R G B,86.85498295,0.666495877
a b R,86.85079413,0.666511961
L a R G,86.81620843,0.666644763
a H V R B,86.7851264,0.666764111
L H V G,86.71577416,0.667030408
L a H V R,86.63604162,0.667336564
L R G B,86.54318476,0.667693114
a V,86.5267969,0.667756039
L G B,86.52617892,0.667758412
a b H R G B,86.51939899,0.667784446
a V G,86.50506084,0.667839501
L R B,86.50208231,0.667850938
H V B,86.47982873,0.667936387
a H V R G,86.46954302,0.667975882
L V R B,86.45574143,0.668028877
L a V,86.42117552,0.668161602
V R B,86.39234826,0.668272293
L V R G B,86.38773675,0.66829
H V R B,86.24364847,0.668843267
a b R G B,86.18126279,0.669082815
L a H B,86.17869549,0.669092673
L a H V R G B,86.00858295,0.669745868
a S V G B,85.9947351,0.66979904
L a V R G B,85.98997708,0.66981731
L H B,85.97422709,0.669877787
a G B,85.86854709,0.670283575
L a b S R G B,85.85753469,0.67032586
H R G B,85.83632141,0.670407314
L a b H S V G,85.78191739,0.670616214
L a,85.73013523,0.670815046
L a R B,85.71662857,0.670866908
a R G B,85.71094493,0.670888732
L a H R,85.7037036,0.670916538
G B,85.69911965,0.670934139
a H V B,85.69530669,0.67094878
L H R B,85.66108406,0.671080187
L a b H V R G B,85.65281777,0.671111928
G Day,85.6377107,0.671169936
L a H G,85.61564696,0.671254656
H G Day,85.5778445,0.671399809
b H V R B,85.57379643,0.671415353
a b H V,85.55858672,0.671473755
a b G,85.55078901,0.671503696
a H V G B,85.55003176,0.671506604
L a V R B,85.54330254,0.671532442
L a H R G B,85.54309451,0.671533241
L a H V,85.54003239,0.671544999
L H R G B,85.53461838,0.671565788
L a V G B,85.52003522,0.671621784
a b H R G,85.50701763,0.671671769
L H G B,85.49503057,0.671717796
L a H,85.47175482,0.67180717
L a H V G,85.43798229,0.671936849
L H V B,85.33107156,0.672347363
V R G Day,85.32986691,0.672351989
V G B,85.31586227,0.672405763
a S R B,85.30805589,0.672435738
L b H R G B,85.29210518,0.672496985
L a H G B,85.27394994,0.672566698
a b V R,85.27196403,0.672574323
a b H V G B,85.25116472,0.672654188
H V R G B,85.24249708,0.67268747
L H V R B,85.24176628,0.672690276
S R,85.23550371,0.672714323
a H V G,85.22957562,0.672737085
L B,85.21919412,0.672776948
L a H R G,85.19970208,0.672851793
L a b V R G B,85.17564215,0.672944178
L a V B,85.14754041,0.673052082
a R B,85.05736263,0.673398345
L a R G B,85.05701844,0.673399667
L a H S V,85.0412538,0.6734602
V R G B,85.02782423,0.673511766
a G,84.99327284,0.673644436
L V G B,84.92299056,0.673914305
a S V R G B,84.89432463,0.674024376
L a b S G B,84.86331638,0.674143441
b Day,84.85595713,0.674171698
L a b V,84.85304962,0.674182863
a S G B,84.84713006,0.674205592
H S V B,84.8370884,0.67424415
H S B,84.83617833,0.674247645
H G B,84.80356335,0.674372879
L a H V R B,84.75620838,0.674554712
a H V R G B,84.75247868,0.674569033
H S R B,84.71555562,0.674710809
a V R B,84.66951621,0.674887591
a b R G,84.6043432,0.675137841
L V B,84.57626635,0.67524565
L a B,84.5654766,0.67528708
L a S R G B,84.55840494,0.675314234
L a b R,84.53370936,0.675409059
a b H R B,84.52155829,0.675455717
a V G B,84.45008769,0.675730148
L b H V B,84.33979147,0.676153662
a H G B,84.31661489,0.676242655
a b H V R B,84.28200897,0.676375534
L a H V G B,84.27546339,0.676400667
L b V R G B,84.24552511,0.676515624
a b V R G B,84.23312026,0.676563256
a H S B,84.22271676,0.676603203
L a S V R B,84.15764094,0.67685308
b H Day,84.12752155,0.676968732
L a S B,84.10475714,0.677056142
L a H S V R,84.09023541,0.677111902
R G Day,84.04646783,0.67727996
L a H R B,84.03415336,0.677327245
L a b V R,84.03334444,0.677330351
L a b H S R G B,83.9670318,0.677584977
L V Day,83.95072352,0.677647597
S R B,83.95002566,0.677650277
a V R G B,83.94727328,0.677660845
L Day,83.93191441,0.67771982
L a H V B,83.86216937,0.677987626
a b V R G,83.85219052,0.678025942
a b H Day,83.8476285,0.67804346
L a b H V G,83.83753644,0.678082211
a H S G B,83.81484983,0.678169323
b H R G B,83.81061945,0.678185566
L a b H,83.80320525,0.678214035
a b H S V G,83.79559801,0.678243245
b S,83.78676228,0.678277173
a V B,83.77607656,0.678318203
L a S V B,83.71672913,0.678546085
L a S,83.67603492,0.678702341
a S V R,83.66985146,0.678726085
L a b H V,83.63619009,0.678855337
a b V,83.59814117,0.679001436
b H V R G B,83.53390857,0.679248076
L V R Day,83.47308896,0.679481609
L a S R G,83.39805079,0.67976974
a b S V B,83.37463423,0.679859654
L a b V G,83.34544266,0.679971743
L G Day,83.3416476,0.679986316
a b H V R,83.31438757,0.680090988
S V B,83.27695626,0.680234716
L a b H V R G,83.26987924,0.68026189
L H Day,83.2585563,0.680305368
L a H S R G B,83.18672697,0.680581177
L a b R G,83.18295682,0.680595653
R Day,83.18112942,0.68060267
L H V G B,83.17580469,0.680623116
a b B,83.14765481,0.680731205
a b H V R G,83.11364791,0.680861784
L a S G B,83.11330854,0.680863088
a b H B,83.07295337,0.681018043
L a S R,83.02974106,0.681183968
L a b H V G B,83.00312696,0.681286161
L a H S R B,82.99284154,0.681325654
a b V G B,82.98995407,0.681336742
L b R G,82.97948916,0.681376925
L a H S V R B,82.95875983,0.681456521
H S V G B,82.9562475,0.681466168
a b S R B,82.95590388,0.681467487
b H V G B,82.93587544,0.681544392
a S V R B,82.93305433,0.681555224
H V G Day,82.90760886,0.681652929
a S R G,82.89874158,0.681686978
a b S V R G B,82.87188031,0.681790119
L a b R B,82.86076249,0.681832809
a b R B,82.84745838,0.681883894
a b H V R G B,82.79998395,0.682066185
a S G,82.78927013,0.682107324
a b H S R B,82.76819874,0.682188234
L a S V G B,82.76562061,0.682198133
a S V,82.75559231,0.68223664
S V G B,82.75197831,0.682250517
L a b S R B,82.73873497,0.682301368
b H R G,82.71809701,0.682380613
a b S V G B,82.7138646,0.682396865
L a b H R,82.67100445,0.682561438
a b H S,82.66383875,0.682588953
L a b G,82.64027742,0.682679424
L a b H V B,82.62446498,0.68274014
L a b H V R B,82.58556897,0.682889492
a H S R B,82.58526583,0.682890656
H V G B,82.56693372,0.682961047
L b H S B,82.54895428,0.683030084
b S R B,82.54370409,0.683050244
L b V R G,82.51833387,0.68314766
L b H V R,82.47182238,0.683326254
L H V R G B,82.44192199,0.683441065
L a b H R B,82.43197631,0.683479254
a b S V R B,82.4119013,0.683556338
L a H S V G,82.3929501,0.683629106
L a b H G,82.3842301,0.683662589
a b S B,82.37508874,0.68369769
L a b,82.32805477,0.68387829
L a b S V R,82.30327168,0.683973452
a S R G B,82.29637539,0.683999932
L H V R Day,82.26605685,0.684116349
H S V R G B,82.25396303,0.684162786
V G Day,82.25029946,0.684176854
a H R B,82.23789985,0.684224465
b V R G B,82.22966742,0.684256076
b H S R G B,82.15601422,0.684538888
a H S V,82.15274908,0.684551426
L a b V B,82.15212773,0.684553811
L V R G Day,82.13578954,0.684616547
L b H V R G B,82.12389837,0.684662206
b H S R B,82.0928434,0.68478145
L a H S R,82.06664623,0.684882042
L H V G Day,82.03392987,0.685007665
a H S V G B,82.02437502,0.685044354
a b H V G,81.98410006,0.685199001
a b H R,81.9675231,0.685262653
L a b V G B,81.94511829,0.685348682
L b H G B,81.93397153,0.685391484
L a H S V R G B,81.88840176,0.685566461
b S B,81.88832203,0.685566768
a S V G,81.88033346,0.685597442
L a b S V B,81.87324898,0.685624645
L b H S V R B,81.86866055,0.685642263
b H V B,81.84593904,0.685729509
L S R B,81.84502735,0.68573301
b H B,81.79862364,0.68591119
L a S V R,81.76657328,0.686034256
L a H S V G B,81.71839008,0.686219269
a b V R B,81.68900662,0.686332095
b H S B,81.68572487,0.686344696
L a b S V G,81.66041922,0.686441865
L V G Day,81.65969307,0.686444653
a H S R G,81.65577712,0.686459689
a H S V R G B,81.62725598,0.686569204
L b H V G B,81.59125409,0.686707443
a b V G,81.58372174,0.686736366
b S V R B,81.55575891,0.686843737
L a b S V G B,81.55563335,0.686844219
L S V R G B,81.50450451,0.687040543
L b R B,81.49557859,0.687074816
L b V R B,81.49048778,0.687094364
a H S B Day,81.46779154,0.687181513
a b H S G B,81.45320752,0.687237512
a b H S V G B,81.44517324,0.687268362
L a H S,81.42240428,0.68735579
a b H S B,81.41527578,0.687383162
L a b H G B,81.36000773,0.687595379
L a b R G B,81.35887722,0.68759972
a H S R,81.33858061,0.687677654
L H R Day,81.32506686,0.687729544
L a S V R G,81.30948406,0.687789379
L H R G Day,81.28032325,0.68790135
H V Day,81.2622911,0.687970589
L a b V R B,81.25541272,0.687997001
L b H V R B,81.25428305,0.688001339
L a b B,81.23944927,0.688058297
a S V B,81.23577074,0.688072422
L a b G B,81.22861434,0.688099901
L b V G B,81.18993526,0.68824842
L b H R G,81.18686085,0.688260225
a b H S R G B,81.18627955,0.688262457
L b S G B,81.1851352,0.688266851
S G B,81.16075035,0.688360484
L S V R B,81.15534185,0.688381251
a H S G,81.15319551,0.688389493
L a b S V,81.14504329,0.688420795
a S V R G,81.10247159,0.688584261
L a b S R G,81.09119056,0.688627578
S R G B,81.08579962,0.688648278
b R G,81.06419584,0.688731232
L b H S R G B,81.03974809,0.688825106
a b H G B,80.9980761,0.688985117
b H S V R G,80.98716793,0.689027002
L b V G,80.98716444,0.689027016
L a H S B,80.98330553,0.689041833
L a H S R G,80.96779298,0.689101398
a S R,80.94367746,0.689193996
L a b S V R G B,80.9325258,0.689236816
H S R G B,80.8933609,0.689387201
a H S V R B,80.86130258,0.689510298
a b S V,80.85306409,0.689541932
a b S V R,80.84426186,0.68957573
a b S R,80.82425151,0.689652566
S V,80.81808598,0.68967624
L R G Day,80.78507081,0.689803011
a b V B,80.77440721,0.689843957
L b H S V G B,80.77367118,0.689846783
a b S R G B,80.71747167,0.690062577
a H S V R G,80.6591865,0.690286379
L H S R G,80.63937202,0.690362462
L a b H S V R G B,80.6145446,0.690457794
L H S G B,80.59934557,0.690516155
b H R,80.580312,0.69058924
L b H V R G,80.56288277,0.690656164
L a S V G,80.54288978,0.690732933
L a H S G B,80.49400859,0.690920626
L S B,80.48302301,0.690962808
V R Day,80.47814694,0.690981531
L b R G B,80.46495397,0.691032189
H S V R B,80.4583102,0.6910577
L S R G B,80.45023915,0.691088691
L b H R B,80.42431244,0.691188244
b V G B,80.40918971,0.691246312
b R G B,80.40088443,0.691278202
b H R B,80.40013039,0.691281098
L a b H S V G B,80.38511311,0.691338761
L H S R G B,80.38487561,0.691339673
H S G B,80.3842535,0.691342062
S V R G B,80.37817481,0.691365402
L a b S B,80.37642784,0.69137211
L b V,80.34544042,0.691491095
L H S V B,80.32812954,0.691557565
b S V B,80.30472804,0.691647422
L b H R,80.29281066,0.691693182
b R B,80.22642696,0.691948081
L b S V R G B,80.22540346,0.691952011
L S V R G,80.2223973,0.691963554
L b H S G B,80.21599384,0.691988142
L a H S V R G,80.21233187,0.692002203
a b S G,80.20351746,0.692036048
L R Day,80.1969105,0.692061418
L a H S G,80.19554957,0.692066643
L b H V G,80.17460504,0.692147066
a H S V G,80.172257,0.692156082
L S G B,80.16560437,0.692181626
b G B,80.15012794,0.692241052
S V R,80.14649432,0.692255005
S V R B,80.14330742,0.692267242
L a b H S V B,80.14246919,0.69227046
b V R G,80.13546784,0.692297344
L H S R B,80.12886621,0.692322693
b H V R G,80.12731905,0.692328634
L a S V R G B,80.11609057,0.692371749
b V R B,80.10038793,0.692432043
L H S B,80.09253012,0.692462215
L b H S V R G B,80.07617572,0.692525013
L a b S G,80.05902471,0.692590869
a V B Day,80.05760162,0.692596333
L H S V R B,80.02557857,0.692719295
a b H G,80.02419574,0.692724605
L S R,80.01874815,0.692745522
L b V B,80.01388117,0.69276421
L b V R,80.01131955,0.692774046
L b S R B,79.98034396,0.692892986
L H S V R,79.97360569,0.692918859
L S V R,79.97239806,0.692923496
L a b H S R B,79.95619755,0.692985703
L b B,79.9484828,0.693015326
b V B,79.91904509,0.69312836
L S,79.91071246,0.693160356
b S R G B,79.85993829,0.693355317
L a H S V B,79.81133859,0.693541929
a b S V G,79.80204577,0.693577612
a b G B,79.79669885,0.693598143
L b H B,79.74437966,0.693799037
L H S V G B,79.67322865,0.694072241
L b S B,79.66984605,0.69408523
b V R,79.66108101,0.694118886
b S G B,79.6383115,0.694206316
b H V G,79.6243547,0.694259907
L a b S V R B,79.55039448,0.694543898
a b S Day,79.54660532,0.694558447
a H S V R,79.51198687,0.694691374
L S V B,79.49992888,0.694737675
L a b R Day,79.49146961,0.694770156
a b H S R G,79.48239009,0.69480502
b H S V B,79.47250987,0.694842958
L b S R G B,79.46181086,0.694884039
L a S V,79.4461472,0.694944184
L S V G B,79.44588115,0.694945206
L H V R G Day,79.43748816,0.694977433
L a b H S V R,79.42665898,0.695019015
L b R,79.4199171,0.695044902
H S V R,79.41923422,0.695047524
b V G,79.41488695,0.695064217
R B Day,79.39852012,0.695127062
H V R G Day,79.3959598,0.695136893
L a b H S V,79.358916,0.695279133
L b H G,79.33032917,0.6953889
L a b H R G B,79.31550545,0.69544582
S G,79.27579519,0.695598299
a H S R G B,79.2583773,0.69566518
a b S G B,79.23961348,0.695737229
H V R Day,79.22581478,0.695790213
L b S V R B,79.22246879,0.695803061
H S R,79.1643596,0.696026187
a b H S V R G,79.16412495,0.696027088
a H G Day,79.13169206,0.696151623
a b S V R G,79.12236645,0.696187432
L S V,79.10329121,0.696260676
b S V R G B,79.04165321,0.696497353
L a S G,79.03454716,0.696524638
H R G Day,79.02852368,0.696547767
a b S R G,79.02365092,0.696566478
L S V G,78.97924491,0.696736987
L H S V R G B,78.96164763,0.696804557
a S B Day,78.96066574,0.696808327
b H G B,78.92179538,0.696957581
b H S V R G B,78.86575674,0.697172757
a b H S V B,78.81447149,0.697369681
L a S R B,78.81247935,0.69737733
L b H V,78.79652448,0.697438593
b S R,78.74365146,0.697641614
L a b H S G B,78.73674646,0.697668128
L a b H S V R B,78.73211453,0.697685914
L H S G,78.70802745,0.697778403
L H S V R G,78.69113988,0.697843247
S V R G,78.6793098,0.697888672
L a b H S,78.63259073,0.698068063
L b H,78.62724418,0.698088593
L a b H S V R G,78.61581416,0.698132482
b H S V R B,78.56901517,0.698312179
H R B Day,78.55931259,0.698349435
L a b S V R G,78.49671864,0.698589782
L b G B,78.4880305,0.698623143
b H G,78.46494559,0.698711784
S V G,78.39870211,0.698966144
b H V R,78.34415617,0.699175589
L H S R,78.30965226,0.699308076
a b H S V R B,78.30432542,0.69932853
H R Day,78.29985259,0.699345705
L S R G,78.26036962,0.699497311
L b S V R G,78.20541481,0.699708325
b B,78.20246092,0.699719668
a b H S G,78.19502326,0.699748226
S R G,78.18299934,0.699794396
L a V R Day,78.16983605,0.69984494
H S V G,78.15376883,0.699906634
a S R Day,78.14034125,0.699958193
L a b S R,78.13775409,0.699968128
L a b S,78.11366892,0.700060609
L b H S R,78.11221525,0.700066191
b R,78.07434549,0.700211603
a b R Day,78.04108831,0.700339303
a R G B Day,77.92110163,0.700800026
b H S,77.90888511,0.700846934
L S G,77.87795563,0.700965697
L a b H S B,77.82801446,0.70115746
L a b H B,77.8151766,0.701206755
L H G Day,77.74089369,0.701491985
a H R G Day,77.73786667,0.701503608
L b S R G,77.70409094,0.701633299
L b H S V R G,77.69608266,0.701664049
L a H V R G Day,77.68205286,0.701717921
L b V G Day,77.65446549,0.70182385
a b H V R B Day,77.64565566,0.701857678
b S R G,77.63969694,0.701880558
H S V R G,77.54286882,0.702252357
a H S V B,77.54015369,0.702262782
a b H R Day,77.49453364,0.702437953
b H V,77.48852109,0.70246104
L H S V G,77.47600228,0.70250911
L a b H S G,77.46876555,0.702536897
L H V Day,77.46044929,0.70256883
L b S V B,77.45545718,0.702587998
b V,77.44384252,0.702632596
S B Day,77.42090424,0.702720674
H S G,77.40977404,0.702763412
b S V G,77.36586415,0.702932016
b S G,77.33204143,0.703061888
L b S V,77.29835705,0.703191228
L b H S V G,77.28909989,0.703226774
L a H S Day,77.26833323,0.703306513
a R Day,77.24877921,0.703381597
b S V R G,77.23972327,0.703416369
b G,77.23935997,0.703417764
H S V,77.10501241,0.70393363
L b S V R,77.10160855,0.7039467
b S V G B,77.0910943,0.703987072
L b S G,77.08972016,0.703992348
L a b V R G Day,77.07921615,0.704032682
L a b H S R,77.06772583,0.704076802
b V G Day,77.02688488,0.704233622
L b G,77.00536935,0.704316237
a H S R B Day,76.99455116,0.704357777
L b S R,76.947913,0.704536857
L b S V G,76.9444673,0.704550088
L a R G B Day,76.90604818,0.704697609
a H V B Day,76.87099314,0.704832212
b H S R,76.84173914,0.704944541
H V R B Day,76.83637526,0.704965137
a b H S V R,76.82511235,0.705008385
L a V G Day,76.81869859,0.705033012
b H S V R,76.80788559,0.705074532
L b H V R G B Day,76.79120046,0.705138599
L a H R G B Day,76.73774608,0.705343852
L a H V R Day,76.72808569,0.705380946
L a H V R B Day,76.71659432,0.70542507
b H S V G B,76.69272483,0.705516724
L H S V,76.69241638,0.705517908
b S V,76.66544791,0.705621461
a H V Day,76.65818986,0.70564933
a H R Day,76.6576239,0.705651504
a H V R G Day,76.64960462,0.705682296
b H S G B,76.64960022,0.705682313
L b,76.63780251,0.705727613
L b S V G B,76.60963033,0.705835788
a H G B Day,76.57923443,0.705952502
a H V R B Day,76.55769529,0.706035207
V B Day,76.52829869,0.706148084
L b S,76.52688514,0.706153512
a b H S V,76.52075559,0.706177048
L H R G B Day,76.52025268,0.706178979
H S R G,76.51345046,0.706205098
L b H G Day,76.50665338,0.706231197
L a b Day,76.50135338,0.706251548
L b H S V R,76.47602607,0.706348799
b H S R G,76.39765222,0.706649738
a b H S G B Day,76.39575102,0.706657038
b S V R,76.33652746,0.706884444
L a b H V R B Day,76.25548375,0.707195634
L V G B Day,76.25494843,0.707197689
L b H S,76.23628961,0.707269335
b V R G Day,76.15430112,0.707584153
L a H S B Day,76.05425686,0.707968301
a b H S V R G B,76.03731625,0.708033349
a V R B Day,76.03662873,0.708035989
L b H V G Day,76.02237168,0.708090733
L b H S R G,76.00541209,0.708155854
a H R B Day,75.95957314,0.708331866
a b H V G B Day,75.95555446,0.708347297
a R B Day,75.92257452,0.708473932
L a H Day,75.91859993,0.708489194
a R G Day,75.90589397,0.708537982
a V R G Day,75.8681754,0.708682813
b H G B Day,75.85228932,0.708743812
L b H S R B,75.85113191,0.708748256
L a H R Day,75.84162792,0.708784749
L b S R Day,75.81010867,0.708905776
b H S G,75.80134103,0.708939442
b V R Day,75.79186759,0.708975818
a b H R B Day,75.72408406,0.709236092
a b H S R,75.70661165,0.709303182
L a H V G B Day,75.67346546,0.709430456
L b H V R B Day,75.64128719,0.709554014
G B Day,75.62402607,0.709620293
b H V G Day,75.61777493,0.709644296
L b H V G B Day,75.55892763,0.709870257
a b H G Day,75.55224676,0.70989591
L V R B Day,75.54970009,0.709905688
a V Day,75.54042564,0.7099413
L a R B Day,75.47707427,0.710184556
a S V R G B Day,75.44137168,0.710321646
L a b H V R Day,75.41438968,0.710425251
L b H S V B,75.38765346,0.710527912
a H S R G Day,75.34711273,0.71068358
L a R G Day,75.34130457,0.710705882
L R G B Day,75.32861108,0.710754622
L B Day,75.31512635,0.7108064
a b H V G Day,75.31468824,0.710808082
a b H B Day,75.29747886,0.710874163
L a b H R G Day,75.28180966,0.710934329
L a V R G Day,75.28160426,0.710935118
L a b V G B Day,75.24727605,0.711066931
L a S Day,75.219852,0.711172233
b H S V,75.16873281,0.711368519
a S G Day,75.15457511,0.711422882
L b V B Day,75.1113135,0.711588997
L H R B Day,75.10351911,0.711618926
L b H V B Day,75.06656821,0.711760809
a H R G B Day,75.05625012,0.711800428
L a b H R Day,75.0369324,0.711874604
S V R B Day,75.00439457,0.711999542
L a V G B Day,75.00142513,0.712010944
L a b H V Day,74.90730437,0.712372347
a G B Day,74.90049272,0.712398503
L H V R B Day,74.85441916,0.712575415
a b V R B Day,74.84089307,0.712627352
L a V B Day,74.83135557,0.712663974
L b H S G,74.82521658,0.712687547
a b R G Day,74.80132534,0.712779284
a S V R G Day,74.79378359,0.712808242
a G Day,74.7787887,0.712865819
L H S G B Day,74.75784344,0.712946245
a V R G B Day,74.74109228,0.713010565
a b H V Day,74.71865935,0.713096703
L a R Day,74.70123132,0.713163623
L a b S Day,74.67675576,0.713257604
b H S V G,74.6740933,0.713267827
L H B Day,74.64128487,0.713393804
L a b S V R Day,74.63303006,0.713425501
a b B Day,74.63112436,0.713432818
a H V G B Day,74.56573266,0.713683908
a b V G Day,74.56564767,0.713684234
L H S,74.55144036,0.713738787
L b H V R G Day,74.54013963,0.71378218
L a Day,74.53423199,0.713804864
a H V R G B Day,74.53186774,0.713813942
L a H V Day,74.51936263,0.713861959
a S V G Day,74.50259856,0.713926329
a b V R Day,74.49851141,0.713942023
b H V R G Day,74.45675379,0.714102363
L b R G Day,74.40770166,0.714290712
a H V R Day,74.3934581,0.714345405
a b H R G B Day,74.37322965,0.714423077
L a b H V G B Day,74.34152196,0.714544828
L a S R G B Day,74.3205313,0.714625428
L a b H R B Day,74.29599571,0.714719639
a S G B Day,74.27704965,0.714792388
L a b H S R G,74.27515985,0.714799644
L a H G B Day,74.25561091,0.714874708
L H V R G B Day,74.25546315,0.714875275
a H V G Day,74.24723682,0.714906862
a S V Day,74.2340867,0.714957356
b H B Day,74.1995542,0.715089953
L a H G Day,74.18286559,0.715154034
a V G Day,74.16031354,0.715240629
a b G Day,74.15798835,0.715249557
L a H V G Day,74.15439094,0.71526337
a b S V R G B Day,74.12818171,0.715364008
a S R B Day,74.08661436,0.715523617
L a b R B Day,74.07530514,0.715567042
a b H V R G Day,74.06368934,0.715611644
L a H S R Day,74.04603722,0.715679425
L a b H Day,74.01684697,0.715791509
a b S V R B Day,73.99140394,0.715889205
L b V R Day,73.98964941,0.715895942
L a H S R G B Day,73.98591436,0.715910283
H S G B Day,73.97911732,0.715936382
L a b G Day,73.96467279,0.715991846
b H S G B Day,73.94798007,0.716055943
L a B Day,73.92279147,0.716152661
L b H S V R B Day,73.90100275,0.716236325
L H S B Day,73.89102537,0.716274636
L b H S V,73.86313775,0.716381719
L a S B Day,73.86098479,0.716389986
L a b V R Day,73.85837119,0.716400021
L a S V R G B Day,73.85098872,0.716428368
L a H R G Day,73.83085525,0.716505676
L H S V B Day,73.83017913,0.716508273
a b R G B Day,73.81932281,0.716549958
H S B Day,73.78476899,0.716682638
H V B Day,73.78016742,0.716700307
a H S V R Day,73.72690098,0.716904838
L H S V R B Day,73.71227304,0.716961006
L b H S V G B Day,73.71193851,0.716962291
L b V Day,73.63477027,0.7172586
L a G B Day,73.63409715,0.717261184
L G B Day,73.63273877,0.7172664
a b H R G Day,73.61568484,0.717331884
S V G B Day,73.61561042,0.717332169
L a b V R G B Day,73.61140537,0.717348316
b H S R B Day,73.60382876,0.717377408
S R B Day,73.60041594,0.717390513
b H S V R Day,73.5556182,0.717562526
a b H V R Day,73.54279434,0.717611767
L a H S G B Day,73.53165692,0.717654532
L V R G B Day,73.51894761,0.717703333
a S R G B Day,73.49623383,0.717790549
L a b S R G B Day,73.49180359,0.717807561
R G B Day,73.49077521,0.717811509
L a b G B Day,73.47680688,0.717865145
b S R Day,73.47372378,0.717876983
L a b V R B Day,73.46338498,0.717916682
H G B Day,73.46286148,0.717918692
L a V R G B Day,73.46205411,0.717921792
H V R G B Day,73.45679796,0.717941975
L a H S R B Day,73.42201893,0.718075518
H S R B Day,73.41828233,0.718089866
L a b H V R G B Day,73.37492121,0.718256363
b S B Day,73.36012833,0.718313165
a b H S R Day,73.34283903,0.718379552
L a S V R Day,73.30009119,0.718543694
b R Day,73.29142093,0.718576986
L H V B Day,73.27380695,0.71864462
a b H S Day,73.27222376,0.718650699
L a b H V R G Day,73.26708825,0.718670418
a S R G Day,73.24706275,0.718747312
L a b H S G B Day,73.22773304,0.718821534
L b V R B Day,73.20284566,0.718917096
a S V B Day,73.15219945,0.719111566
L a H S V B Day,73.1127651,0.719262985
b V Day,73.10450267,0.719294711
a b V Day,73.10405859,0.719296416
L a S R Day,73.10240331,0.719302772
b H R G B Day,73.08207428,0.719380831
b R G Day,73.05809885,0.719472892
L a H V R G B Day,73.03633642,0.719556455
L a H B Day,73.03513517,0.719561067
a H S G B Day,72.99664616,0.719708857
L a H V B Day,72.99630881,0.719710152
L H S R B Day,72.98686809,0.719746402
a V R Day,72.98372885,0.719758456
a b V R G Day,72.98083476,0.719769569
L a b S G B Day,72.89742817,0.720089832
b R B Day,72.8920174,0.720110608
L a b H S R B Day,72.88006376,0.720156508
L a H S G Day,72.86206395,0.720225623
L a V Day,72.83239459,0.720339547
L a b H R G B Day,72.83148616,0.720343035
H S V B Day,72.82884566,0.720353174
L a H R B Day,72.82816684,0.72035578
L a b H G B Day,72.81469264,0.720407518
b H V B Day,72.79757349,0.720473252
L b H R G B Day,72.7866385,0.72051524
V R B Day,72.74970841,0.720657044
L H S V G B Day,72.74358964,0.720680538
L S R B Day,72.73933671,0.720696869
b G Day,72.73903415,0.72069803
H R G B Day,72.73157019,0.72072669
b H R B Day,72.72895135,0.720736746
b S V G B Day,72.72727571,0.72074318
L a b R G B Day,72.69021026,0.720885503
a b S V R Day,72.6744982,0.720945834
L b G Day,72.66082225,0.720998347
L S R G B Day,72.65641353,0.721015276
b H V R G B Day,72.64559022,0.721056835
L a b V Day,72.60784076,0.721201784
L a V R B Day,72.6041802,0.72121584
L H V G B Day,72.58479547,0.721290273
b H R G Day,72.55063025,0.72142146
L a G Day,72.54341375,0.72144917
a b G B Day,72.5091812,0.721580615
b H R Day,72.44567192,0.721824477
V R G B Day,72.43633058,0.721860346
L b H R G Day,72.32549619,0.722285926
L a S R B Day,72.32274109,0.722296505
a b H S V R G B Day,72.29165179,0.722415881
S R G B Day,72.29124967,0.722417425
b V R B Day,72.26324088,0.722524972
L a b B Day,72.24595206,0.722591358
L a b H G Day,72.24241034,0.722604957
L S V R B Day,72.23911679,0.722617604
a V G B Day,72.2019672,0.72276025
L a H S V R B Day,72.18473589,0.722826414
L b G B Day,72.16129874,0.722916408
b H V G B Day,72.15588825,0.722937183
a b V B Day,72.15139312,0.722954443
b H V R Day,72.12821767,0.723043432
a b H V B Day,72.09702441,0.723163207
L a b R G Day,72.09392661,0.723175102
L a S V R B Day,72.03265459,0.723410373
S V R G B Day,72.00025696,0.723534773
a b S R Day,71.9725773,0.723641057
L a S V R G Day,71.96773397,0.723659654
S G B Day,71.95153169,0.723721868
S V B Day,71.9135288,0.72386779
L a b S R Day,71.88410535,0.72398077
L b V R G Day,71.86599174,0.724050322
L R B Day,71.85545169,0.724090794
a b S G Day,71.84611905,0.724126629
L a S G Day,71.83797088,0.724157916
a H S V R G Day,71.82587837,0.724204349
b S V Day,71.79229308,0.724333309
L b R Day,71.75603173,0.724472545
L b V R G B Day,71.71781749,0.724619279
L a b S B Day,71.71661542,0.724623895
L a b S V R B Day,71.69584329,0.724703655
L a H S V R G B Day,71.68891819,0.724730246
L b H S R Day,71.6707805,0.724799891
L a H S R G Day,71.66913727,0.7248062
a H S G Day,71.66655023,0.724816134
L a H S V G B Day,71.64157649,0.724912028
a b S V G B Day,71.58910111,0.725113522
a H S V R G B Day,71.58463023,0.725130689
L b H R Day,71.534889,0.725321684
L S V G B Day,71.53351657,0.725326954
a b H S V G Day,71.53185778,0.725333323
a b V R G B Day,71.52210711,0.725370764
a H S R G B Day,71.51932467,0.725381448
a H S V R B Day,71.50182226,0.725448653
L b R G B Day,71.47753942,0.725541894
L a b H S V G B Day,71.45867828,0.725614317
a S V G B Day,71.43924963,0.725688918
H S R G B Day,71.39738204,0.725849681
L b H B Day,71.37731471,0.725926735
L a S V G Day,71.36134365,0.72598806
a b R B Day,71.35158861,0.726025518
L b H Day,71.34389264,0.726055068
a S V R Day,71.28677346,0.726274394
b V B Day,71.28438074,0.726283581
L V B Day,71.27935001,0.726302898
L a b S V R G B Day,71.26487688,0.726358472
b S V R G B Day,71.25462856,0.726397823
L a b S V G B Day,71.2452322,0.726433903
H S V R G B Day,71.23382027,0.726477722
a b H V R G B Day,71.21820413,0.726537685
b H S V G Day,71.20902478,0.726572931
L H S V R G B Day,71.20333859,0.726594765
a b H S V Day,71.20026899,0.726606552
a b V G B Day,71.19700225,0.726619095
S R Day,71.17079322,0.726719732
L b V G B Day,71.15927941,0.726763943
L a b S V B Day,71.12139718,0.726909402
H S V G B Day,71.11827705,0.726921383
a b S G B Day,71.1141471,0.726937241
L b H S V R G B Day,71.06742716,0.727116635
a b S V Day,71.063614,0.727131277
L a b V B Day,71.0562885,0.727159405
L H G B Day,71.03226805,0.727251639
L b S G B Day,71.03205699,0.727252449
L a b V G Day,71.01594991,0.727314297
L a b H S V R G B Day,70.98747806,0.727423622
a b H S B Day,70.97122526,0.72748603
a b H S V R B Day,70.92930404,0.727646998
L a S V Day,70.90674133,0.727733634
L a b H S Day,70.88827001,0.72780456
L a b S R B Day,70.87514203,0.727854968
L S V B Day,70.8659173,0.727890389
V G B Day,70.86023056,0.727912225
b B Day,70.85481247,0.727933029
a b H G B Day,70.82541637,0.728045904
L a S G B Day,70.77271969,0.728248248
b V R G B Day,70.76319284,0.728284829
a b S B Day,70.73770117,0.728382711
a b S V G Day,70.73245784,0.728402844
L H S R G B Day,70.71699065,0.728462235
L a b H S R G Day,70.71687049,0.728462696
a b H S R B Day,70.69563964,0.728544218
b G B Day,70.66509461,0.728661504
a H S V Day,70.6446023,0.72874019
L a b H S G Day,70.59060322,0.728947535
L a b H S V B Day,70.57989358,0.728988658
L S V R G B Day,70.54566927,0.729120071
H V G B Day,70.53737649,0.729151914
L a b S V R G Day,70.53664478,0.729154724
L a b H V B Day,70.51340714,0.729243951
b S Day,70.47113137,0.729406281
L a S V G B Day,70.46710937,0.729421724
L b R B Day,70.43819483,0.72953275
L a S R G Day,70.43207508,0.729556248
L b H G B Day,70.42672743,0.729576782
L a H S V G Day,70.40479175,0.72966101
L b S V R B Day,70.36689692,0.729806518
L a b H V G Day,70.35496452,0.729852336
L S R Day,70.32521128,0.729966582
L a b H S R Day,70.28573702,0.730118154
a b H S G Day,70.28080928,0.730137076
L b H V R Day,70.25626533,0.730231319
L a b H S R G B Day,70.21070366,0.730406266
a b S R B Day,70.08068245,0.730905519
L S G Day,70.07109373,0.730942338
L b S V B Day,70.05793826,0.730992852
b R G B Day,70.03339166,0.731087105
a H S V G B Day,70.00227755,0.731206577
S V R Day,69.99998287,0.731215388
L a b H B Day,69.99360296,0.731239885
L S B Day,69.9924676,0.731244245
H S V R B Day,69.86698411,0.731726074
L b S B Day,69.82962269,0.731869534
L b Day,69.82032806,0.731905223
a S V R B Day,69.76858948,0.732103888
L a H S V R G Day,69.73423901,0.732235786
a b S V R G Day,69.72524579,0.732270318
L a b S R G Day,69.71803984,0.732297987
a b S V B Day,69.68608963,0.732420669
b V G B Day,69.68572229,0.73242208
b H S V R G Day,69.6787898,0.732448699
L S Day,69.65237418,0.732550129
a H S V G Day,69.63056766,0.732633861
a H S R Day,69.58886916,0.732793974
S R G Day,69.57462541,0.732848667
a b S R G B Day,69.56747685,0.732876116
L b S R G B Day,69.52004989,0.733058225
L a H S V Day,69.47728005,0.733222452
a b H S V B Day,69.39926351,0.733522019
L H S V R G Day,69.39537067,0.733536966
a b H S V R G Day,69.32170727,0.733819818
L a b S V G Day,69.3035861,0.733889399
b S G B Day,69.29996029,0.733903321
a b S R G Day,69.28469159,0.73396195
b S R B Day,69.28373025,0.733965641
L S G B Day,69.27662418,0.733992927
L a S V B Day,69.27376253,0.734003915
L a b S G Day,69.23525544,0.734151774
L b H S G B Day,69.21979003,0.734211158
b H V R B Day,69.16986861,0.734402845
H S R Day,69.0726215,0.734776252
S V R G Day,68.97102183,0.735166373
a H S V B Day,68.92941323,0.735326141
L S V R G Day,68.91567601,0.735378889
L a H S V R Day,68.82134522,0.735741098
L H S R G Day,68.81036998,0.735783241
b S V R B Day,68.67538503,0.736301554
S V Day,68.59158815,0.736623315
b S R G B Day,68.51202129,0.736928835
a b H S V G B Day,68.48884961,0.737017809
b H S R Day,68.36823686,0.737480935
b H S V G B Day,68.26269602,0.737886189
L b H S V G Day,68.20904598,0.738092193
L a b H S B Day,68.20474687,0.738108701
L H S V Day,68.20110877,0.738122671
a b H S R G Day,68.19860617,0.73813228
L b H S V B Day,68.15055376,0.738316791
S V G Day,68.14611051,0.738333852
L b S V Day,68.1280965,0.738403022
b S R G Day,67.95030439,0.739085705
L S R G Day,67.89141504,0.739311827
a b H S R G B Day,67.87371052,0.739379808
b H V Day,67.86539546,0.739411736
a b H S V R Day,67.85121704,0.739466178
L b S V G B Day,67.83833288,0.739515651
L b H R B Day,67.8357781,0.73952546
b H S R G B Day,67.79718003,0.739673669
b H S B Day,67.76080837,0.739813328
L b S R B Day,67.63980106,0.740277969
L a b H S V R Day,67.54110467,0.740656942
b H S V R B Day,67.48813413,0.740860337
L a b S V Day,67.46188625,0.740961123
L S V R Day,67.43394628,0.741068407
L H S V G Day,67.41216997,0.741152023
S G Day,67.35481757,0.741372244
b S V B Day,67.34459208,0.741411507
L b S V R G B Day,67.32632226,0.741481659
L a b H S V G Day,67.22187278,0.741882722
L a b H S V R G Day,67.22144039,0.741884383
L b H V Day,67.1267623,0.742247926
L b H S G Day,67.05001496,0.742542619
b S V R G Day,66.98894071,0.742777131
L a b H S V R B Day,66.89657911,0.743131779
V Day Temp,66.87438715,0.743216991
H S V R G Day,66.78151953,0.743573583
H S G Day,66.63938755,0.744119338
b H S V R G B Day,66.55940013,0.744426472
L S V G Day,66.51095077,0.744612507
L a b H S V Day,66.37385888,0.74513891
b H S V B Day,66.25760384,0.745585304
b H S R G Day,66.24749206,0.745624131
b H G Day,66.22974926,0.74569226
G Day Temp,66.21124291,0.74576332
H S V Day,65.63020877,0.747994364
L S V Day,65.62347531,0.748020219
L V G Temp,65.60813056,0.748079139
b S G Day,65.54941111,0.748304609
L H S G Day,65.48317731,0.748558932
L b H S R G B Day,65.47577023,0.748587374
L b S R G Day,65.46532843,0.748627468
L b B Day,65.42934824,0.748765624
H S R G Day,65.41885503,0.748805916
L H S V R Day,65.3472474,0.749080874
L b S V G Day,65.2638736,0.749401011
H S V R Day,65.25216234,0.749445979
L b H S Day,65.18671597,0.749697279
L b S G Day,65.1335773,0.74990132
L b H S R B Day,65.11556553,0.749970481
L b H S V R Day,65.10773699,0.750000541
V Temp,65.07464383,0.750127612
H S V G Day,64.90934927,0.750762307
b S V G Day,64.88291298,0.750863816
L H S R Day,64.84590336,0.751005925
L V R G Day Temp,64.83111601,0.751062705
b S V R Day,64.75406539,0.751358563
L b H S B Day,64.67730184,0.751653318
L V Day Temp,64.65239406,0.751748958
L b H S V R G Day,64.30624365,0.7530781
L H S Day,64.30076932,0.75309912
L b S Day,64.29987976,0.753102536
L b S V R Day,64.10200782,0.753862321
L b S V R G Day,63.98013534,0.754330285
V G Temp,63.89443352,0.754659361
L V R Day Temp,63.80340286,0.755008899
V R G Temp,63.78045403,0.755097017
L b H S V Day,63.77265459,0.755126965
H G Day Temp,63.77235188,0.755128128
G Temp,63.76642279,0.755150894
b H S V Day,63.49986645,0.756174412
L H V Day Temp,63.49585915,0.756189799
H V G Day Temp,63.4060304,0.756534722
b H S G Day,63.38217168,0.756626334
V G Day Temp,63.19594297,0.757341412
L G Temp,63.14645454,0.757531436
L H G Day Temp,63.07491888,0.757806118
L R G Day Temp,62.88629607,0.758530388
H V Day Temp,62.86873538,0.758597817
L V R G Temp,62.82237728,0.758775822
L H V G Temp,62.75006946,0.759053468
V R Temp,62.61600251,0.759568256
L H V Temp,62.22976702,0.761051316
H V Temp,62.20223946,0.761157016
R G Temp,62.11397502,0.761495932
L H Day Temp,62.08059163,0.761624117
L R G Temp,62.07493541,0.761645835
L H V R G Temp,62.04612738,0.761756452
H R Day Temp,62.04398672,0.761764672
H V G Temp,62.02125958,0.761851939
H V R Temp,61.92017856,0.762240068
L V Temp,61.90034325,0.762316231
L V G Day Temp,61.82409944,0.762608991
L Day Temp,61.79000061,0.762739923
L Temp,61.65638612,0.763252973
b H S Day,61.62091458,0.763389176
V R Day Temp,61.5419885,0.763692235
L b H S R G Day,61.51489459,0.76379627
V R G Day Temp,61.49035044,0.763890514
L H V G Day Temp,61.44562981,0.764062231
L G Day Temp,61.3764847,0.764327733
L H G Temp,61.23665509,0.764864648
H R G Temp,60.99778044,0.765781875
R G Day Temp,60.88960662,0.766197238
H V R G Temp,60.8235681,0.766450812
L R Temp,60.79451684,0.766562362
L H V R G Day Temp,60.71585148,0.76686442
L H R G Temp,60.5042642,0.767676869
L H V R Day Temp,60.46741836,0.767818349
L H V R Temp,60.4278011,0.767970471
H V R Day Temp,60.39674307,0.768089727
R Temp,60.28556088,0.768516642
L H R Temp,59.94912642,0.769808477
L H R Day Temp,59.88662518,0.770048468
L V R Temp,59.87139288,0.770106956
R Day Temp,59.80335767,0.770368197
L R Day Temp,59.61061043,0.771108304
H R G Day Temp,59.33216046,0.772177491
L H R G Day Temp,59.05175188,0.773254198
H G Temp,58.70504929,0.77458546
H R Temp,57.8667777,0.77780424
L H Temp,57.29643308,0.779994238
H V R G Day Temp,56.94262513,0.781352783
L a V R G Day Temp,52.17393448,0.799663512
L a H V R G Day Temp,51.32257163,0.802932559
L a H V G Day Temp,50.620508,0.805628329
a H V R G Day Temp,50.27499579,0.806955021
L a R Temp,49.52555461,0.809832711
b H Day Temp,49.43134026,0.810194473
L a V G Day Temp,49.21429016,0.811027898
L H R G B Day Temp,49.13130092,0.811346559
L a H G Day Temp,49.06250661,0.811610714
a H R G Day Temp,48.89947576,0.812236716
L a H V R Day Temp,48.86897676,0.812353826
L a Temp,48.83829757,0.812471627
a V G Temp,48.42664232,0.814052293
H R G B Day Temp,48.1476142,0.8151237
L a H R Day Temp,47.9730891,0.815793839
L a H R G Day Temp,47.78584525,0.816512814
a H V R Day Temp,47.7749557,0.816554627
L a H V Day Temp,47.75613218,0.816626906
a V R G Day Temp,47.54651782,0.817431779
L a V R Day Temp,47.48445004,0.817670106
a H V G Temp,47.25403105,0.818554864
L a R G B Day Temp,47.13594387,0.819008293
L a H V G B Day Temp,47.0931235,0.819172714
R G B Day Temp,46.99543066,0.819547833
a H G Day Temp,46.92199132,0.819829824
L a H G B Day Temp,46.87406377,0.820013855
L a H V R G Temp,46.86863216,0.820034711
a H G Temp,46.84400231,0.820129285
L V G B Day Temp,46.81825165,0.820228162
a Temp,46.69318088,0.820708406
a H V R G B Day Temp,46.67664679,0.820771893
L R B Day Temp,46.63204305,0.820943162
L a R G Day Temp,46.59326005,0.82109208
a V G Day Temp,46.43770454,0.821689379
a H R Day Temp,46.42818694,0.821725925
L H R B Day Temp,46.3887053,0.821877525
L a H V R B Day Temp,46.36708526,0.821960542
L a H V R G B Day Temp,46.36057911,0.821985524
H V G B Day Temp,46.11151549,0.822941874
a V G B Day Temp,46.04253574,0.823206741
a H V G Day Temp,45.9016883,0.823747564
a H R G B Day Temp,45.67930408,0.824601471
L a H R G B Day Temp,45.67774083,0.824607473
L H V R G B Day Temp,45.60906585,0.82487117
L a H R B Day Temp,45.55924292,0.825062479
a V R B Day Temp,45.53752476,0.825145872
L a H Temp,45.53710091,0.8251475
L a G Day Temp,45.49605113,0.825305122
L a H V G Temp,45.45014998,0.825481372
a H R Temp,45.31258217,0.826009603
L a V Day Temp,45.23402227,0.826311256
L a H V Temp,45.17169583,0.826550575
a V R Day Temp,45.12191363,0.826741728
L a H R Temp,45.0326493,0.827084484
a R G Day Temp,44.93719255,0.827451017
L a R Day Temp,44.91456425,0.827537904
L V R B Day Temp,44.90911888,0.827558813
L a H V R Temp,44.87366387,0.827694953
a R B Day Temp,44.86204188,0.827739579
a H V R Temp,44.80715051,0.82795035
L a H R G Temp,44.75769725,0.828140239
L V B Day Temp,44.719653,0.828286321
a G Temp,44.70419338,0.828345683
L a b V R G Day Temp,44.68251022,0.828428941
L G B Day Temp,44.65804992,0.828522863
a H V R G Temp,44.65377615,0.828539274
a H R G Temp,44.65013005,0.828553274
a R G B Day Temp,44.63414374,0.828614658
a H V Day Temp,44.6276257,0.828639686
L a b H V Day Temp,44.53165208,0.829008203
a H V R B Day Temp,44.49868728,0.829134781
H V R G B Day Temp,44.48067067,0.829203961
L a Day Temp,44.42001168,0.829436878
L a H Day Temp,44.40165917,0.829507348
L a V R G Temp,44.39723286,0.829524344
L H V G B Day Temp,44.39111101,0.82954785
L a b H V G Day Temp,44.37155141,0.829622955
L a b H R G Day Temp,44.29802656,0.829905274
L R G B Day Temp,44.25850059,0.830057045
L a H G Temp,44.20989878,0.830243666
L H G B Day Temp,44.05347927,0.830844282
H V R B Day Temp,44.0481112,0.830864895
a G B Day Temp,44.0308163,0.830931303
H G B Day Temp,43.98366212,0.831112365
L H R B Temp,43.91742206,0.831366712
L a V B Day Temp,43.9047063,0.831415538
V R G B Day Temp,43.90252217,0.831423925
L a V G Temp,43.88942698,0.831474207
L a b H G Day Temp,43.86943701,0.831550964
a H V B Day Temp,43.86300995,0.831575643
V R B Day Temp,43.80239262,0.8318084
B Temp,43.73411027,0.832070589
a H V G B Day Temp,43.69363763,0.832225995
a R Temp,43.65824791,0.832361884
L H R G B Temp,43.60026467,0.832584527
H V R B Temp,43.58684118,0.83263607
L a V Temp,43.46219978,0.833114666
G B Temp,43.45163269,0.833155241
a b H R G Day Temp,43.40111632,0.833349213
G B Day Temp,43.39564773,0.833370211
L a G B Day Temp,43.38523875,0.83341018
R B Day Temp,43.38082249,0.833427137
L b R G B Day Temp,43.32740329,0.833632255
H R B Day Temp,43.24538987,0.833947169
L H B Day Temp,43.24176456,0.833961089
a b H V G Day Temp,43.22020977,0.834043855
L a R B Day Temp,43.19145017,0.834154285
a V R G Temp,43.12769528,0.83439909
a V Temp,43.12450949,0.834411323
a R Day Temp,43.12089634,0.834425197
V B Day Temp,43.10833636,0.834473424
L a b H V B Day Temp,43.09554966,0.834522522
L b R G Day Temp,43.05735137,0.834669195
L H G B Temp,43.03314928,0.834762126
L b H V G B Day Temp,42.95136941,0.835076143
L V R G B Day Temp,42.93660037,0.835132853
L a b R B Day Temp,42.89656074,0.835286596
L a G Temp,42.84540968,0.835483005
L b H V B Day Temp,42.82270509,0.835570186
a R G Temp,42.8137575,0.835604543
H V G B Temp,42.67387802,0.836141649
a b R G Day Temp,42.67304351,0.836144853
S V R B Day Temp,42.66867783,0.836161617
a b G B Day Temp,42.64783333,0.836241655
V R B Temp,42.61761463,0.836357688
L B Temp,42.5460725,0.836632394
a H V Temp,42.50184664,0.836802212
L a S G B Day Temp,42.4973978,0.836819295
L B Day Temp,42.47727763,0.836896552
L V R B Temp,42.44307579,0.837027879
L b V R G B Day Temp,42.40572109,0.837171313
R G B Temp,42.36107877,0.83734273
a V B Day Temp,42.35316506,0.837373117
a V R Temp,42.34190101,0.837416368
a G Day Temp,42.3323546,0.837453024
L a H B Day Temp,42.30991944,0.83753917
L R B Temp,42.26398365,0.837715554
L a V R Temp,42.25927931,0.837733617
a b V G B Day Temp,42.25336198,0.837756339
a H R B Day Temp,42.19443218,0.837982616
L a S V R B Day Temp,42.14892481,0.838157355
L V R G B Temp,42.09952792,0.838347028
V R G B Temp,42.09889207,0.838349469
L b V R G Day Temp,42.07868966,0.838427042
L H V R G B Temp,42.06006149,0.83849857
H R B Temp,42.05308557,0.838525356
a V R G B Day Temp,42.00142111,0.838723736
L b H G B Day Temp,42.00058878,0.838726932
V G B Temp,41.9894298,0.83876978
a V Day Temp,41.96126097,0.838877943
L a b G Day Temp,41.9271556,0.8390089
b R G B Day Temp,41.86837798,0.839234593
V G B Day Temp,41.86143969,0.839261234
L R G B Temp,41.84436374,0.839326802
L H V B Temp,41.8017471,0.839490441
L H V B Day Temp,41.75521514,0.839669113
L b H V R G Day Temp,41.66990873,0.839996671
L b V R B Day Temp,41.61714894,0.840199257
L H B Temp,41.57925783,0.840344751
R B Temp,41.53239135,0.840524708
S V R G B Day Temp,41.47040437,0.840762725
L a B Day Temp,41.43702067,0.840890911
L b B Day Temp,41.41146049,0.840989056
L b V G Day Temp,41.40821461,0.84100152
L V G B Temp,41.3672349,0.841158873
S V R G Day Temp,41.33928024,0.841266212
L a H S V R G Day Temp,41.31183592,0.841371593
a S V R G B Day Temp,41.29887852,0.841421346
L a H V B Day Temp,41.28238629,0.841484673
b H V G B Day Temp,41.26536077,0.841550047
L H S V R G B Day Temp,41.23481251,0.841667346
L H V R B Day Temp,41.20759558,0.841771853
L b H V R Day Temp,41.15131049,0.841987975
a b V R B Day Temp,41.14630327,0.842007202
L a S R G B Day Temp,41.12351387,0.842094708
a Day Temp,41.09813957,0.84219214
L a V R G B Day Temp,41.04675639,0.84238944
b V R Day Temp,41.02461622,0.842474453
L a b H S V R G B Day Temp,40.91913859,0.842879464
a H B Temp,40.91287546,0.842903514
L H V R B Temp,40.90282117,0.84294212
L a b S V B Day Temp,40.88449464,0.84301249
b V R G Day Temp,40.8729847,0.843056685
L a S R B Day Temp,40.8401906,0.843182607
b V G Temp,40.82806114,0.843229182
b V R B Day Temp,40.81359188,0.843284741
L a S V B Day Temp,40.79455796,0.843357827
L V B Temp,40.79039591,0.843373808
L a S V G Day Temp,40.77941419,0.843415976
L b H R G B Day Temp,40.74468187,0.84354934
S R G B Day Temp,40.70061122,0.843718562
L H V G B Temp,40.69302095,0.843747707
V B Temp,40.68170989,0.843791139
a H S R G Day Temp,40.66580058,0.843852227
L b G B Day Temp,40.65918809,0.843877617
b V G Day Temp,40.64510086,0.843931709
L b H V G Day Temp,40.64266159,0.843941076
L b H S V R G B Day Temp,40.62232947,0.844019146
L b V R Day Temp,40.61227416,0.844057757
L b V G B Day Temp,40.59540279,0.844122539
H S R G B Day Temp,40.59445827,0.844126166
L b V B Day Temp,40.58952569,0.844145106
a H G B Day Temp,40.58493713,0.844162725
H G B Temp,40.56325876,0.844245965
H V B Day Temp,40.56091806,0.844254953
H R G B Temp,40.53203725,0.844365849
a b H B Day Temp,40.51208126,0.844442475
a S V G B Day Temp,40.50905274,0.844454104
L G B Temp,40.48540322,0.844544913
L a V R B Day Temp,40.44774845,0.844689499
L a H S V G Day Temp,40.41105061,0.844830411
L a b Day Temp,40.39192094,0.844903865
L b V R Temp,40.37300588,0.844976495
a b H R B Day Temp,40.35944829,0.845028553
L b V G Temp,40.34078309,0.845100223
L a b B Day Temp,40.31865529,0.845185189
L S R G Day Temp,40.30947385,0.845220444
L a R G Temp,40.24626591,0.845463148
a S R G Day Temp,40.22968358,0.845526821
B Day Temp,40.2126382,0.845592271
a b H V R B Day Temp,40.19692157,0.84565262
L b V R G Temp,40.19622888,0.845655279
b V B Day Temp,40.1759508,0.845733143
H V B Temp,40.14817175,0.845839808
L b S V G B Day Temp,40.14420104,0.845855055
L b H B Day Temp,40.11998448,0.845948041
a b V G Day Temp,40.1029008,0.846013639
a b H V B Day Temp,40.07111187,0.846135701
a b V Day Temp,40.05698998,0.846189926
L b H V B Temp,40.05410984,0.846200986
b H V G Day Temp,40.0410104,0.846251284
a b R G B Day Temp,40.04069071,0.846252512
H V R G B Temp,40.03261268,0.84628353
a B Day Temp,40.01993893,0.846332194
L a H S V R G B Day Temp,39.95585897,0.846578247
L b H S R G B Day Temp,39.93066803,0.846674975
b R G Day Temp,39.92590659,0.846693258
L a b R Day Temp,39.90359026,0.846778948
L a V G B Day Temp,39.90210671,0.846784644
L b H V R G B Day Temp,39.88419042,0.846853439
a b S R G B Day Temp,39.87795375,0.846877386
b H V R G B Day Temp,39.8442393,0.847006842
a b S V R G B Day Temp,39.83598004,0.847038556
a b R B Day Temp,39.82391924,0.847084867
L a S G Day Temp,39.80257761,0.847166814
L a S R G Day Temp,39.77857743,0.84725897
L S V G B Day Temp,39.7750732,0.847272425
L b H R G Temp,39.76979602,0.847292688
L b V G B Temp,39.76853586,0.847297527
L a H G B Temp,39.73603736,0.847422314
L a S B Day Temp,39.71954927,0.847485625
b V Temp,39.69816198,0.847567747
a S V B Day Temp,39.69760665,0.84756988
L S G B Day Temp,39.65523416,0.847732581
a b V R Day Temp,39.65478911,0.84773429
b S R G B Day Temp,39.64846381,0.847758577
a H Temp,39.58340967,0.848008371
L b H V Day Temp,39.57113542,0.848055502
H B Temp,39.55985917,0.8480988
L a b H S V G Day Temp,39.54395818,0.848159856
L b H R B Day Temp,39.52845854,0.848219371
L a b G B Day Temp,39.52728744,0.848223868
L S R B Day Temp,39.48726741,0.848377536
L a b H S G B Day Temp,39.47065086,0.84844134
L H S V R B Day Temp,39.45486799,0.848501943
a H S G B Day Temp,39.44404164,0.848543514
b V B Temp,39.42612679,0.848612303
b H R G Day Temp,39.42412994,0.84861997
b H V R B Day Temp,39.41448547,0.848657003
b V G B Day Temp,39.38475526,0.848771161
b V G B Temp,39.36374441,0.848851838
b V R G B Day Temp,39.35538323,0.848883943
b H V B Day Temp,39.30916856,0.849061397
L H S V R G Day Temp,39.30170657,0.849090049
a b R Day Temp,39.28447444,0.849156217
L a H V B Temp,39.27748232,0.849183065
H S V R G B Day Temp,39.21958761,0.849405368
a b Day Temp,39.21949808,0.849405712
a H R B Temp,39.19663052,0.849493518
b H V R Day Temp,39.18590464,0.849534703
L b R B Day Temp,39.16477687,0.849615829
L a b V R Day Temp,39.15970945,0.849635287
L b R G B Temp,39.13344802,0.849736125
L b H S G B Day Temp,39.1288896,0.849753629
L a b S V R G Day Temp,39.11748449,0.849797422
L S R G B Day Temp,39.10841486,0.849832247
L b H R G Day Temp,39.05515132,0.850036768
a H S V B Day Temp,39.05248962,0.850046988
a b H G B Day Temp,39.04238834,0.850085775
b H V R G Day Temp,39.03135731,0.850128131
b V R B Temp,39.02915658,0.850136582
L a H S G B Day Temp,39.02835926,0.850139643
b H R G B Day Temp,39.01622268,0.850186245
a b V R G Day Temp,39.00220014,0.850240089
b R B Temp,38.99594739,0.850264098
L a b S G B Day Temp,38.98032814,0.850324072
L a b R G Day Temp,38.95533316,0.850420047
a S R B Day Temp,38.90620001,0.850608708
L S V G Day Temp,38.90310538,0.850620591
a H V G B Temp,38.8945549,0.850653423
a B Temp,38.88082249,0.850706152
a b V B Day Temp,38.87161083,0.850741523
L a H S B Day Temp,38.86776039,0.850756308
L S V R Day Temp,38.86055412,0.850783978
L a b H V R G Day Temp,38.84659636,0.850837573
H S V G B Day Temp,38.83121512,0.850896634
a H S V R B Day Temp,38.81077246,0.850975129
L b R B Temp,38.80585802,0.850993999
L b V R G B Temp,38.76898303,0.851135591
b H R B Day Temp,38.76358546,0.851156317
L b H R Day Temp,38.73618428,0.851261531
b V R G Temp,38.73022455,0.851284415
a H S V G Day Temp,38.72957263,0.851286918
L b R Day Temp,38.7071837,0.851372887
L b S R G B Day Temp,38.69847085,0.851406342
b S V R G Day Temp,38.68455443,0.851459778
H S V R B Day Temp,38.63965654,0.851632177
b R Temp,38.62935006,0.851671751
a b B Day Temp,38.62734161,0.851679463
L H S V R Day Temp,38.62557995,0.851686228
L b H S V R G Day Temp,38.59073081,0.851820041
L b V Temp,38.54653305,0.85198975
a b H R G B Day Temp,38.54335959,0.852001936
L b G B Temp,38.53910867,0.852018258
b H V Day Temp,38.49482711,0.85218829
L a b V R B Day Temp,38.45344306,0.852347196
L b R G Temp,38.42867614,0.852442295
L a b V B Day Temp,38.42426036,0.852459251
L a b R G B Day Temp,38.40795272,0.852521869
L b G Temp,38.40688888,0.852525953
L a b S R G B Day Temp,38.38443466,0.852612173
L b G Day Temp,38.34993636,0.852744639
b R G Temp,38.34036105,0.852781406
b V R G B Temp,38.33001422,0.852821135
b R B Day Temp,38.32639812,0.85283502
L b H V R Temp,38.31129947,0.852892996
L b V B Temp,38.29083227,0.852971585
L a b H V R Day Temp,38.28592121,0.852990443
L b H S V R B Day Temp,38.2626274,0.853079886
L a b H S V B Day Temp,38.25455259,0.853110891
L H S V G B Day Temp,38.25005893,0.853128146
b H V G B Temp,38.24461032,0.853149068
L b H R B Temp,38.24265413,0.853156579
b H S V R G B Day Temp,38.2260217,0.853220444
L b V Day Temp,38.21113793,0.853277594
a H S V G B Day Temp,38.20561433,0.853298804
b R G B Temp,38.18296942,0.853385755
a b H V Day Temp,38.1776844,0.853406048
b B Temp,38.17188437,0.853428319
L b H Day Temp,38.1633162,0.853461219
a b H V R Day Temp,38.16176951,0.853467158
L a b S B Day Temp,38.16085119,0.853470684
L S V R G Day Temp,38.15222962,0.853503789
L S V B Day Temp,38.14379191,0.853536188
b H S R G B Day Temp,38.10673106,0.853678494
b H S V R G Day Temp,38.10437263,0.85368755
L a b H S R B Day Temp,38.09969611,0.853705506
L b H B Temp,38.04164616,0.853928406
L a b V Day Temp,38.03917905,0.853937879
L a H S V R B Day Temp,38.02831243,0.853979604
b G B Day Temp,38.02086456,0.854008202
a H Day Temp,38.01662393,0.854024485
L b S V R B Day Temp,38.01083758,0.854046704
L b H V G Temp,38.00774573,0.854058576
L b S V R G B Day Temp,38.00365995,0.854074264
L b H V R B Day Temp,38.00332918,0.854075534
a S G B Day Temp,37.98303344,0.854153466
a b Temp,37.98140853,0.854159705
a b H S V R G Day Temp,37.97760182,0.854174322
L b Temp,37.97296633,0.854192121
L a H V G B Temp,37.91218657,0.854425502
H B Day Temp,37.89647936,0.854485814
a b V R G B Day Temp,37.8939759,0.854495427
a b H S B Day Temp,37.87035478,0.854586127
L a H S V Day Temp,37.84870529,0.854669256
L b R Temp,37.84764227,0.854673338
L S B Day Temp,37.83722323,0.854713345
H S V B Temp,37.82443548,0.854762447
a H V R B Temp,37.81767781,0.854788395
L b S G B Day Temp,37.8119873,0.854810245
b H R G B Temp,37.79812356,0.854863479
L a H S R Day Temp,37.79062201,0.854892283
b S V R B Day Temp,37.78093755,0.85492947
L b H S B Day Temp,37.76988021,0.854971927
L a b V G B Day Temp,37.75820742,0.855016748
L a G B Temp,37.73833199,0.855093066
a H V B Temp,37.70099586,0.855236428
L H S V Day Temp,37.69167684,0.855272211
L b B Temp,37.6759743,0.855332505
L b S V R G Day Temp,37.63094885,0.855505393
L a S V R Day Temp,37.62589046,0.855524816
L b H R G B Temp,37.60659579,0.855598904
L a b H R G B Day Temp,37.59640444,0.855638036
b V R Temp,37.58026132,0.855700022
b S G B Day Temp,37.56563593,0.855756181
H S V R G Day Temp,37.50447844,0.855991012
a H B Day Temp,37.50137441,0.856002931
L a b H V R G B Day Temp,37.48924613,0.856049501
L b S V G Day Temp,37.48626175,0.85606096
a b H S V G B Day Temp,37.48014798,0.856084436
L b H G Temp,37.47841065,0.856091107
L H S V B Day Temp,37.46979834,0.856124176
L b H S R B Day Temp,37.4590748,0.856165352
L b H G B Temp,37.45810247,0.856169086
L H S R G B Day Temp,37.44811381,0.85620744
a G B Temp,37.4456815,0.856216779
L a b S R G Day Temp,37.43743926,0.856248428
L b H G Day Temp,37.41732674,0.856325655
a b H V R G B Day Temp,37.40145271,0.856386608
b B Day Temp,37.40141841,0.85638674
a b H V G B Day Temp,37.37766418,0.856477951
S V R Day Temp,37.36380023,0.856531186
L a V R G B Temp,37.27640571,0.856866761
b H S V R B Day Temp,37.27590734,0.856868675
L a H V R B Temp,37.24157334,0.85700051
b G B Temp,37.2272835,0.85705538
L b S V B Day Temp,37.21274132,0.857111219
b H V R G B Temp,37.1501791,0.857351444
a V G B Temp,37.14472237,0.857372397
a V R B Temp,37.13704971,0.857401858
a H S V R Day Temp,37.13506008,0.857409498
H S G B Day Temp,37.12380359,0.85745272
a b S R G Day Temp,37.11894379,0.857471381
L a b H V R B Day Temp,37.1143705,0.857488941
a H S R G B Day Temp,37.09705815,0.857555417
a H S V R G Day Temp,37.08172398,0.857614297
L b V R B Temp,37.08072841,0.857618119
a S V G Day Temp,37.07927481,0.857623701
a b H S R G Day Temp,37.06968919,0.857660508
b G Temp,37.05634667,0.85771174
b H S V G B Day Temp,37.05150445,0.857730333
a H S B Day Temp,37.04268562,0.857764195
H S V R Day Temp,37.03018244,0.857812205
L b H V G B Temp,37.01563368,0.857868069
a b H G Day Temp,37.00919001,0.857892811
L a b V R G B Day Temp,36.99435567,0.857949772
L b H S V G B Day Temp,36.99067303,0.857963912
L a H S V B Day Temp,36.96422534,0.858065466
L S G Day Temp,36.95603348,0.858096921
a b G Day Temp,36.9414338,0.85815298
L b S R B Day Temp,36.93919365,0.858161582
L H S R G Day Temp,36.9302586,0.85819589
a b S V B Day Temp,36.92179775,0.858228378
L H S V G B Temp,36.91973988,0.85823628
L a R G B Temp,36.90248664,0.858302529
L a b H S B Day Temp,36.88051081,0.858386911
L S V R G B Day Temp,36.83197954,0.858573261
S V G Day Temp,36.83064584,0.858578382
a b H S R B Day Temp,36.7368719,0.858938453
a S G Day Temp,36.72213101,0.858995055
L a V R B Temp,36.71120161,0.859037021
b S V G B Day Temp,36.69746988,0.859089748
L a H S R G B Day Temp,36.68586828,0.859134296
b H R B Temp,36.68116046,0.859152373
L H S G B Day Temp,36.68113605,0.859152467
L H S R B Day Temp,36.68076994,0.859153872
S V G B Day Temp,36.65015938,0.85927141
L a b H R B Day Temp,36.64083734,0.859307205
L a b V G Day Temp,36.63065656,0.859346297
S V B Day Temp,36.62505195,0.859367817
S R B Day Temp,36.59556271,0.859481049
b H G B Day Temp,36.58940721,0.859504685
a b S V R G Day Temp,36.54985241,0.859656567
L S V R B Day Temp,36.52462867,0.859753421
b H V R G Temp,36.50362118,0.859834085
L b H S R G Day Temp,36.49276063,0.859875787
b S V B Day Temp,36.47102274,0.859959256
a S V R Day Temp,36.44810056,0.860047272
L a H S R G Day Temp,36.41119267,0.86018899
L b H V R G B Temp,36.38917134,0.860273547
b S R B Day Temp,36.38259987,0.86029878
L b S B Day Temp,36.36505398,0.860366153
b H G Day Temp,36.33400969,0.860485356
H S V B Day Temp,36.31504744,0.860558167
a b H S V B Day Temp,36.29609622,0.860630935
L a S R Day Temp,36.28970791,0.860655465
L b H S V B Day Temp,36.28121548,0.860688074
L a b H R Day Temp,36.27532404,0.860710696
L a b H Day Temp,36.26412372,0.860753703
a V B Temp,36.25561551,0.860786372
b H S V R G B Temp,36.2529604,0.860796567
L a H S G B Temp,36.23639684,0.860860168
L a H S V R Day Temp,36.20766556,0.86097049
L a b H G B Day Temp,36.18532114,0.861056287
L H S B Day Temp,36.15407602,0.861176262
a S B Day Temp,36.13369747,0.861254511
L a B Temp,36.11818233,0.861314086
L a V G B Temp,36.09271164,0.861411888
S G B Day Temp,36.08766662,0.861431259
L H S V G Day Temp,36.08690636,0.861434179
a b H V R G Day Temp,36.07935578,0.861463171
S R B Temp,36.06409937,0.861521752
a S V R B Day Temp,36.05718028,0.86154832
S Temp,36.05006892,0.861575626
S V R B Temp,36.02921421,0.861655704
L a H S G Day Temp,36.02416894,0.861675076
L a b S R B Day Temp,36.015164,0.861709653
b H S V G Day Temp,36.0083004,0.861736008
L b S R G Day Temp,36.00592158,0.861745142
L a b S G Day Temp,35.99900989,0.861771682
L a S V R G B Day Temp,35.9632277,0.861909077
L b H V R G Temp,35.96212224,0.861913322
b H S R G Day Temp,35.94665967,0.861972695
L H S R Day Temp,35.94632144,0.861973994
b H V R B Temp,35.93694767,0.862009987
L H S R G B Temp,35.93457786,0.862019087
L b S G Day Temp,35.93123581,0.862031919
a V R G B Temp,35.93037837,0.862035212
b H B Temp,35.89180437,0.862183327
L b S R B Temp,35.87463346,0.86224926
L a H S V G B Day Temp,35.87195911,0.862259529
L b S V R Day Temp,35.86847347,0.862272913
L a b H S V Day Temp,35.86542971,0.8622846
a H G B Temp,35.77628075,0.862626913
a b S V G B Day Temp,35.76539027,0.86266873
L a H B Temp,35.76100416,0.862685572
b S V R Day Temp,35.75573849,0.862705791
a H S R B Day Temp,35.74627896,0.862742113
a R B Temp,35.7192899,0.862845745
L a S V G B Day Temp,35.70748289,0.862891082
a b S V R B Day Temp,35.70666413,0.862894225
L b H S R G B Temp,35.67968037,0.862997837
L b H S V G Day Temp,35.66603433,0.863050235
L b H S V R Day Temp,35.65229156,0.863103004
L a b H S R G B Day Temp,35.62581823,0.863204656
b H G B Temp,35.62289921,0.863215864
b H V G Temp,35.59139374,0.863336839
b G Day Temp,35.58989273,0.863342602
b H R Day Temp,35.58104634,0.86337657
b H B Day Temp,35.57775843,0.863389195
L a H V R G B Temp,35.5570051,0.863468883
H S V R B Temp,35.53982053,0.863534868
b H S R B Day Temp,35.52558313,0.863589537
a S V Day Temp,35.5249337,0.863592031
a b H Day Temp,35.48578933,0.863742336
a b V G B Temp,35.45541853,0.863858954
a R G B Temp,35.45371703,0.863865487
a H R G B Temp,35.43762005,0.863927296
L H S V B Temp,35.43373986,0.863942195
L a V B Temp,35.43145476,0.863950969
b R Day Temp,35.41353976,0.864019759
L b H V R B Temp,35.41138667,0.864028026
b S V G Temp,35.38371679,0.864134273
L a S V R G Day Temp,35.37252654,0.864177241
L S V G Temp,35.364281,0.864208902
L a b V R G Temp,35.35109863,0.864259519
L a b H B Temp,35.34382701,0.864287441
L a S V Day Temp,35.33470617,0.864322463
H S V G B Temp,35.33402377,0.864325083
a b S R Day Temp,35.32348462,0.864365551
b H S R G B Temp,35.31663975,0.864391834
L a b H S G Day Temp,35.30592207,0.864432987
a b S V G Day Temp,35.2714441,0.864565375
S R G Day Temp,35.23038292,0.864723041
L a b H S V R Day Temp,35.21062286,0.864798915
a H S V R G B Day Temp,35.18865178,0.864883279
a b H R G B Temp,35.18694652,0.864889827
b V Day Temp,35.18173643,0.864909833
L a b H S V R B Day Temp,35.16939242,0.864957231
S V Temp,35.16131822,0.864988234
L a b H B Day Temp,35.1524218,0.865022395
a b H V B Temp,35.14375902,0.865055658
H S R B Temp,35.14017569,0.865069417
L H S B Temp,35.13694905,0.865081807
b H V B Temp,35.13545707,0.865087535
L S B Temp,35.13409102,0.865092781
L a R B Temp,35.13062141,0.865106103
L a H R G B Temp,35.1276819,0.86511739
L a b H S R Day Temp,35.06789296,0.865346967
a b S V R Day Temp,35.03671058,0.8654667
L a b B Temp,34.97745946,0.865694212
S G B Temp,34.9502318,0.86579876
L a b H S V G B Day Temp,34.93978319,0.86583888
L b H V Temp,34.93887225,0.865842378
L a b V R G B Temp,34.92731759,0.865886746
H S R G Day Temp,34.92703543,0.865887829
S V G Temp,34.92630965,0.865890616
a b H S V Day Temp,34.92322953,0.865902443
L a b H S V R G Day Temp,34.91956102,0.865916529
a H S B Temp,34.91878054,0.865919526
L H S G Temp,34.89166105,0.866023659
L a b S V G Day Temp,34.85599222,0.866160619
L a b H V R G Temp,34.84516365,0.866202199
H S R B Day Temp,34.84440075,0.866205128
L H S V G Temp,34.84164381,0.866215714
L H S V R G Temp,34.84101601,0.866218125
L S V Temp,34.83047407,0.866258603
b S R G Temp,34.81417763,0.866321178
a b H S G B Temp,34.81024825,0.866336266
L b S R Temp,34.79508649,0.866394484
b S R G B Temp,34.7809144,0.866448902
a b H V G B Temp,34.74644738,0.866581248
H S V R G B Temp,34.72032391,0.866681556
H S R G B Temp,34.71561366,0.866699642
b H G Temp,34.69932397,0.866762191
L a H R B Temp,34.69224831,0.86678936
a H V R G B Temp,34.69224544,0.866789371
L H S V R G B Temp,34.68244528,0.866827002
a b V R G B Temp,34.66887758,0.866879099
L S V Day Temp,34.66389894,0.866898216
a b R G Temp,34.64051518,0.866988004
b H R G Temp,34.60663355,0.867118102
a b H R Day Temp,34.6028356,0.867132685
a b H V R B Temp,34.59691087,0.867155435
b Temp,34.52968819,0.867413555
a b V R Temp,34.50856954,0.867494646
a S R G B Day Temp,34.50164091,0.867521251
a b H S V R B Day Temp,34.48354596,0.867590731
a H S G Day Temp,34.47594391,0.867619922
b S V B Temp,34.4325352,0.867786602
b H S V G B Temp,34.42702978,0.867807741
a S V R G Day Temp,34.41330182,0.867860454
a b H V R G B Temp,34.40821573,0.867879983
a b B Temp,34.40080302,0.867908446
a b S G Day Temp,34.36899062,0.868030599
L a b S R Day Temp,34.36687972,0.868038704
a b H S V R Day Temp,34.34091835,0.86813839
L a b R B Temp,34.32709478,0.86819147
L a b H S R G B Temp,34.32034191,0.868217399
L a b H S Day Temp,34.31842673,0.868224753
S B Day Temp,34.31707476,0.868229944
L b H S V R G B Temp,34.30462362,0.868277754
H S V R Temp,34.29586872,0.868311371
L a S G B Temp,34.28894204,0.868337968
L a b H S G B Temp,34.2835696,0.868358597
L b Day Temp,34.2416865,0.868519419
L H S V R B Temp,34.23845208,0.868531838
a b S B Day Temp,34.22430312,0.868586167
L b H S G B Temp,34.21641065,0.868616473
L S R G B Temp,34.20837127,0.868647342
L a b H R G B Temp,34.19826454,0.86868615
L a H S R G B Temp,34.1860287,0.868733133
L a b S V R G B Day Temp,34.18512609,0.868736598
L S R Day Temp,34.18049773,0.86875437
L b S V Day Temp,34.17563621,0.868773038
L a b G B Temp,34.16826953,0.868801324
L a b S V R Day Temp,34.16664198,0.868807573
S G Temp,34.16525065,0.868812916
L a b S Day Temp,34.16437311,0.868816285
L S R B Temp,34.14725568,0.868882013
L S G B Temp,34.1393931,0.868912203
b S V G Day Temp,34.12892678,0.868952392
b H S B Day Temp,34.09454481,0.869084411
b H S R B Temp,34.09360867,0.869088005
b S R G Day Temp,34.0929443,0.869090556
b S B Day Temp,34.08216112,0.869131961
L H S R Temp,34.07573899,0.869156621
b H S V R Day Temp,34.06947473,0.869180674
b H S V B Day Temp,34.06370486,0.869202829
L a H S Day Temp,34.06313679,0.869205011
L S V R G Temp,34.06232884,0.869208113
S V B Temp,34.05488381,0.8692367
a b G B Temp,34.03721345,0.869304551
a b R Temp,34.03189408,0.869324976
L H S V R Temp,34.03071106,0.869329518
b H V Temp,34.0299535,0.869332427
L a H S V R B Temp,34.0283999,0.869338393
a S Temp,34.02662422,0.869345211
a b H G B Temp,34.01886804,0.869374993
a b S R B Day Temp,34.01122534,0.869404339
L a b H V G B Day Temp,33.9978047,0.869455872
a H S V Day Temp,33.99633553,0.869461513
a H S R B Temp,33.98023873,0.869523321
L a b R G Temp,33.97099162,0.869558828
L b H S V R G Temp,33.9534579,0.869626154
a S B Temp,33.94369052,0.869663658
H S G B Temp,33.94337651,0.869664864
a b V Temp,33.93407852,0.869700566
L a H S V G B Temp,33.92126746,0.869749758
H S V G Day Temp,33.91615428,0.869769391
L H S G Day Temp,33.90281378,0.869820616
S R G Temp,33.8830081,0.869896665
a b S V Day Temp,33.87872372,0.869913116
L a H S V R G B Temp,33.87481546,0.869928123
L a b V R B Temp,33.87128106,0.869941695
S B Temp,33.86427189,0.869968608
b S G Temp,33.85227819,0.870014662
L b H S V G B Temp,33.81545738,0.870156045
L b H S R B Temp,33.80205506,0.870207507
S R Temp,33.78461956,0.870274456
a b V B Temp,33.77926088,0.870295032
S G Day Temp,33.77059359,0.870328313
a H S V B Temp,33.75682178,0.870381193
L a b H V R B Temp,33.74416999,0.870429773
a H S R Day Temp,33.7417998,0.870438874
b H Temp,33.73826732,0.870452438
L a b R Temp,33.73780128,0.870454228
a H S G B Temp,33.72291286,0.870511396
a b H S V R G B Day Temp,33.71362387,0.870547064
b H S V B Temp,33.71073456,0.870558158
b H S G B Day Temp,33.64356072,0.870816091
a b V G Temp,33.6290146,0.870871945
a b H S R Day Temp,33.60761595,0.870954111
a b H R G Temp,33.6072856,0.870955379
L H S R B Temp,33.60124335,0.87097858
L b S R Day Temp,33.59751492,0.870992897
b S V R G B Day Temp,33.56752724,0.871108043
a b H S V G Day Temp,33.56085128,0.871133677
L a b S V R B Day Temp,33.53222054,0.871243613
a S R Day Temp,33.52199364,0.871282882
L a b R G B Temp,33.5213461,0.871285368
a b H R B Temp,33.51909221,0.871294023
a b V R B Temp,33.50959817,0.871330478
S V Day Temp,33.49916856,0.871370525
L a b V G Temp,33.4936261,0.871391807
L a b H S R G Day Temp,33.43539087,0.871615418
L b S B Temp,33.43274493,0.871625577
b H V R Temp,33.4184135,0.871680607
a b H B Temp,33.41660327,0.871687558
a b H S R B Temp,33.41164239,0.871706607
a H S V R G B Temp,33.40172893,0.871744672
L b S G Temp,33.39558819,0.871768251
b H S V R B Temp,33.39248575,0.871780164
L a S V B Temp,33.39182886,0.871782686
L a b S V G B Day Temp,33.37119273,0.871861924
b H R Temp,33.36255607,0.871895087
L a b Temp,33.36112078,0.871900598
a b S G B Day Temp,33.36102552,0.871900964
b S V Temp,33.35372737,0.871928988
a b H S R G B Day Temp,33.33102331,0.872016166
L a H S R B Day Temp,33.32867452,0.872025185
L H S R G Temp,33.31088505,0.872093493
S V G B Temp,33.27956777,0.872213744
L b H R Temp,33.27948348,0.872214068
L a H S B Temp,33.25036347,0.872325882
L S V B Temp,33.24758862,0.872336537
a b V R G Temp,33.22181735,0.872435493
b S G B Temp,33.22018865,0.872441747
b H S G B Temp,33.21512081,0.872461206
L b H Temp,33.20568898,0.872497423
b H S V G Temp,33.18347143,0.872582733
L a b H V R G B Temp,33.16207703,0.872664883
L a b H S V R Temp,33.13536857,0.872767438
L H S G B Temp,33.12260149,0.87281646
b H S V Day Temp,33.11104451,0.872860837
H S V G Temp,33.0967113,0.872915873
L b H S G Day Temp,33.08246072,0.872970592
L a b V G B Temp,33.02344327,0.873197206
L a b S V Day Temp,33.0206441,0.873207954
L a b H V G B Temp,33.0126117,0.873238797
a b H S G B Day Temp,33.01153196,0.873242943
L b H S V Day Temp,32.96895861,0.873406415
L a b V R Temp,32.93429891,0.873539501
L a b V B Temp,32.93227436,0.873547275
a b H Temp,32.92563917,0.873572753
L a S V G B Temp,32.90388255,0.873656293
a b R G B Temp,32.90057443,0.873668996
b H S B Temp,32.90035284,0.873669847
L a b V Temp,32.89836927,0.873677463
L a b H V B Temp,32.89697902,0.873682801
S R G B Temp,32.8665622,0.873799595
L a b H V G Temp,32.8665113,0.873799791
L a H S V B Temp,32.86074779,0.873821921
a b H S R G B Temp,32.85047934,0.87386135
a S V R G B Temp,32.84577554,0.873879411
b Day Temp,32.84390617,0.873886589
b S R Temp,32.83391905,0.873924938
L b H S V G Temp,32.79781885,0.874063555
L S G Temp,32.79050787,0.874091627
L a b H R G Temp,32.71766735,0.874371319
L b H S V R Temp,32.71604461,0.87437755
L a b H S R B Temp,32.71150675,0.874394974
H S B Temp,32.70505428,0.87441975
L a b H V Temp,32.70097332,0.87443542
a b R B Temp,32.66920796,0.874557392
a b H V R G Temp,32.65986468,0.874593268
a H S V R B Temp,32.65891141,0.874596929
L a b H S V G B Temp,32.65196614,0.874623597
L a S Day Temp,32.64151756,0.874663717
L a b G Temp,32.60109195,0.874818943
a b G Temp,32.59997402,0.874823235
L a b H G Temp,32.56935581,0.874940803
L S R G Temp,32.53955362,0.875055237
L a b H G B Temp,32.53101203,0.875088034
S V R Temp,32.4959661,0.875222603
L b H S R Temp,32.49210708,0.875237421
b H S V R G Temp,32.48178562,0.875277053
L b H S B Temp,32.45866583,0.875365828
L S R Temp,32.44815442,0.875406189
a S R B Temp,32.41171366,0.875546114
L S Temp,32.40865537,0.875557857
a b H V G Temp,32.40091846,0.875587565
L a H S V G Temp,32.39875015,0.875595891
a b H G Temp,32.39681643,0.875603316
L a b H S V Temp,32.37621159,0.875682434
L S V R Temp,32.35602068,0.875759963
L a S R G B Temp,32.35217794,0.875774718
L a H S V R Temp,32.33958453,0.875823074
H S B Day Temp,32.33076189,0.875856951
L a b H S V R G B Temp,32.25641651,0.876142421
L a b H R B Temp,32.25030738,0.876165879
a b H S G Day Temp,32.24369349,0.876191275
L b H S V R B Temp,32.23315216,0.876231751
L b S V R G B Temp,32.20194728,0.876351571
a b H S V B Temp,32.19450499,0.876380148
a S G B Temp,32.19245777,0.876388009
L a b H Temp,32.19036157,0.876396058
L S Day Temp,32.18438679,0.876418999
L b S G B Temp,32.17756427,0.876445196
a b H V R Temp,32.15959617,0.87651419
L S V R B Temp,32.15217819,0.876542673
L a b H S G Temp,32.13845398,0.876595371
L H S V Temp,32.09518614,0.87676151
L a b S G B Temp,32.08075388,0.876816927
H S V R G Temp,32.04442287,0.87695643
a S V Temp,32.03558328,0.876990372
a H S V G B Temp,32.02597046,0.877027283
L a b H V R Temp,32.01934395,0.877052728
b S B Temp,32.0070172,0.87710006
a S V B Temp,32.00541952,0.877106195
L b H S V Temp,31.94816201,0.877326051
L a S G Temp,31.94610003,0.877333968
a b H V Temp,31.93543294,0.877374928
a b H S V R G B Temp,31.92008215,0.877433871
a H S V R Temp,31.89842343,0.877517036
S V R G B Temp,31.89792883,0.877518935
a H S V G Temp,31.8600735,0.877664292
a S V R Temp,31.85367634,0.877688855
L a S B Temp,31.84376356,0.877726918
b S Temp,31.82936242,0.877782215
a b H S B Temp,31.81710475,0.877829282
a b S B Temp,31.79701308,0.87790643
L b S V G B Temp,31.79075566,0.877930457
a H S Temp,31.78947002,0.877935393
L a H S R B Temp,31.77154008,0.87800424
a S V G B Temp,31.74955735,0.878088649
L b H S V B Temp,31.74399857,0.878109994
L b S V R G Temp,31.71726238,0.878212655
L a b H S V B Temp,31.70935398,0.878243021
a H S V R G Temp,31.6902624,0.878316329
b H S R G Temp,31.66683424,0.878406288
a S V R B Temp,31.64862977,0.878476189
b S R B Temp,31.55867888,0.878821581
L S V R G B Temp,31.52371666,0.878955828
S V R G Temp,31.52012928,0.878969603
L b H S R G Temp,31.51160534,0.879002333
L a b S V R G B Temp,31.50845191,0.879014441
H S G Day Temp,31.50425413,0.87903056
H S R G Temp,31.48898386,0.879089194
L a H S V R G Temp,31.48453445,0.879106279
L H S Temp,31.47743464,0.879133541
b S V G B Temp,31.43789673,0.879285358
L a b S V B Temp,31.43008896,0.879315338
a S R G B Temp,31.42904925,0.87931933
b H S G Day Temp,31.42421004,0.879337912
L a S V R B Temp,31.42340676,0.879340996
L a b H R Temp,31.42190317,0.87934677
L b S V Temp,31.41710968,0.879365176
H S V Temp,31.41297764,0.879381042
a S R G Temp,31.38827332,0.879475901
L a b H S V R G Temp,31.33981647,0.879661965
L b S R G Temp,31.29782557,0.8798232
L b S V G Temp,31.26169296,0.879961942
L b S R G B Temp,31.24686009,0.880018897
a b S Day Temp,31.23791887,0.880053229
L a S V R G B Temp,31.20064544,0.880196351
a H S G Temp,31.1895661,0.880238893
L S V G B Temp,31.18875137,0.880242022
L b S Day Temp,31.17698891,0.880287187
a b H S V R G Temp,31.17102411,0.88031009
L a b H S V R B Temp,31.13270949,0.88045721
L b S V R B Temp,31.1228881,0.880494922
L a S R B Temp,31.08589705,0.88063696
a b H S R G Temp,31.07079085,0.880694964
b S V R G B Temp,31.06426732,0.880720013
b S V R B Temp,31.05694424,0.880748132
L a b S R G B Temp,31.0557539,0.880752703
a S G Temp,31.04404554,0.88079766
L b H S R Day Temp,31.04392466,0.880798124
a b S R G B Temp,31.03885302,0.880817598
L a b H S B Temp,30.99743344,0.88097664
L a b H S R G Temp,30.99724045,0.880977382
a b H S V R B Temp,30.98643729,0.881018863
b S V R G Temp,30.97303396,0.881070329
a S R Temp,30.96237554,0.881111255
a H S Day Temp,30.95893856,0.881124452
L a b S V R B Temp,30.95745696,0.881130141
L a b H S R Temp,30.94910767,0.881162201
b S R Day Temp,30.93559583,0.881214083
H S R Day Temp,30.93242476,0.88122626
b H S V R Temp,30.93038829,0.881234079
b S V Day Temp,30.89504105,0.881369805
L a b H S V G Temp,30.87875956,0.881432322
S R Day Temp,30.84041776,0.881579546
H S Temp,30.8305161,0.881617567
b S G Day Temp,30.79170887,0.881766578
H S G Temp,30.77818749,0.881818497
L a H S Temp,30.7670479,0.881861271
a b S V Temp,30.71741256,0.882051859
a b S G B Temp,30.71196385,0.882072781
a S V R G Temp,30.71126888,0.88207545
L a S V Temp,30.69992503,0.882119008
a b S G Temp,30.69591982,0.882134387
L a S Temp,30.69370323,0.882142898
a H S R G Temp,30.68750073,0.882166714
b S V R Temp,30.66222791,0.882263756
L a H S R G Temp,30.65226006,0.882302031
L a S V R Temp,30.6103018,0.882463141
a b S V R B Temp,30.60500278,0.882483488
L b H S G Temp,30.58637349,0.882555021
L a H S G Temp,30.56995605,0.88261806
a b H S V R Temp,30.56095627,0.882652617
b H S R Day Temp,30.56012502,0.882655809
L a S V G Temp,30.53749345,0.882742709
a S Day Temp,30.48661698,0.882938064
L a b S R B Temp,30.48551133,0.882942309
a b S V R G B Temp,30.4587714,0.883044985
a b S V R G Temp,30.45493393,0.88305972
L a S V R G Temp,30.44249868,0.883107469
H S Day Temp,30.42855438,0.883161012
a H S R G B Temp,30.4283521,0.883161788
a b S V G B Temp,30.42338948,0.883180844
L b H S Day Temp,30.39584718,0.8832866
L a H S R Temp,30.39265017,0.883298876
L a b S R G Temp,30.37857048,0.883352939
L a b S R Temp,30.37609999,0.883362425
L b S Temp,30.35134668,0.883457472
L a b S B Temp,30.34701913,0.883474089
L a b S V G B Temp,30.34451031,0.883483722
S Day Temp,30.33751932,0.883510566
a b H R Temp,30.32758938,0.883548695
a b H S Day Temp,30.28261336,0.883721393
a b H S V Temp,30.2718259,0.883762815
L H S Day Temp,30.2346062,0.88390573
a b H S V G B Temp,30.21124442,0.883995434
H S V Day Temp,30.2063052,0.8840144
L a S R Temp,30.17024512,0.884152863
a b S R B Temp,30.1129874,0.88437272
H S R Temp,30.09990812,0.884422941
a b S V G Temp,30.08479751,0.884480963
b H S V Temp,30.02260553,0.884719766
a b S R G Temp,29.9908487,0.884841706
b H S G Temp,29.95552554,0.884977339
L b S V B Temp,29.90910217,0.885155594
L b S V R Temp,29.87369644,0.885291545
L a S R G Temp,29.83475817,0.885441059
a b S V B Temp,29.82844676,0.885465293
a b H S G Temp,29.76351884,0.885714602
L a b S V G Temp,29.71710956,0.885892804
L a b S G Temp,29.71153722,0.885914201
L b H S Temp,29.67613088,0.886050153
a b S Temp,29.62808142,0.886234653
L a b S V Temp,29.58969901,0.886382033
L a b H S Temp,29.57164566,0.886451353
L a H S V Temp,29.54971092,0.886535578
a H S V Temp,29.51553525,0.886666805
a b S V R Temp,29.50002342,0.886726367
a H S R Temp,29.47942192,0.886805472
a S V G Temp,29.44444885,0.886939761
L a b S V R G Temp,29.39695295,0.887122135
a b H S R Temp,29.24155225,0.88771884
a b S R Temp,29.17627738,0.887969481
L a b S Temp,29.16391015,0.888016969
b S Day Temp,29.10932205,0.888226575
a b H S V G Temp,28.79514117,0.889432961
L a b S V R Temp,28.64902796,0.889994003
b H S R Temp,28.39930093,0.890952901
b H S Day Temp,27.76157891,0.893401614
a b H S Temp,27.42775907,0.894683409
b H S Temp,26.94283461,0.896545413
